// Auto-generated by tools/generate_low_battery_asset.py
// Do not edit directly.

#include <Arduino.h>
#include <pgmspace.h>
#include "low_battery.h"

namespace low_battery {

const size_t LOW_BATTERY_PORTRAIT_RLE_SIZE = 37830;
const uint8_t LOW_BATTERY_PORTRAIT_RLE_DATA[] PROGMEM = {
    0xFF, 0xFF, 0x11, 0x99, 0x89, 0x11, 0x28, 0x00, 0x00, 0x04, 0x01, 0x11, 0x28, 0x00, 0x00, 0x04,
    0x01, 0x11, 0x28, 0x00, 0x00, 0x04, 0x01, 0x11, 0x28, 0x00, 0x00, 0x04, 0x01, 0x11, 0x28, 0x00,
    0x00, 0x04, 0x01, 0x11, 0x28, 0x00, 0x00, 0x04, 0x01, 0x11, 0x28, 0x00, 0x00, 0x04, 0x01, 0x11,
    0x28, 0x00, 0x00, 0x04, 0x01, 0x11, 0x28, 0x00, 0x00, 0x04, 0x01, 0x11, 0x28, 0x00, 0x00, 0x04,
    0x01, 0x11, 0x28, 0x00, 0x00, 0x04, 0x01, 0x11, 0x28, 0x00, 0x00, 0x04, 0x01, 0x11, 0x28, 0x00,
    0x00, 0x04, 0x01, 0x11, 0x28, 0x00, 0x00, 0x04, 0x01, 0x11, 0x28, 0x00, 0x00, 0x04, 0x01, 0x11,
    0x28, 0x00, 0x00, 0x04, 0x01, 0x11, 0x28, 0x00, 0x00, 0x04, 0x01, 0x11, 0x28, 0x00, 0x00, 0x04,
    0x01, 0x11, 0x28, 0x00, 0x00, 0x04, 0x01, 0x11, 0x28, 0x00, 0x00, 0x04, 0x01, 0x11, 0x28, 0x00,
    0x00, 0x04, 0x01, 0x11, 0x28, 0x00, 0x00, 0x04, 0x01, 0x11, 0x28, 0x00, 0x00, 0x04, 0x01, 0x11,
    0x28, 0x00, 0x00, 0x04, 0x01, 0x11, 0x28, 0x00, 0x00, 0x04, 0x01, 0x11, 0x28, 0x00, 0x00, 0x04,
    0x01, 0x11, 0x28, 0x00, 0x00, 0x04, 0x01, 0x11, 0x28, 0x00, 0x00, 0x04, 0x01, 0x11, 0x28, 0x00,
    0x00, 0x04, 0x01, 0x11, 0x28, 0x00, 0x00, 0x04, 0x01, 0x11, 0x28, 0x00, 0x00, 0x04, 0x01, 0x11,
    0x28, 0x00, 0x00, 0x04, 0x01, 0x11, 0x28, 0x00, 0x00, 0x04, 0x01, 0x11, 0x28, 0x00, 0x00, 0x04,
    0x01, 0x11, 0x28, 0x00, 0x00, 0x04, 0x01, 0x11, 0x28, 0x00, 0x00, 0x04, 0x01, 0x11, 0x28, 0x00,
    0x00, 0x04, 0x01, 0x11, 0x28, 0x00, 0x00, 0x04, 0x01, 0x11, 0x28, 0x00, 0x00, 0x04, 0x01, 0x11,
    0x28, 0x00, 0x00, 0x04, 0x01, 0x11, 0x28, 0x00, 0x00, 0x04, 0x01, 0x11, 0x28, 0x00, 0x00, 0x04,
    0x01, 0x11, 0x28, 0x00, 0x00, 0x04, 0x01, 0x11, 0x28, 0x00, 0x00, 0x04, 0x01, 0x11, 0x28, 0x00,
    0x00, 0xBE, 0x00, 0x11, 0x6E, 0x00, 0x00, 0xBE, 0x00, 0x11, 0x6E, 0x00, 0x00, 0xBE, 0x00, 0x11,
    0x6E, 0x00, 0x00, 0xBE, 0x00, 0x11, 0x6E, 0x00, 0x00, 0xBE, 0x00, 0x11, 0x6E, 0x00, 0x00, 0xBE,
    0x00, 0x11, 0x6E, 0x00, 0x00, 0xBE, 0x00, 0x11, 0x6E, 0x00, 0x00, 0xBE, 0x00, 0x11, 0x6E, 0x00,
    0x00, 0xBE, 0x00, 0x11, 0x6E, 0x00, 0x00, 0xBE, 0x00, 0x11, 0x6E, 0x00, 0x00, 0xBE, 0x00, 0x11,
    0x6E, 0x00, 0x00, 0xBE, 0x00, 0x11, 0x6E, 0x00, 0x00, 0xBE, 0x00, 0x11, 0x6E, 0x00, 0x00, 0xBE,
    0x00, 0x11, 0x6E, 0x00, 0x00, 0xBE, 0x00, 0x11, 0x6E, 0x00, 0x00, 0xBE, 0x00, 0x11, 0x6E, 0x00,
    0x00, 0xBE, 0x00, 0x11, 0x6E, 0x00, 0x00, 0xBE, 0x00, 0x11, 0x6E, 0x00, 0x00, 0xBE, 0x00, 0x11,
    0x6E, 0x00, 0x00, 0xBE, 0x00, 0x11, 0x6E, 0x00, 0x00, 0xBE, 0x00, 0x11, 0x6E, 0x00, 0x00, 0xBE,
    0x00, 0x11, 0x6E, 0x00, 0x00, 0xBE, 0x00, 0x11, 0x6E, 0x00, 0x00, 0xBE, 0x00, 0x11, 0x6E, 0x00,
    0x00, 0xBE, 0x00, 0x11, 0x6E, 0x00, 0x00, 0xBE, 0x00, 0x11, 0x6E, 0x00, 0x00, 0xBE, 0x00, 0x11,
    0x6E, 0x00, 0x00, 0xBE, 0x00, 0x11, 0x6E, 0x00, 0x00, 0xBE, 0x00, 0x11, 0x0E, 0x00, 0x00, 0x1E,
    0x01, 0x11, 0x0E, 0x00, 0x00, 0x1E, 0x01, 0x11, 0x0E, 0x00, 0x00, 0x1E, 0x01, 0x11, 0x0E, 0x00,
    0x00, 0x1E, 0x01, 0x11, 0x0E, 0x00, 0x00, 0x1E, 0x01, 0x11, 0x0E, 0x00, 0x00, 0x1E, 0x01, 0x11,
    0x0E, 0x00, 0x00, 0x1E, 0x01, 0x11, 0x0E, 0x00, 0x00, 0x1E, 0x01, 0x11, 0x0E, 0x00, 0x00, 0x1E,
    0x01, 0x11, 0x0E, 0x00, 0x00, 0x1E, 0x01, 0x11, 0x0E, 0x00, 0x00, 0x1E, 0x01, 0x11, 0x0E, 0x00,
    0x00, 0x1E, 0x01, 0x11, 0x0E, 0x00, 0x00, 0x1E, 0x01, 0x11, 0x0E, 0x00, 0x00, 0x1E, 0x01, 0x11,
    0x0E, 0x00, 0x00, 0x1E, 0x01, 0x11, 0x0E, 0x00, 0x00, 0x1E, 0x01, 0x11, 0x0E, 0x00, 0x00, 0x1E,
    0x01, 0x11, 0x0E, 0x00, 0x00, 0x1E, 0x01, 0x11, 0x0E, 0x00, 0x00, 0x1E, 0x01, 0x11, 0x0E, 0x00,
    0x00, 0x1E, 0x01, 0x11, 0x0E, 0x00, 0x00, 0x1E, 0x01, 0x11, 0x0E, 0x00, 0x00, 0x1E, 0x01, 0x11,
    0x0E, 0x00, 0x00, 0x1E, 0x01, 0x11, 0x0E, 0x00, 0x00, 0x1E, 0x01, 0x11, 0x0E, 0x00, 0x00, 0x1E,
    0x01, 0x11, 0x0E, 0x00, 0x00, 0x1E, 0x01, 0x11, 0x0E, 0x00, 0x00, 0x1E, 0x01, 0x11, 0x0E, 0x00,
    0x00, 0x1E, 0x01, 0x11, 0x0E, 0x00, 0x00, 0x1E, 0x01, 0x11, 0x0E, 0x00, 0x00, 0x1E, 0x01, 0x11,
    0x0E, 0x00, 0x00, 0x1E, 0x01, 0x11, 0x0E, 0x00, 0x00, 0x1E, 0x01, 0x11, 0x0E, 0x00, 0x00, 0x1E,
    0x01, 0x11, 0x0E, 0x00, 0x00, 0x1E, 0x01, 0x11, 0x0E, 0x00, 0x00, 0x1E, 0x01, 0x11, 0x0E, 0x00,
    0x00, 0x1E, 0x01, 0x11, 0x0E, 0x00, 0x00, 0x1E, 0x01, 0x11, 0x0E, 0x00, 0x00, 0x1E, 0x01, 0x11,
    0x0E, 0x00, 0x00, 0x1E, 0x01, 0x11, 0x0E, 0x00, 0x00, 0x1E, 0x01, 0x11, 0x0E, 0x00, 0x00, 0x1E,
    0x01, 0x11, 0x0E, 0x00, 0x00, 0x1E, 0x01, 0x11, 0x0E, 0x00, 0x00, 0x1E, 0x01, 0x11, 0x0E, 0x00,
    0x00, 0x1E, 0x01, 0x11, 0x0E, 0x00, 0x00, 0x1E, 0x01, 0x11, 0x0E, 0x00, 0x00, 0x1E, 0x01, 0x11,
    0x0E, 0x00, 0x00, 0x1E, 0x01, 0x11, 0x0E, 0x00, 0x00, 0x1E, 0x01, 0x11, 0x0E, 0x00, 0x00, 0x1E,
    0x01, 0x11, 0x0E, 0x00, 0x00, 0x1E, 0x01, 0x11, 0x0E, 0x00, 0x00, 0x1E, 0x01, 0x11, 0x0E, 0x00,
    0x00, 0x1E, 0x01, 0x11, 0x0E, 0x00, 0x00, 0x1E, 0x01, 0x11, 0x0E, 0x00, 0x00, 0x1E, 0x01, 0x11,
    0x0E, 0x00, 0x00, 0x1E, 0x01, 0x11, 0x0E, 0x00, 0x00, 0x1E, 0x01, 0x11, 0x0E, 0x00, 0x00, 0x1E,
    0x01, 0x11, 0x0E, 0x00, 0x00, 0x1E, 0x01, 0x11, 0x0E, 0x00, 0x00, 0x1E, 0x01, 0x11, 0x0E, 0x00,
    0x00, 0x1E, 0x01, 0x11, 0x0E, 0x00, 0x00, 0x1E, 0x01, 0x11, 0x0E, 0x00, 0x00, 0x1E, 0x01, 0x11,
    0x0E, 0x00, 0x00, 0x1E, 0x01, 0x11, 0x0E, 0x00, 0x00, 0x1E, 0x01, 0x11, 0x0E, 0x00, 0x00, 0x1E,
    0x01, 0x11, 0x0E, 0x00, 0x00, 0x1E, 0x01, 0x11, 0x0E, 0x00, 0x00, 0x1E, 0x01, 0x11, 0x0E, 0x00,
    0x00, 0x1E, 0x01, 0x11, 0x0E, 0x00, 0x00, 0x1E, 0x01, 0x11, 0x0E, 0x00, 0x00, 0x1E, 0x01, 0x11,
    0x0E, 0x00, 0x00, 0x1E, 0x01, 0x11, 0x0E, 0x00, 0x00, 0x1E, 0x01, 0x11, 0x0E, 0x00, 0x00, 0x1E,
    0x01, 0x11, 0x0E, 0x00, 0x00, 0x1E, 0x01, 0x11, 0x0E, 0x00, 0x00, 0x1E, 0x01, 0x11, 0x0E, 0x00,
    0x00, 0x1E, 0x01, 0x11, 0x0E, 0x00, 0x00, 0x1E, 0x01, 0x11, 0x0E, 0x00, 0x00, 0x1E, 0x01, 0x11,
    0x0E, 0x00, 0x00, 0x1E, 0x01, 0x11, 0x0E, 0x00, 0x00, 0x1E, 0x01, 0x11, 0x0E, 0x00, 0x00, 0x1E,
    0x01, 0x11, 0x0E, 0x00, 0x00, 0x1E, 0x01, 0x11, 0x0E, 0x00, 0x00, 0x1E, 0x01, 0x11, 0x0E, 0x00,
    0x00, 0x1E, 0x01, 0x11, 0x0E, 0x00, 0x00, 0x1E, 0x01, 0x11, 0x0E, 0x00, 0x00, 0x1E, 0x01, 0x11,
    0x0E, 0x00, 0x00, 0x1E, 0x01, 0x11, 0x0E, 0x00, 0x00, 0x1E, 0x01, 0x11, 0x0E, 0x00, 0x00, 0x1E,
    0x01, 0x11, 0x0E, 0x00, 0x00, 0x1E, 0x01, 0x11, 0x0E, 0x00, 0x00, 0x1E, 0x01, 0x11, 0x0E, 0x00,
    0x00, 0x1E, 0x01, 0x11, 0x0E, 0x00, 0x00, 0x1E, 0x01, 0x11, 0x0E, 0x00, 0x00, 0x1E, 0x01, 0x11,
    0x0E, 0x00, 0x00, 0x1E, 0x01, 0x11, 0x0E, 0x00, 0x00, 0x1E, 0x01, 0x11, 0x0E, 0x00, 0x00, 0x1E,
    0x01, 0x11, 0x0E, 0x00, 0x00, 0x1E, 0x01, 0x11, 0x0E, 0x00, 0x00, 0x1E, 0x01, 0x11, 0x0E, 0x00,
    0x00, 0x1E, 0x01, 0x11, 0x0E, 0x00, 0x00, 0x1E, 0x01, 0x11, 0x0E, 0x00, 0x00, 0x1E, 0x01, 0x11,
    0x0E, 0x00, 0x00, 0x5C, 0x00, 0x11, 0x01, 0x00, 0x13, 0x03, 0x00, 0x33, 0xBE, 0x00, 0x11, 0x0E,
    0x00, 0x00, 0x5B, 0x00, 0x11, 0x05, 0x00, 0x33, 0xBE, 0x00, 0x11, 0x0E, 0x00, 0x00, 0x5A, 0x00,
    0x11, 0x06, 0x00, 0x33, 0xBE, 0x00, 0x11, 0x0E, 0x00, 0x00, 0x59, 0x00, 0x11, 0x01, 0x00, 0x13,
    0x06, 0x00, 0x33, 0xBE, 0x00, 0x11, 0x0E, 0x00, 0x00, 0x58, 0x00, 0x11, 0x01, 0x00, 0x13, 0x07,
    0x00, 0x33, 0xBE, 0x00, 0x11, 0x0E, 0x00, 0x00, 0x58, 0x00, 0x11, 0x08, 0x00, 0x33, 0xBE, 0x00,
    0x11, 0x0E, 0x00, 0x00, 0x58, 0x00, 0x11, 0x08, 0x00, 0x33, 0xBE, 0x00, 0x11, 0x0E, 0x00, 0x00,
    0x57, 0x00, 0x11, 0x01, 0x00, 0x13, 0x08, 0x00, 0x33, 0xBE, 0x00, 0x11, 0x0E, 0x00, 0x00, 0x57,
    0x00, 0x11, 0x09, 0x00, 0x33, 0xBE, 0x00, 0x11, 0x0E, 0x00, 0x00, 0x57, 0x00, 0x11, 0x09, 0x00,
    0x33, 0xBE, 0x00, 0x11, 0x0E, 0x00, 0x00, 0x56, 0x00, 0x11, 0x01, 0x00, 0x13, 0x09, 0x00, 0x33,
    0xBE, 0x00, 0x11, 0x0E, 0x00, 0x00, 0x56, 0x00, 0x11, 0x01, 0x00, 0x13, 0x09, 0x00, 0x33, 0xBE,
    0x00, 0x11, 0x0E, 0x00, 0x00, 0x56, 0x00, 0x11, 0x01, 0x00, 0x13, 0x09, 0x00, 0x33, 0xBE, 0x00,
    0x11, 0x0E, 0x00, 0x00, 0x56, 0x00, 0x11, 0x0A, 0x00, 0x33, 0xBE, 0x00, 0x11, 0x0E, 0x00, 0x00,
    0x56, 0x00, 0x11, 0x0A, 0x00, 0x33, 0xBE, 0x00, 0x11, 0x0E, 0x00, 0x00, 0x56, 0x00, 0x11, 0x0A,
    0x00, 0x33, 0xBE, 0x00, 0x11, 0x0E, 0x00, 0x00, 0x56, 0x00, 0x11, 0x0A, 0x00, 0x33, 0xBE, 0x00,
    0x11, 0x0E, 0x00, 0x00, 0x56, 0x00, 0x11, 0x0A, 0x00, 0x33, 0xBE, 0x00, 0x11, 0x0E, 0x00, 0x00,
    0x56, 0x00, 0x11, 0x0A, 0x00, 0x33, 0xBE, 0x00, 0x11, 0x0E, 0x00, 0x00, 0x56, 0x00, 0x11, 0x0A,
    0x00, 0x33, 0xBE, 0x00, 0x11, 0x0E, 0x00, 0x00, 0x56, 0x00, 0x11, 0x0A, 0x00, 0x33, 0xBE, 0x00,
    0x11, 0x0E, 0x00, 0x00, 0x56, 0x00, 0x11, 0x0A, 0x00, 0x33, 0xBE, 0x00, 0x11, 0x0E, 0x00, 0x00,
    0x56, 0x00, 0x11, 0x0A, 0x00, 0x33, 0xBE, 0x00, 0x11, 0x0E, 0x00, 0x00, 0x56, 0x00, 0x11, 0x0A,
    0x00, 0x33, 0xBE, 0x00, 0x11, 0x0E, 0x00, 0x00, 0x56, 0x00, 0x11, 0x0A, 0x00, 0x33, 0xBE, 0x00,
    0x11, 0x0E, 0x00, 0x00, 0x56, 0x00, 0x11, 0x0A, 0x00, 0x33, 0xBE, 0x00, 0x11, 0x0E, 0x00, 0x00,
    0x56, 0x00, 0x11, 0x0A, 0x00, 0x33, 0xBE, 0x00, 0x11, 0x0E, 0x00, 0x00, 0x56, 0x00, 0x11, 0x0A,
    0x00, 0x33, 0xBE, 0x00, 0x11, 0x0E, 0x00, 0x00, 0x56, 0x00, 0x11, 0x0A, 0x00, 0x33, 0xBE, 0x00,
    0x11, 0x0E, 0x00, 0x00, 0x56, 0x00, 0x11, 0x0A, 0x00, 0x33, 0xBE, 0x00, 0x11, 0x0E, 0x00, 0x00,
    0x56, 0x00, 0x11, 0x0A, 0x00, 0x33, 0xBE, 0x00, 0x11, 0x0E, 0x00, 0x00, 0x56, 0x00, 0x11, 0x0A,
    0x00, 0x33, 0xBE, 0x00, 0x11, 0x0E, 0x00, 0x00, 0x56, 0x00, 0x11, 0x0A, 0x00, 0x33, 0xBE, 0x00,
    0x11, 0x0E, 0x00, 0x00, 0x56, 0x00, 0x11, 0x0A, 0x00, 0x33, 0xBE, 0x00, 0x11, 0x0E, 0x00, 0x00,
    0x56, 0x00, 0x11, 0x0A, 0x00, 0x33, 0xBE, 0x00, 0x11, 0x0E, 0x00, 0x00, 0x56, 0x00, 0x11, 0x0A,
    0x00, 0x33, 0xBE, 0x00, 0x11, 0x0E, 0x00, 0x00, 0x56, 0x00, 0x11, 0x0A, 0x00, 0x33, 0xBE, 0x00,
    0x11, 0x0E, 0x00, 0x00, 0x56, 0x00, 0x11, 0x0A, 0x00, 0x33, 0xBE, 0x00, 0x11, 0x0E, 0x00, 0x00,
    0x56, 0x00, 0x11, 0x0A, 0x00, 0x33, 0xBE, 0x00, 0x11, 0x0E, 0x00, 0x00, 0x56, 0x00, 0x11, 0x0A,
    0x00, 0x33, 0xBE, 0x00, 0x11, 0x0E, 0x00, 0x00, 0x56, 0x00, 0x11, 0x0A, 0x00, 0x33, 0xBE, 0x00,
    0x11, 0x0E, 0x00, 0x00, 0x56, 0x00, 0x11, 0x0A, 0x00, 0x33, 0xBE, 0x00, 0x11, 0x0E, 0x00, 0x00,
    0x56, 0x00, 0x11, 0x0A, 0x00, 0x33, 0xBE, 0x00, 0x11, 0x0E, 0x00, 0x00, 0x56, 0x00, 0x11, 0x0A,
    0x00, 0x33, 0xBE, 0x00, 0x11, 0x0E, 0x00, 0x00, 0x56, 0x00, 0x11, 0x0A, 0x00, 0x33, 0xBE, 0x00,
    0x11, 0x0E, 0x00, 0x00, 0x56, 0x00, 0x11, 0x0A, 0x00, 0x33, 0xBE, 0x00, 0x11, 0x0E, 0x00, 0x00,
    0x56, 0x00, 0x11, 0x0A, 0x00, 0x33, 0xBE, 0x00, 0x11, 0x0E, 0x00, 0x00, 0x56, 0x00, 0x11, 0x0A,
    0x00, 0x33, 0xBE, 0x00, 0x11, 0x0E, 0x00, 0x00, 0x56, 0x00, 0x11, 0x0A, 0x00, 0x33, 0xBE, 0x00,
    0x11, 0x0E, 0x00, 0x00, 0x56, 0x00, 0x11, 0x0A, 0x00, 0x33, 0xBE, 0x00, 0x11, 0x0E, 0x00, 0x00,
    0x56, 0x00, 0x11, 0x0A, 0x00, 0x33, 0xBE, 0x00, 0x11, 0x0E, 0x00, 0x00, 0x56, 0x00, 0x11, 0x0A,
    0x00, 0x33, 0xBE, 0x00, 0x11, 0x0E, 0x00, 0x00, 0x56, 0x00, 0x11, 0x0A, 0x00, 0x33, 0xBE, 0x00,
    0x11, 0x0E, 0x00, 0x00, 0x56, 0x00, 0x11, 0x0A, 0x00, 0x33, 0xBE, 0x00, 0x11, 0x0E, 0x00, 0x00,
    0x56, 0x00, 0x11, 0x0A, 0x00, 0x33, 0xBE, 0x00, 0x11, 0x0E, 0x00, 0x00, 0x56, 0x00, 0x11, 0x0A,
    0x00, 0x33, 0xBE, 0x00, 0x11, 0x0E, 0x00, 0x00, 0x56, 0x00, 0x11, 0x0A, 0x00, 0x33, 0xBE, 0x00,
    0x11, 0x0E, 0x00, 0x00, 0x56, 0x00, 0x11, 0x0A, 0x00, 0x33, 0xBE, 0x00, 0x11, 0x0E, 0x00, 0x00,
    0x56, 0x00, 0x11, 0x0A, 0x00, 0x33, 0xBE, 0x00, 0x11, 0x0E, 0x00, 0x00, 0x56, 0x00, 0x11, 0x0A,
    0x00, 0x33, 0xBE, 0x00, 0x11, 0x0E, 0x00, 0x00, 0x56, 0x00, 0x11, 0x0A, 0x00, 0x33, 0xBE, 0x00,
    0x11, 0x0E, 0x00, 0x00, 0x56, 0x00, 0x11, 0x0A, 0x00, 0x33, 0xBE, 0x00, 0x11, 0x0E, 0x00, 0x00,
    0x56, 0x00, 0x11, 0x0A, 0x00, 0x33, 0xBE, 0x00, 0x11, 0x0E, 0x00, 0x00, 0x56, 0x00, 0x11, 0x0A,
    0x00, 0x33, 0xBE, 0x00, 0x11, 0x0E, 0x00, 0x00, 0x56, 0x00, 0x11, 0x0A, 0x00, 0x33, 0xBE, 0x00,
    0x11, 0x0E, 0x00, 0x00, 0x56, 0x00, 0x11, 0x0A, 0x00, 0x33, 0xBE, 0x00, 0x11, 0x0E, 0x00, 0x00,
    0x56, 0x00, 0x11, 0x0A, 0x00, 0x33, 0xBE, 0x00, 0x11, 0x0E, 0x00, 0x00, 0x56, 0x00, 0x11, 0x0A,
    0x00, 0x33, 0xBE, 0x00, 0x11, 0x0E, 0x00, 0x00, 0x56, 0x00, 0x11, 0x0A, 0x00, 0x33, 0xBE, 0x00,
    0x11, 0x0E, 0x00, 0x00, 0x56, 0x00, 0x11, 0x0A, 0x00, 0x33, 0xBE, 0x00, 0x11, 0x0E, 0x00, 0x00,
    0x56, 0x00, 0x11, 0x0A, 0x00, 0x33, 0xBE, 0x00, 0x11, 0x0E, 0x00, 0x00, 0x56, 0x00, 0x11, 0x0A,
    0x00, 0x33, 0xBE, 0x00, 0x11, 0x0E, 0x00, 0x00, 0x56, 0x00, 0x11, 0x0A, 0x00, 0x33, 0xBE, 0x00,
    0x11, 0x0E, 0x00, 0x00, 0x56, 0x00, 0x11, 0x0A, 0x00, 0x33, 0xBE, 0x00, 0x11, 0x0E, 0x00, 0x00,
    0x56, 0x00, 0x11, 0x0A, 0x00, 0x33, 0xBE, 0x00, 0x11, 0x0E, 0x00, 0x00, 0x56, 0x00, 0x11, 0x0A,
    0x00, 0x33, 0xBE, 0x00, 0x11, 0x0E, 0x00, 0x00, 0x56, 0x00, 0x11, 0x0A, 0x00, 0x33, 0xBE, 0x00,
    0x11, 0x0E, 0x00, 0x00, 0x56, 0x00, 0x11, 0x0A, 0x00, 0x33, 0xBE, 0x00, 0x11, 0x0E, 0x00, 0x00,
    0x56, 0x00, 0x11, 0x0A, 0x00, 0x33, 0xBE, 0x00, 0x11, 0x0E, 0x00, 0x00, 0x56, 0x00, 0x11, 0x0A,
    0x00, 0x33, 0xBE, 0x00, 0x11, 0x0E, 0x00, 0x00, 0x56, 0x00, 0x11, 0x0A, 0x00, 0x33, 0xBE, 0x00,
    0x11, 0x0E, 0x00, 0x00, 0x56, 0x00, 0x11, 0x0A, 0x00, 0x33, 0xBE, 0x00, 0x11, 0x0E, 0x00, 0x00,
    0x56, 0x00, 0x11, 0x0A, 0x00, 0x33, 0xBE, 0x00, 0x11, 0x0E, 0x00, 0x00, 0x56, 0x00, 0x11, 0x0A,
    0x00, 0x33, 0xBE, 0x00, 0x11, 0x0E, 0x00, 0x00, 0x56, 0x00, 0x11, 0x0A, 0x00, 0x33, 0xBE, 0x00,
    0x11, 0x0E, 0x00, 0x00, 0x56, 0x00, 0x11, 0x0A, 0x00, 0x33, 0xBE, 0x00, 0x11, 0x0E, 0x00, 0x00,
    0x56, 0x00, 0x11, 0x0A, 0x00, 0x33, 0xBE, 0x00, 0x11, 0x0E, 0x00, 0x00, 0x56, 0x00, 0x11, 0x0A,
    0x00, 0x33, 0xBE, 0x00, 0x11, 0x0E, 0x00, 0x00, 0x56, 0x00, 0x11, 0x0A, 0x00, 0x33, 0xBE, 0x00,
    0x11, 0x0E, 0x00, 0x00, 0x56, 0x00, 0x11, 0x0A, 0x00, 0x33, 0xBE, 0x00, 0x11, 0x0E, 0x00, 0x00,
    0x56, 0x00, 0x11, 0x0A, 0x00, 0x33, 0xBE, 0x00, 0x11, 0x0E, 0x00, 0x00, 0x56, 0x00, 0x11, 0x0A,
    0x00, 0x33, 0xBE, 0x00, 0x11, 0x0E, 0x00, 0x00, 0x56, 0x00, 0x11, 0x0A, 0x00, 0x33, 0xBE, 0x00,
    0x11, 0x0E, 0x00, 0x00, 0x56, 0x00, 0x11, 0x0A, 0x00, 0x33, 0xBE, 0x00, 0x11, 0x0E, 0x00, 0x00,
    0x56, 0x00, 0x11, 0x0A, 0x00, 0x33, 0xBE, 0x00, 0x11, 0x0E, 0x00, 0x00, 0x56, 0x00, 0x11, 0x0A,
    0x00, 0x33, 0xBE, 0x00, 0x11, 0x0E, 0x00, 0x00, 0x56, 0x00, 0x11, 0x0A, 0x00, 0x33, 0xBE, 0x00,
    0x11, 0x0E, 0x00, 0x00, 0x56, 0x00, 0x11, 0x0A, 0x00, 0x33, 0xBE, 0x00, 0x11, 0x0E, 0x00, 0x00,
    0x56, 0x00, 0x11, 0x0A, 0x00, 0x33, 0xBE, 0x00, 0x11, 0x0E, 0x00, 0x00, 0x56, 0x00, 0x11, 0x0A,
    0x00, 0x33, 0xBE, 0x00, 0x11, 0x0E, 0x00, 0x00, 0x56, 0x00, 0x11, 0x0A, 0x00, 0x33, 0xBE, 0x00,
    0x11, 0x0E, 0x00, 0x00, 0x56, 0x00, 0x11, 0x0A, 0x00, 0x33, 0xBE, 0x00, 0x11, 0x0E, 0x00, 0x00,
    0x56, 0x00, 0x11, 0x0A, 0x00, 0x33, 0xBE, 0x00, 0x11, 0x0E, 0x00, 0x00, 0x56, 0x00, 0x11, 0x0A,
    0x00, 0x33, 0xBE, 0x00, 0x11, 0x0E, 0x00, 0x00, 0x56, 0x00, 0x11, 0x0A, 0x00, 0x33, 0xBE, 0x00,
    0x11, 0x0E, 0x00, 0x00, 0x56, 0x00, 0x11, 0x0A, 0x00, 0x33, 0xBE, 0x00, 0x11, 0x0E, 0x00, 0x00,
    0x56, 0x00, 0x11, 0x0A, 0x00, 0x33, 0xBE, 0x00, 0x11, 0x0E, 0x00, 0x00, 0x56, 0x00, 0x11, 0x0A,
    0x00, 0x33, 0xBE, 0x00, 0x11, 0x0E, 0x00, 0x00, 0x56, 0x00, 0x11, 0x0A, 0x00, 0x33, 0xBE, 0x00,
    0x11, 0x0E, 0x00, 0x00, 0x56, 0x00, 0x11, 0x0A, 0x00, 0x33, 0xBE, 0x00, 0x11, 0x0E, 0x00, 0x00,
    0x56, 0x00, 0x11, 0x0A, 0x00, 0x33, 0xBE, 0x00, 0x11, 0x0E, 0x00, 0x00, 0x56, 0x00, 0x11, 0x0A,
    0x00, 0x33, 0xBE, 0x00, 0x11, 0x0E, 0x00, 0x00, 0x56, 0x00, 0x11, 0x0A, 0x00, 0x33, 0xBE, 0x00,
    0x11, 0x0E, 0x00, 0x00, 0x56, 0x00, 0x11, 0x0A, 0x00, 0x33, 0xBE, 0x00, 0x11, 0x0E, 0x00, 0x00,
    0x56, 0x00, 0x11, 0x0A, 0x00, 0x33, 0xBE, 0x00, 0x11, 0x0E, 0x00, 0x00, 0x56, 0x00, 0x11, 0x0A,
    0x00, 0x33, 0xBE, 0x00, 0x11, 0x0E, 0x00, 0x00, 0x56, 0x00, 0x11, 0x0A, 0x00, 0x33, 0xBE, 0x00,
    0x11, 0x0E, 0x00, 0x00, 0x56, 0x00, 0x11, 0x0A, 0x00, 0x33, 0xBE, 0x00, 0x11, 0x0E, 0x00, 0x00,
    0x56, 0x00, 0x11, 0x0A, 0x00, 0x33, 0xBE, 0x00, 0x11, 0x0E, 0x00, 0x00, 0x56, 0x00, 0x11, 0x0A,
    0x00, 0x33, 0xBE, 0x00, 0x11, 0x0E, 0x00, 0x00, 0x56, 0x00, 0x11, 0x0A, 0x00, 0x33, 0xBE, 0x00,
    0x11, 0x0E, 0x00, 0x00, 0x56, 0x00, 0x11, 0x0A, 0x00, 0x33, 0xBE, 0x00, 0x11, 0x0E, 0x00, 0x00,
    0x56, 0x00, 0x11, 0x0A, 0x00, 0x33, 0xBE, 0x00, 0x11, 0x0E, 0x00, 0x00, 0x56, 0x00, 0x11, 0x0A,
    0x00, 0x33, 0xBE, 0x00, 0x11, 0x0E, 0x00, 0x00, 0x56, 0x00, 0x11, 0x0A, 0x00, 0x33, 0xBE, 0x00,
    0x11, 0x0E, 0x00, 0x00, 0x56, 0x00, 0x11, 0x0A, 0x00, 0x33, 0xBE, 0x00, 0x11, 0x0E, 0x00, 0x00,
    0x56, 0x00, 0x11, 0x0A, 0x00, 0x33, 0xBE, 0x00, 0x11, 0x0E, 0x00, 0x00, 0x56, 0x00, 0x11, 0x0A,
    0x00, 0x33, 0xBE, 0x00, 0x11, 0x0E, 0x00, 0x00, 0x56, 0x00, 0x11, 0x0A, 0x00, 0x33, 0xBE, 0x00,
    0x11, 0x0E, 0x00, 0x00, 0x56, 0x00, 0x11, 0x0A, 0x00, 0x33, 0xBE, 0x00, 0x11, 0x0E, 0x00, 0x00,
    0x56, 0x00, 0x11, 0x0A, 0x00, 0x33, 0xBE, 0x00, 0x11, 0x0E, 0x00, 0x00, 0x56, 0x00, 0x11, 0x0A,
    0x00, 0x33, 0xBE, 0x00, 0x11, 0x0E, 0x00, 0x00, 0x56, 0x00, 0x11, 0x0A, 0x00, 0x33, 0xBE, 0x00,
    0x11, 0x0E, 0x00, 0x00, 0x56, 0x00, 0x11, 0x0A, 0x00, 0x33, 0xBE, 0x00, 0x11, 0x0E, 0x00, 0x00,
    0x56, 0x00, 0x11, 0x0A, 0x00, 0x33, 0xBE, 0x00, 0x11, 0x0E, 0x00, 0x00, 0x56, 0x00, 0x11, 0x0A,
    0x00, 0x33, 0xBE, 0x00, 0x11, 0x0E, 0x00, 0x00, 0x56, 0x00, 0x11, 0x0A, 0x00, 0x33, 0xBE, 0x00,
    0x11, 0x0E, 0x00, 0x00, 0x56, 0x00, 0x11, 0x0A, 0x00, 0x33, 0xBE, 0x00, 0x11, 0x0E, 0x00, 0x00,
    0x56, 0x00, 0x11, 0x0A, 0x00, 0x33, 0xBE, 0x00, 0x11, 0x0E, 0x00, 0x00, 0x56, 0x00, 0x11, 0x0A,
    0x00, 0x33, 0xBE, 0x00, 0x11, 0x0E, 0x00, 0x00, 0x56, 0x00, 0x11, 0x0A, 0x00, 0x33, 0xBE, 0x00,
    0x11, 0x0E, 0x00, 0x00, 0x56, 0x00, 0x11, 0x0A, 0x00, 0x33, 0xBE, 0x00, 0x11, 0x0E, 0x00, 0x00,
    0x56, 0x00, 0x11, 0x0A, 0x00, 0x33, 0xBE, 0x00, 0x11, 0x0E, 0x00, 0x00, 0x56, 0x00, 0x11, 0x0A,
    0x00, 0x33, 0xBE, 0x00, 0x11, 0x0E, 0x00, 0x00, 0x56, 0x00, 0x11, 0x0A, 0x00, 0x33, 0xBE, 0x00,
    0x11, 0x0E, 0x00, 0x00, 0x56, 0x00, 0x11, 0x0A, 0x00, 0x33, 0xBE, 0x00, 0x11, 0x0E, 0x00, 0x00,
    0x56, 0x00, 0x11, 0x0A, 0x00, 0x33, 0xBE, 0x00, 0x11, 0x0E, 0x00, 0x00, 0x56, 0x00, 0x11, 0x0A,
    0x00, 0x33, 0xBE, 0x00, 0x11, 0x0E, 0x00, 0x00, 0x56, 0x00, 0x11, 0x0A, 0x00, 0x33, 0xBE, 0x00,
    0x11, 0x0E, 0x00, 0x00, 0x56, 0x00, 0x11, 0x0A, 0x00, 0x33, 0xBE, 0x00, 0x11, 0x0E, 0x00, 0x00,
    0x56, 0x00, 0x11, 0x0A, 0x00, 0x33, 0xBE, 0x00, 0x11, 0x0E, 0x00, 0x00, 0x56, 0x00, 0x11, 0x0A,
    0x00, 0x33, 0xBE, 0x00, 0x11, 0x0E, 0x00, 0x00, 0x56, 0x00, 0x11, 0x0A, 0x00, 0x33, 0xBE, 0x00,
    0x11, 0x0E, 0x00, 0x00, 0x56, 0x00, 0x11, 0x0A, 0x00, 0x33, 0xBE, 0x00, 0x11, 0x0E, 0x00, 0x00,
    0x56, 0x00, 0x11, 0x0A, 0x00, 0x33, 0xBE, 0x00, 0x11, 0x0E, 0x00, 0x00, 0x56, 0x00, 0x11, 0x0A,
    0x00, 0x33, 0xBE, 0x00, 0x11, 0x0E, 0x00, 0x00, 0x56, 0x00, 0x11, 0x0A, 0x00, 0x33, 0xBE, 0x00,
    0x11, 0x0E, 0x00, 0x00, 0x56, 0x00, 0x11, 0x0A, 0x00, 0x33, 0xBE, 0x00, 0x11, 0x0E, 0x00, 0x00,
    0x56, 0x00, 0x11, 0x0A, 0x00, 0x33, 0xBE, 0x00, 0x11, 0x0E, 0x00, 0x00, 0x56, 0x00, 0x11, 0x0A,
    0x00, 0x33, 0xBE, 0x00, 0x11, 0x0E, 0x00, 0x00, 0x56, 0x00, 0x11, 0x0A, 0x00, 0x33, 0xBE, 0x00,
    0x11, 0x0E, 0x00, 0x00, 0x56, 0x00, 0x11, 0x0A, 0x00, 0x33, 0xBE, 0x00, 0x11, 0x0E, 0x00, 0x00,
    0x56, 0x00, 0x11, 0x0A, 0x00, 0x33, 0xBE, 0x00, 0x11, 0x0E, 0x00, 0x00, 0x56, 0x00, 0x11, 0x0A,
    0x00, 0x33, 0xBE, 0x00, 0x11, 0x0E, 0x00, 0x00, 0x56, 0x00, 0x11, 0x0A, 0x00, 0x33, 0xBE, 0x00,
    0x11, 0x0E, 0x00, 0x00, 0x56, 0x00, 0x11, 0x0A, 0x00, 0x33, 0xBE, 0x00, 0x11, 0x0E, 0x00, 0x00,
    0x56, 0x00, 0x11, 0x0A, 0x00, 0x33, 0xBE, 0x00, 0x11, 0x0E, 0x00, 0x00, 0x56, 0x00, 0x11, 0x0A,
    0x00, 0x33, 0xBE, 0x00, 0x11, 0x0E, 0x00, 0x00, 0x56, 0x00, 0x11, 0x0A, 0x00, 0x33, 0xBE, 0x00,
    0x11, 0x0E, 0x00, 0x00, 0x56, 0x00, 0x11, 0x0A, 0x00, 0x33, 0xBE, 0x00, 0x11, 0x0E, 0x00, 0x00,
    0x56, 0x00, 0x11, 0x0A, 0x00, 0x33, 0xBE, 0x00, 0x11, 0x0E, 0x00, 0x00, 0x56, 0x00, 0x11, 0x0A,
    0x00, 0x33, 0xBE, 0x00, 0x11, 0x0E, 0x00, 0x00, 0x56, 0x00, 0x11, 0x0A, 0x00, 0x33, 0xBE, 0x00,
    0x11, 0x0E, 0x00, 0x00, 0x56, 0x00, 0x11, 0x0A, 0x00, 0x33, 0xBE, 0x00, 0x11, 0x0E, 0x00, 0x00,
    0x56, 0x00, 0x11, 0x0A, 0x00, 0x33, 0xBE, 0x00, 0x11, 0x0E, 0x00, 0x00, 0x56, 0x00, 0x11, 0x0A,
    0x00, 0x33, 0xBE, 0x00, 0x11, 0x0E, 0x00, 0x00, 0x56, 0x00, 0x11, 0x0A, 0x00, 0x33, 0xBE, 0x00,
    0x11, 0x0E, 0x00, 0x00, 0x56, 0x00, 0x11, 0x0A, 0x00, 0x33, 0xBE, 0x00, 0x11, 0x0E, 0x00, 0x00,
    0x56, 0x00, 0x11, 0x0A, 0x00, 0x33, 0xBE, 0x00, 0x11, 0x0E, 0x00, 0x00, 0x56, 0x00, 0x11, 0x0A,
    0x00, 0x33, 0xBE, 0x00, 0x11, 0x0E, 0x00, 0x00, 0x56, 0x00, 0x11, 0x0A, 0x00, 0x33, 0xBE, 0x00,
    0x11, 0x0E, 0x00, 0x00, 0x56, 0x00, 0x11, 0x0A, 0x00, 0x33, 0xBE, 0x00, 0x11, 0x0E, 0x00, 0x00,
    0x56, 0x00, 0x11, 0x0A, 0x00, 0x33, 0xBE, 0x00, 0x11, 0x0E, 0x00, 0x00, 0x56, 0x00, 0x11, 0x0A,
    0x00, 0x33, 0xBE, 0x00, 0x11, 0x0E, 0x00, 0x00, 0x56, 0x00, 0x11, 0x0A, 0x00, 0x33, 0xBE, 0x00,
    0x11, 0x0E, 0x00, 0x00, 0x56, 0x00, 0x11, 0x0A, 0x00, 0x33, 0xBE, 0x00, 0x11, 0x0E, 0x00, 0x00,
    0x56, 0x00, 0x11, 0x0A, 0x00, 0x33, 0xBE, 0x00, 0x11, 0x0E, 0x00, 0x00, 0x56, 0x00, 0x11, 0x0A,
    0x00, 0x33, 0xBE, 0x00, 0x11, 0x0E, 0x00, 0x00, 0x56, 0x00, 0x11, 0x0A, 0x00, 0x33, 0xBE, 0x00,
    0x11, 0x0E, 0x00, 0x00, 0x56, 0x00, 0x11, 0x0A, 0x00, 0x33, 0xBE, 0x00, 0x11, 0x0E, 0x00, 0x00,
    0x56, 0x00, 0x11, 0x0A, 0x00, 0x33, 0xBE, 0x00, 0x11, 0x0E, 0x00, 0x00, 0x56, 0x00, 0x11, 0x0A,
    0x00, 0x33, 0xBE, 0x00, 0x11, 0x0E, 0x00, 0x00, 0x56, 0x00, 0x11, 0x0A, 0x00, 0x33, 0xBE, 0x00,
    0x11, 0x0E, 0x00, 0x00, 0x56, 0x00, 0x11, 0x0A, 0x00, 0x33, 0xBE, 0x00, 0x11, 0x0E, 0x00, 0x00,
    0x56, 0x00, 0x11, 0x0A, 0x00, 0x33, 0xBE, 0x00, 0x11, 0x0E, 0x00, 0x00, 0x56, 0x00, 0x11, 0x0A,
    0x00, 0x33, 0xBE, 0x00, 0x11, 0x0E, 0x00, 0x00, 0x56, 0x00, 0x11, 0x0A, 0x00, 0x33, 0xBE, 0x00,
    0x11, 0x0E, 0x00, 0x00, 0x56, 0x00, 0x11, 0x0A, 0x00, 0x33, 0xBE, 0x00, 0x11, 0x0E, 0x00, 0x00,
    0x56, 0x00, 0x11, 0x0A, 0x00, 0x33, 0xBE, 0x00, 0x11, 0x0E, 0x00, 0x00, 0x56, 0x00, 0x11, 0x0A,
    0x00, 0x33, 0xBE, 0x00, 0x11, 0x0E, 0x00, 0x00, 0x56, 0x00, 0x11, 0x0A, 0x00, 0x33, 0xBE, 0x00,
    0x11, 0x0E, 0x00, 0x00, 0x56, 0x00, 0x11, 0x0A, 0x00, 0x33, 0xBE, 0x00, 0x11, 0x0E, 0x00, 0x00,
    0x56, 0x00, 0x11, 0x0A, 0x00, 0x33, 0xBE, 0x00, 0x11, 0x0E, 0x00, 0x00, 0x56, 0x00, 0x11, 0x0A,
    0x00, 0x33, 0xBE, 0x00, 0x11, 0x0E, 0x00, 0x00, 0x56, 0x00, 0x11, 0x0A, 0x00, 0x33, 0xBE, 0x00,
    0x11, 0x0E, 0x00, 0x00, 0x56, 0x00, 0x11, 0x0A, 0x00, 0x33, 0xBE, 0x00, 0x11, 0x0E, 0x00, 0x00,
    0x56, 0x00, 0x11, 0x0A, 0x00, 0x33, 0xBE, 0x00, 0x11, 0x0E, 0x00, 0x00, 0x56, 0x00, 0x11, 0x0A,
    0x00, 0x33, 0xBE, 0x00, 0x11, 0x0E, 0x00, 0x00, 0x56, 0x00, 0x11, 0x0A, 0x00, 0x33, 0xBE, 0x00,
    0x11, 0x0E, 0x00, 0x00, 0x56, 0x00, 0x11, 0x0A, 0x00, 0x33, 0xBE, 0x00, 0x11, 0x0E, 0x00, 0x00,
    0x56, 0x00, 0x11, 0x0A, 0x00, 0x33, 0xBE, 0x00, 0x11, 0x0E, 0x00, 0x00, 0x56, 0x00, 0x11, 0x0A,
    0x00, 0x33, 0xBE, 0x00, 0x11, 0x0E, 0x00, 0x00, 0x56, 0x00, 0x11, 0x0A, 0x00, 0x33, 0xBE, 0x00,
    0x11, 0x0E, 0x00, 0x00, 0x56, 0x00, 0x11, 0x0A, 0x00, 0x33, 0xBE, 0x00, 0x11, 0x0E, 0x00, 0x00,
    0x56, 0x00, 0x11, 0x0A, 0x00, 0x33, 0xBE, 0x00, 0x11, 0x0E, 0x00, 0x00, 0x56, 0x00, 0x11, 0x0A,
    0x00, 0x33, 0xBE, 0x00, 0x11, 0x0E, 0x00, 0x00, 0x56, 0x00, 0x11, 0x0A, 0x00, 0x33, 0xBE, 0x00,
    0x11, 0x0E, 0x00, 0x00, 0x56, 0x00, 0x11, 0x0A, 0x00, 0x33, 0xBE, 0x00, 0x11, 0x0E, 0x00, 0x00,
    0x56, 0x00, 0x11, 0x01, 0x00, 0x13, 0x09, 0x00, 0x33, 0xBE, 0x00, 0x11, 0x0E, 0x00, 0x00, 0x56,
    0x00, 0x11, 0x01, 0x00, 0x13, 0x09, 0x00, 0x33, 0xBE, 0x00, 0x11, 0x0E, 0x00, 0x00, 0x56, 0x00,
    0x11, 0x01, 0x00, 0x13, 0x09, 0x00, 0x33, 0xBE, 0x00, 0x11, 0x0E, 0x00, 0x00, 0x57, 0x00, 0x11,
    0x09, 0x00, 0x33, 0xBE, 0x00, 0x11, 0x0E, 0x00, 0x00, 0x57, 0x00, 0x11, 0x09, 0x00, 0x33, 0xBE,
    0x00, 0x11, 0x0E, 0x00, 0x00, 0x57, 0x00, 0x11, 0x01, 0x00, 0x13, 0x08, 0x00, 0x33, 0xBE, 0x00,
    0x11, 0x0E, 0x00, 0x00, 0x58, 0x00, 0x11, 0x08, 0x00, 0x33, 0xBE, 0x00, 0x11, 0x0E, 0x00, 0x00,
    0x58, 0x00, 0x11, 0x08, 0x00, 0x33, 0xBE, 0x00, 0x11, 0x0E, 0x00, 0x00, 0x58, 0x00, 0x11, 0x01,
    0x00, 0x13, 0x07, 0x00, 0x33, 0xBE, 0x00, 0x11, 0x0E, 0x00, 0x00, 0x59, 0x00, 0x11, 0x01, 0x00,
    0x13, 0x06, 0x00, 0x33, 0xBE, 0x00, 0x11, 0x0E, 0x00, 0x00, 0x5A, 0x00, 0x11, 0x06, 0x00, 0x33,
    0xBE, 0x00, 0x11, 0x0E, 0x00, 0x00, 0x5B, 0x00, 0x11, 0x05, 0x00, 0x33, 0xBE, 0x00, 0x11, 0x0E,
    0x00, 0x00, 0x5C, 0x00, 0x11, 0x01, 0x00, 0x13, 0x03, 0x00, 0x33, 0xBE, 0x00, 0x11, 0x0E, 0x00,
    0x00, 0x1E, 0x01, 0x11, 0x0E, 0x00, 0x00, 0x1E, 0x01, 0x11, 0x0E, 0x00, 0x00, 0x1E, 0x01, 0x11,
    0x0E, 0x00, 0x00, 0x1E, 0x01, 0x11, 0x0E, 0x00, 0x00, 0x1E, 0x01, 0x11, 0x0E, 0x00, 0x00, 0x1E,
    0x01, 0x11, 0x0E, 0x00, 0x00, 0x1E, 0x01, 0x11, 0x0E, 0x00, 0x00, 0x1E, 0x01, 0x11, 0x0E, 0x00,
    0x00, 0x1E, 0x01, 0x11, 0x0E, 0x00, 0x00, 0x1E, 0x01, 0x11, 0x0E, 0x00, 0x00, 0x1E, 0x01, 0x11,
    0x0E, 0x00, 0x00, 0x1E, 0x01, 0x11, 0x0E, 0x00, 0x00, 0x1E, 0x01, 0x11, 0x0E, 0x00, 0x00, 0x1E,
    0x01, 0x11, 0x0E, 0x00, 0x00, 0x1E, 0x01, 0x11, 0x0E, 0x00, 0x00, 0x1E, 0x01, 0x11, 0x0E, 0x00,
    0x00, 0x1E, 0x01, 0x11, 0x0E, 0x00, 0x00, 0x1E, 0x01, 0x11, 0x0E, 0x00, 0x00, 0x1E, 0x01, 0x11,
    0x0E, 0x00, 0x00, 0x1E, 0x01, 0x11, 0x0E, 0x00, 0x00, 0x1E, 0x01, 0x11, 0x0E, 0x00, 0x00, 0x1E,
    0x01, 0x11, 0x0E, 0x00, 0x00, 0x1E, 0x01, 0x11, 0x0E, 0x00, 0x00, 0x1E, 0x01, 0x11, 0x0E, 0x00,
    0x00, 0x1E, 0x01, 0x11, 0x0E, 0x00, 0x00, 0x1E, 0x01, 0x11, 0x0E, 0x00, 0x00, 0x1E, 0x01, 0x11,
    0x0E, 0x00, 0x00, 0x1E, 0x01, 0x11, 0x0E, 0x00, 0x00, 0x1E, 0x01, 0x11, 0x0E, 0x00, 0x00, 0x1E,
    0x01, 0x11, 0x0E, 0x00, 0x00, 0x1E, 0x01, 0x11, 0x0E, 0x00, 0x00, 0x1E, 0x01, 0x11, 0x0E, 0x00,
    0x00, 0x1E, 0x01, 0x11, 0x0E, 0x00, 0x00, 0x1E, 0x01, 0x11, 0x0E, 0x00, 0x00, 0x1E, 0x01, 0x11,
    0x0E, 0x00, 0x00, 0x1E, 0x01, 0x11, 0x0E, 0x00, 0x00, 0x1E, 0x01, 0x11, 0x0E, 0x00, 0x00, 0x1E,
    0x01, 0x11, 0x0E, 0x00, 0x00, 0x1E, 0x01, 0x11, 0x0E, 0x00, 0x00, 0x5E, 0x00, 0x11, 0x02, 0x00,
    0x33, 0xBE, 0x00, 0x11, 0x0E, 0x00, 0x00, 0x5C, 0x00, 0x11, 0x01, 0x00, 0x13, 0x03, 0x00, 0x33,
    0xBE, 0x00, 0x11, 0x0E, 0x00, 0x00, 0x5B, 0x00, 0x11, 0x05, 0x00, 0x33, 0xBE, 0x00, 0x11, 0x0E,
    0x00, 0x00, 0x5A, 0x00, 0x11, 0x01, 0x00, 0x13, 0x05, 0x00, 0x33, 0xBE, 0x00, 0x11, 0x0E, 0x00,
    0x00, 0x59, 0x00, 0x11, 0x01, 0x00, 0x13, 0x06, 0x00, 0x33, 0xBE, 0x00, 0x11, 0x0E, 0x00, 0x00,
    0x59, 0x00, 0x11, 0x07, 0x00, 0x33, 0xBE, 0x00, 0x11, 0x0E, 0x00, 0x00, 0x58, 0x00, 0x11, 0x01,
    0x00, 0x13, 0x07, 0x00, 0x33, 0xBE, 0x00, 0x11, 0x0E, 0x00, 0x00, 0x58, 0x00, 0x11, 0x08, 0x00,
    0x33, 0xBE, 0x00, 0x11, 0x0E, 0x00, 0x00, 0x57, 0x00, 0x11, 0x01, 0x00, 0x13, 0x08, 0x00, 0x33,
    0xBE, 0x00, 0x11, 0x0E, 0x00, 0x00, 0x57, 0x00, 0x11, 0x09, 0x00, 0x33, 0xBE, 0x00, 0x11, 0x0E,
    0x00, 0x00, 0x57, 0x00, 0x11, 0x09, 0x00, 0x33, 0xBE, 0x00, 0x11, 0x0E, 0x00, 0x00, 0x56, 0x00,
    0x11, 0x01, 0x00, 0x13, 0x09, 0x00, 0x33, 0xBE, 0x00, 0x11, 0x0E, 0x00, 0x00, 0x56, 0x00, 0x11,
    0x0A, 0x00, 0x33, 0xBE, 0x00, 0x11, 0x0E, 0x00, 0x00, 0x56, 0x00, 0x11, 0x0A, 0x00, 0x33, 0xBE,
    0x00, 0x11, 0x0E, 0x00, 0x00, 0x56, 0x00, 0x11, 0x0A, 0x00, 0x33, 0xBE, 0x00, 0x11, 0x0E, 0x00,
    0x00, 0x55, 0x00, 0x11, 0x01, 0x00, 0x13, 0x0A, 0x00, 0x33, 0xBE, 0x00, 0x11, 0x0E, 0x00, 0x00,
    0x55, 0x00, 0x11, 0x01, 0x00, 0x13, 0x0A, 0x00, 0x33, 0xBE, 0x00, 0x11, 0x0E, 0x00, 0x00, 0x55,
    0x00, 0x11, 0x01, 0x00, 0x13, 0x0A, 0x00, 0x33, 0xBE, 0x00, 0x11, 0x0E, 0x00, 0x00, 0x55, 0x00,
    0x11, 0x0B, 0x00, 0x33, 0xBE, 0x00, 0x11, 0x0E, 0x00, 0x00, 0x55, 0x00, 0x11, 0x0B, 0x00, 0x33,
    0xBE, 0x00, 0x11, 0x0E, 0x00, 0x00, 0x55, 0x00, 0x11, 0x0B, 0x00, 0x33, 0xBE, 0x00, 0x11, 0x0E,
    0x00, 0x00, 0x55, 0x00, 0x11, 0x0B, 0x00, 0x33, 0xBE, 0x00, 0x11, 0x0E, 0x00, 0x00, 0x55, 0x00,
    0x11, 0x0B, 0x00, 0x33, 0xBE, 0x00, 0x11, 0x0E, 0x00, 0x00, 0x55, 0x00, 0x11, 0x0B, 0x00, 0x33,
    0xBE, 0x00, 0x11, 0x0E, 0x00, 0x00, 0x55, 0x00, 0x11, 0x0B, 0x00, 0x33, 0xBE, 0x00, 0x11, 0x0E,
    0x00, 0x00, 0x55, 0x00, 0x11, 0x0B, 0x00, 0x33, 0xBE, 0x00, 0x11, 0x0E, 0x00, 0x00, 0x55, 0x00,
    0x11, 0x0B, 0x00, 0x33, 0xBE, 0x00, 0x11, 0x0E, 0x00, 0x00, 0x55, 0x00, 0x11, 0x01, 0x00, 0x13,
    0x0A, 0x00, 0x33, 0xBE, 0x00, 0x11, 0x0E, 0x00, 0x00, 0x55, 0x00, 0x11, 0x01, 0x00, 0x13, 0x0A,
    0x00, 0x33, 0xBE, 0x00, 0x11, 0x0E, 0x00, 0x00, 0x55, 0x00, 0x11, 0x01, 0x00, 0x13, 0x0A, 0x00,
    0x33, 0xBE, 0x00, 0x11, 0x0E, 0x00, 0x00, 0x56, 0x00, 0x11, 0x0A, 0x00, 0x33, 0xBE, 0x00, 0x11,
    0x0E, 0x00, 0x00, 0x56, 0x00, 0x11, 0x0A, 0x00, 0x33, 0xBE, 0x00, 0x11, 0x0E, 0x00, 0x00, 0x56,
    0x00, 0x11, 0x0A, 0x00, 0x33, 0xBE, 0x00, 0x11, 0x0E, 0x00, 0x00, 0x56, 0x00, 0x11, 0x01, 0x00,
    0x13, 0x09, 0x00, 0x33, 0xBE, 0x00, 0x11, 0x0E, 0x00, 0x00, 0x57, 0x00, 0x11, 0x09, 0x00, 0x33,
    0xBE, 0x00, 0x11, 0x0E, 0x00, 0x00, 0x57, 0x00, 0x11, 0x09, 0x00, 0x33, 0xBE, 0x00, 0x11, 0x0E,
    0x00, 0x00, 0x57, 0x00, 0x11, 0x01, 0x00, 0x13, 0x08, 0x00, 0x33, 0xBE, 0x00, 0x11, 0x0E, 0x00,
    0x00, 0x58, 0x00, 0x11, 0x08, 0x00, 0x33, 0xBE, 0x00, 0x11, 0x0E, 0x00, 0x00, 0x58, 0x00, 0x11,
    0x01, 0x00, 0x13, 0x07, 0x00, 0x33, 0xBE, 0x00, 0x11, 0x0E, 0x00, 0x00, 0x59, 0x00, 0x11, 0x07,
    0x00, 0x33, 0xBE, 0x00, 0x11, 0x0E, 0x00, 0x00, 0x59, 0x00, 0x11, 0x01, 0x00, 0x13, 0x06, 0x00,
    0x33, 0xBE, 0x00, 0x11, 0x0E, 0x00, 0x00, 0x5A, 0x00, 0x11, 0x01, 0x00, 0x13, 0x05, 0x00, 0x33,
    0xBE, 0x00, 0x11, 0x0E, 0x00, 0x00, 0x5B, 0x00, 0x11, 0x05, 0x00, 0x33, 0xBE, 0x00, 0x11, 0x0E,
    0x00, 0x00, 0x5C, 0x00, 0x11, 0x01, 0x00, 0x13, 0x03, 0x00, 0x33, 0xBE, 0x00, 0x11, 0x0E, 0x00,
    0x00, 0x5E, 0x00, 0x11, 0x02, 0x00, 0x33, 0xBE, 0x00, 0x11, 0x0E, 0x00, 0x00, 0x1E, 0x01, 0x11,
    0x0E, 0x00, 0x00, 0x1E, 0x01, 0x11, 0x0E, 0x00, 0x00, 0x1E, 0x01, 0x11, 0x0E, 0x00, 0x00, 0x1E,
    0x01, 0x11, 0x0E, 0x00, 0x00, 0x1E, 0x01, 0x11, 0x0E, 0x00, 0x00, 0x1E, 0x01, 0x11, 0x0E, 0x00,
    0x00, 0x1E, 0x01, 0x11, 0x0E, 0x00, 0x00, 0x1E, 0x01, 0x11, 0x0E, 0x00, 0x00, 0x1E, 0x01, 0x11,
    0x0E, 0x00, 0x00, 0x1E, 0x01, 0x11, 0x0E, 0x00, 0x00, 0x1E, 0x01, 0x11, 0x0E, 0x00, 0x00, 0x1E,
    0x01, 0x11, 0x0E, 0x00, 0x00, 0x1E, 0x01, 0x11, 0x0E, 0x00, 0x00, 0x1E, 0x01, 0x11, 0x0E, 0x00,
    0x00, 0x1E, 0x01, 0x11, 0x0E, 0x00, 0x00, 0x1E, 0x01, 0x11, 0x0E, 0x00, 0x00, 0x1E, 0x01, 0x11,
    0x0E, 0x00, 0x00, 0x1E, 0x01, 0x11, 0x0E, 0x00, 0x00, 0x1E, 0x01, 0x11, 0x0E, 0x00, 0x00, 0x1E,
    0x01, 0x11, 0x0E, 0x00, 0x00, 0x1E, 0x01, 0x11, 0x0E, 0x00, 0x00, 0x1E, 0x01, 0x11, 0x0E, 0x00,
    0x00, 0x1E, 0x01, 0x11, 0x0E, 0x00, 0x00, 0x1E, 0x01, 0x11, 0x0E, 0x00, 0x00, 0x1E, 0x01, 0x11,
    0x0E, 0x00, 0x00, 0x1E, 0x01, 0x11, 0x0E, 0x00, 0x00, 0x1E, 0x01, 0x11, 0x0E, 0x00, 0x00, 0x1E,
    0x01, 0x11, 0x0E, 0x00, 0x00, 0x1E, 0x01, 0x11, 0x0E, 0x00, 0x00, 0x1E, 0x01, 0x11, 0x0E, 0x00,
    0x00, 0x1E, 0x01, 0x11, 0x0E, 0x00, 0x00, 0x1E, 0x01, 0x11, 0x0E, 0x00, 0x00, 0x1E, 0x01, 0x11,
    0x0E, 0x00, 0x00, 0x1E, 0x01, 0x11, 0x0E, 0x00, 0x00, 0x1E, 0x01, 0x11, 0x0E, 0x00, 0x00, 0x1E,
    0x01, 0x11, 0x0E, 0x00, 0x00, 0x1E, 0x01, 0x11, 0x0E, 0x00, 0x00, 0x1E, 0x01, 0x11, 0x0E, 0x00,
    0x00, 0x1E, 0x01, 0x11, 0x0E, 0x00, 0x00, 0x1E, 0x01, 0x11, 0x0E, 0x00, 0x00, 0x1E, 0x01, 0x11,
    0x0E, 0x00, 0x00, 0x1E, 0x01, 0x11, 0x0E, 0x00, 0x00, 0x1E, 0x01, 0x11, 0x0E, 0x00, 0x00, 0x1E,
    0x01, 0x11, 0x0E, 0x00, 0x00, 0x1E, 0x01, 0x11, 0x0E, 0x00, 0x00, 0x1E, 0x01, 0x11, 0x0E, 0x00,
    0x00, 0x1E, 0x01, 0x11, 0x0E, 0x00, 0x00, 0x1E, 0x01, 0x11, 0x0E, 0x00, 0x00, 0x1E, 0x01, 0x11,
    0x0E, 0x00, 0x00, 0x1E, 0x01, 0x11, 0x0E, 0x00, 0x00, 0x1E, 0x01, 0x11, 0x0E, 0x00, 0x00, 0x1E,
    0x01, 0x11, 0x0E, 0x00, 0x00, 0x1E, 0x01, 0x11, 0x0E, 0x00, 0x00, 0x1E, 0x01, 0x11, 0x0E, 0x00,
    0x00, 0x1E, 0x01, 0x11, 0x0E, 0x00, 0x00, 0x1E, 0x01, 0x11, 0x0E, 0x00, 0x00, 0x1E, 0x01, 0x11,
    0x0E, 0x00, 0x00, 0x1E, 0x01, 0x11, 0x0E, 0x00, 0x00, 0x1E, 0x01, 0x11, 0x0E, 0x00, 0x00, 0x1E,
    0x01, 0x11, 0x0E, 0x00, 0x00, 0x1E, 0x01, 0x11, 0x0E, 0x00, 0x00, 0x1E, 0x01, 0x11, 0x0E, 0x00,
    0x00, 0x1E, 0x01, 0x11, 0x0E, 0x00, 0x00, 0x1E, 0x01, 0x11, 0x0E, 0x00, 0x00, 0x1E, 0x01, 0x11,
    0x0E, 0x00, 0x00, 0x1E, 0x01, 0x11, 0x0E, 0x00, 0x00, 0x1E, 0x01, 0x11, 0x0E, 0x00, 0x00, 0x1E,
    0x01, 0x11, 0x0E, 0x00, 0x00, 0x1E, 0x01, 0x11, 0x0E, 0x00, 0x00, 0x1E, 0x01, 0x11, 0x0E, 0x00,
    0x00, 0x1E, 0x01, 0x11, 0x0E, 0x00, 0x00, 0x1E, 0x01, 0x11, 0x0E, 0x00, 0x00, 0x1E, 0x01, 0x11,
    0x0E, 0x00, 0x00, 0x1E, 0x01, 0x11, 0x0E, 0x00, 0x00, 0x1E, 0x01, 0x11, 0x0E, 0x00, 0x00, 0x1E,
    0x01, 0x11, 0x0E, 0x00, 0x00, 0x1E, 0x01, 0x11, 0x0E, 0x00, 0x00, 0x1E, 0x01, 0x11, 0x0E, 0x00,
    0x00, 0x1E, 0x01, 0x11, 0x0E, 0x00, 0x00, 0x1E, 0x01, 0x11, 0x0E, 0x00, 0x00, 0x1E, 0x01, 0x11,
    0x0E, 0x00, 0x00, 0x1E, 0x01, 0x11, 0x0E, 0x00, 0x00, 0x1E, 0x01, 0x11, 0x0E, 0x00, 0x00, 0x1E,
    0x01, 0x11, 0x0E, 0x00, 0x00, 0x1E, 0x01, 0x11, 0x0E, 0x00, 0x00, 0x1E, 0x01, 0x11, 0x0E, 0x00,
    0x00, 0x1E, 0x01, 0x11, 0x0E, 0x00, 0x00, 0x06, 0x00, 0x11, 0x5A, 0x00, 0x33, 0xBE, 0x00, 0x11,
    0x0E, 0x00, 0x00, 0x06, 0x00, 0x11, 0x5A, 0x00, 0x33, 0xBE, 0x00, 0x11, 0x0E, 0x00, 0x00, 0x06,
    0x00, 0x11, 0x5A, 0x00, 0x33, 0xBE, 0x00, 0x11, 0x0E, 0x00, 0x00, 0x06, 0x00, 0x11, 0x5A, 0x00,
    0x33, 0xBE, 0x00, 0x11, 0x0E, 0x00, 0x00, 0x06, 0x00, 0x11, 0x5A, 0x00, 0x33, 0xBE, 0x00, 0x11,
    0x0E, 0x00, 0x00, 0x06, 0x00, 0x11, 0x5A, 0x00, 0x33, 0xBE, 0x00, 0x11, 0x0E, 0x00, 0x00, 0x06,
    0x00, 0x11, 0x5A, 0x00, 0x33, 0xBE, 0x00, 0x11, 0x0E, 0x00, 0x00, 0x06, 0x00, 0x11, 0x5A, 0x00,
    0x33, 0xBE, 0x00, 0x11, 0x0E, 0x00, 0x00, 0x06, 0x00, 0x11, 0x5A, 0x00, 0x33, 0xBE, 0x00, 0x11,
    0x0E, 0x00, 0x00, 0x06, 0x00, 0x11, 0x5A, 0x00, 0x33, 0xBE, 0x00, 0x11, 0x0E, 0x00, 0x00, 0x06,
    0x00, 0x11, 0x5A, 0x00, 0x33, 0xBE, 0x00, 0x11, 0x0E, 0x00, 0x00, 0x06, 0x00, 0x11, 0x5A, 0x00,
    0x33, 0xBE, 0x00, 0x11, 0x0E, 0x00, 0x00, 0x06, 0x00, 0x11, 0x5A, 0x00, 0x33, 0xBE, 0x00, 0x11,
    0x0E, 0x00, 0x00, 0x06, 0x00, 0x11, 0x5A, 0x00, 0x33, 0xBE, 0x00, 0x11, 0x0E, 0x00, 0x00, 0x06,
    0x00, 0x11, 0x5A, 0x00, 0x33, 0xBE, 0x00, 0x11, 0x0E, 0x00, 0x00, 0x06, 0x00, 0x11, 0x5A, 0x00,
    0x33, 0xBE, 0x00, 0x11, 0x0E, 0x00, 0x00, 0x06, 0x00, 0x11, 0x5A, 0x00, 0x33, 0xBE, 0x00, 0x11,
    0x0E, 0x00, 0x00, 0x06, 0x00, 0x11, 0x5A, 0x00, 0x33, 0xBE, 0x00, 0x11, 0x0E, 0x00, 0x00, 0x06,
    0x00, 0x11, 0x5A, 0x00, 0x33, 0xBE, 0x00, 0x11, 0x0E, 0x00, 0x00, 0x06, 0x00, 0x11, 0x5A, 0x00,
    0x33, 0xBE, 0x00, 0x11, 0x0E, 0x00, 0x00, 0x06, 0x00, 0x11, 0x5A, 0x00, 0x33, 0xBE, 0x00, 0x11,
    0x0E, 0x00, 0x00, 0x06, 0x00, 0x11, 0x5A, 0x00, 0x33, 0xBE, 0x00, 0x11, 0x0E, 0x00, 0x00, 0x06,
    0x00, 0x11, 0x5A, 0x00, 0x33, 0xBE, 0x00, 0x11, 0x0E, 0x00, 0x00, 0x06, 0x00, 0x11, 0x5A, 0x00,
    0x33, 0xBE, 0x00, 0x11, 0x0E, 0x00, 0x00, 0x06, 0x00, 0x11, 0x5A, 0x00, 0x33, 0xBE, 0x00, 0x11,
    0x0E, 0x00, 0x00, 0x06, 0x00, 0x11, 0x5A, 0x00, 0x33, 0xBE, 0x00, 0x11, 0x0E, 0x00, 0x00, 0x06,
    0x00, 0x11, 0x5A, 0x00, 0x33, 0xBE, 0x00, 0x11, 0x0E, 0x00, 0x00, 0x06, 0x00, 0x11, 0x5A, 0x00,
    0x33, 0xBE, 0x00, 0x11, 0x0E, 0x00, 0x00, 0x06, 0x00, 0x11, 0x5A, 0x00, 0x33, 0xBE, 0x00, 0x11,
    0x0E, 0x00, 0x00, 0x06, 0x00, 0x11, 0x5A, 0x00, 0x33, 0xBE, 0x00, 0x11, 0x0E, 0x00, 0x00, 0x06,
    0x00, 0x11, 0x5A, 0x00, 0x33, 0xBE, 0x00, 0x11, 0x0E, 0x00, 0x00, 0x06, 0x00, 0x11, 0x5A, 0x00,
    0x33, 0xBE, 0x00, 0x11, 0x0E, 0x00, 0x00, 0x06, 0x00, 0x11, 0x5A, 0x00, 0x33, 0xBE, 0x00, 0x11,
    0x0E, 0x00, 0x00, 0x06, 0x00, 0x11, 0x5A, 0x00, 0x33, 0xBE, 0x00, 0x11, 0x0E, 0x00, 0x00, 0x06,
    0x00, 0x11, 0x5A, 0x00, 0x33, 0xBE, 0x00, 0x11, 0x0E, 0x00, 0x00, 0x06, 0x00, 0x11, 0x5A, 0x00,
    0x33, 0xBE, 0x00, 0x11, 0x0E, 0x00, 0x00, 0x06, 0x00, 0x11, 0x5A, 0x00, 0x33, 0xBE, 0x00, 0x11,
    0x0E, 0x00, 0x00, 0x06, 0x00, 0x11, 0x5A, 0x00, 0x33, 0xBE, 0x00, 0x11, 0x0E, 0x00, 0x00, 0x06,
    0x00, 0x11, 0x5A, 0x00, 0x33, 0xBE, 0x00, 0x11, 0x0E, 0x00, 0x00, 0x06, 0x00, 0x11, 0x5A, 0x00,
    0x33, 0xBE, 0x00, 0x11, 0x0E, 0x00, 0x00, 0x06, 0x00, 0x11, 0x5A, 0x00, 0x33, 0xBE, 0x00, 0x11,
    0x0E, 0x00, 0x00, 0x06, 0x00, 0x11, 0x5A, 0x00, 0x33, 0xBE, 0x00, 0x11, 0x0E, 0x00, 0x00, 0x06,
    0x00, 0x11, 0x5A, 0x00, 0x33, 0xBE, 0x00, 0x11, 0x0E, 0x00, 0x00, 0x06, 0x00, 0x11, 0x5A, 0x00,
    0x33, 0xBE, 0x00, 0x11, 0x0E, 0x00, 0x00, 0x06, 0x00, 0x11, 0x5A, 0x00, 0x33, 0xBE, 0x00, 0x11,
    0x0E, 0x00, 0x00, 0x06, 0x00, 0x11, 0x5A, 0x00, 0x33, 0xBE, 0x00, 0x11, 0x0E, 0x00, 0x00, 0x06,
    0x00, 0x11, 0x5A, 0x00, 0x33, 0xBE, 0x00, 0x11, 0x0E, 0x00, 0x00, 0x06, 0x00, 0x11, 0x5A, 0x00,
    0x33, 0xBE, 0x00, 0x11, 0x0E, 0x00, 0x00, 0x06, 0x00, 0x11, 0x5A, 0x00, 0x33, 0xBE, 0x00, 0x11,
    0x0E, 0x00, 0x00, 0x06, 0x00, 0x11, 0x5A, 0x00, 0x33, 0xBE, 0x00, 0x11, 0x0E, 0x00, 0x00, 0x06,
    0x00, 0x11, 0x5A, 0x00, 0x33, 0xBE, 0x00, 0x11, 0x0E, 0x00, 0x00, 0x06, 0x00, 0x11, 0x5A, 0x00,
    0x33, 0xBE, 0x00, 0x11, 0x0E, 0x00, 0x00, 0x06, 0x00, 0x11, 0x5A, 0x00, 0x33, 0xBE, 0x00, 0x11,
    0x0E, 0x00, 0x00, 0x06, 0x00, 0x11, 0x5A, 0x00, 0x33, 0xBE, 0x00, 0x11, 0x0E, 0x00, 0x00, 0x06,
    0x00, 0x11, 0x5A, 0x00, 0x33, 0xBE, 0x00, 0x11, 0x0E, 0x00, 0x00, 0x06, 0x00, 0x11, 0x5A, 0x00,
    0x33, 0xBE, 0x00, 0x11, 0x0E, 0x00, 0x00, 0x06, 0x00, 0x11, 0x5A, 0x00, 0x33, 0xBE, 0x00, 0x11,
    0x0E, 0x00, 0x00, 0x06, 0x00, 0x11, 0x5A, 0x00, 0x33, 0xBE, 0x00, 0x11, 0x0E, 0x00, 0x00, 0x06,
    0x00, 0x11, 0x5A, 0x00, 0x33, 0xBE, 0x00, 0x11, 0x0E, 0x00, 0x00, 0x06, 0x00, 0x11, 0x5A, 0x00,
    0x33, 0xBE, 0x00, 0x11, 0x0E, 0x00, 0x00, 0x06, 0x00, 0x11, 0x5A, 0x00, 0x33, 0xBE, 0x00, 0x11,
    0x0E, 0x00, 0x00, 0x06, 0x00, 0x11, 0x5A, 0x00, 0x33, 0xBE, 0x00, 0x11, 0x0E, 0x00, 0x00, 0x06,
    0x00, 0x11, 0x5A, 0x00, 0x33, 0xBE, 0x00, 0x11, 0x0E, 0x00, 0x00, 0x06, 0x00, 0x11, 0x5A, 0x00,
    0x33, 0xBE, 0x00, 0x11, 0x0E, 0x00, 0x00, 0x06, 0x00, 0x11, 0x5A, 0x00, 0x33, 0xBE, 0x00, 0x11,
    0x0E, 0x00, 0x00, 0x06, 0x00, 0x11, 0x5A, 0x00, 0x33, 0xBE, 0x00, 0x11, 0x0E, 0x00, 0x00, 0x06,
    0x00, 0x11, 0x5A, 0x00, 0x33, 0xBE, 0x00, 0x11, 0x0E, 0x00, 0x00, 0x06, 0x00, 0x11, 0x5A, 0x00,
    0x33, 0xBE, 0x00, 0x11, 0x0E, 0x00, 0x00, 0x06, 0x00, 0x11, 0x5A, 0x00, 0x33, 0xBE, 0x00, 0x11,
    0x0E, 0x00, 0x00, 0x1E, 0x01, 0x11, 0x0E, 0x00, 0x00, 0x1E, 0x01, 0x11, 0x0E, 0x00, 0x00, 0x1E,
    0x01, 0x11, 0x0E, 0x00, 0x00, 0x1E, 0x01, 0x11, 0x0E, 0x00, 0x00, 0x1E, 0x01, 0x11, 0x0E, 0x00,
    0x00, 0x1E, 0x01, 0x11, 0x0E, 0x00, 0x00, 0x1E, 0x01, 0x11, 0x0E, 0x00, 0x00, 0x1E, 0x01, 0x11,
    0x0E, 0x00, 0x00, 0x1E, 0x01, 0x11, 0x0E, 0x00, 0x00, 0x1E, 0x01, 0x11, 0x0E, 0x00, 0x00, 0x1E,
    0x01, 0x11, 0x0E, 0x00, 0x00, 0x1E, 0x01, 0x11, 0x6E, 0x00, 0x00, 0xBE, 0x00, 0x11, 0x6E, 0x00,
    0x00, 0xBE, 0x00, 0x11, 0x6E, 0x00, 0x00, 0xBE, 0x00, 0x11, 0x6E, 0x00, 0x00, 0xBE, 0x00, 0x11,
    0x6E, 0x00, 0x00, 0xBE, 0x00, 0x11, 0x6E, 0x00, 0x00, 0xBE, 0x00, 0x11, 0x6E, 0x00, 0x00, 0xBE,
    0x00, 0x11, 0x6E, 0x00, 0x00, 0xBE, 0x00, 0x11, 0x6E, 0x00, 0x00, 0xBE, 0x00, 0x11, 0x6E, 0x00,
    0x00, 0xBE, 0x00, 0x11, 0x6E, 0x00, 0x00, 0xBE, 0x00, 0x11, 0x6E, 0x00, 0x00, 0xBE, 0x00, 0x11,
    0x6E, 0x00, 0x00, 0xBE, 0x00, 0x11, 0x6E, 0x00, 0x00, 0xBE, 0x00, 0x11, 0x6E, 0x00, 0x00, 0xBE,
    0x00, 0x11, 0x6E, 0x00, 0x00, 0xBE, 0x00, 0x11, 0x6E, 0x00, 0x00, 0xBE, 0x00, 0x11, 0x6E, 0x00,
    0x00, 0xBE, 0x00, 0x11, 0x6E, 0x00, 0x00, 0xBE, 0x00, 0x11, 0x6E, 0x00, 0x00, 0xBE, 0x00, 0x11,
    0x6E, 0x00, 0x00, 0xBE, 0x00, 0x11, 0x6E, 0x00, 0x00, 0xBE, 0x00, 0x11, 0x6E, 0x00, 0x00, 0xBE,
    0x00, 0x11, 0x6E, 0x00, 0x00, 0xBE, 0x00, 0x11, 0x6E, 0x00, 0x00, 0xBE, 0x00, 0x11, 0x6E, 0x00,
    0x00, 0xBE, 0x00, 0x11, 0x6E, 0x00, 0x00, 0xBE, 0x00, 0x11, 0x6E, 0x00, 0x00, 0xD6, 0x67, 0x11,
    0x01, 0x00, 0x10, 0x07, 0x00, 0x00, 0x01, 0x01, 0x11, 0x01, 0x00, 0x10, 0x04, 0x00, 0x00, 0x1C,
    0x00, 0x11, 0x01, 0x00, 0x10, 0x0B, 0x00, 0x00, 0x0C, 0x00, 0x11, 0x04, 0x00, 0x00, 0x01, 0x00,
    0x01, 0x0C, 0x00, 0x11, 0x01, 0x00, 0x10, 0x04, 0x00, 0x00, 0x01, 0x00, 0x01, 0x0C, 0x00, 0x11,
    0x05, 0x00, 0x00, 0x10, 0x00, 0x11, 0x11, 0x00, 0x00, 0xAA, 0x00, 0x11, 0x01, 0x00, 0x10, 0x04,
    0x00, 0x00, 0x1B, 0x00, 0x11, 0x0E, 0x00, 0x00, 0x0B, 0x00, 0x11, 0x04, 0x00, 0x00, 0x01, 0x00,
    0x01, 0x0C, 0x00, 0x11, 0x05, 0x00, 0x00, 0x01, 0x00, 0x01, 0x0C, 0x00, 0x11, 0x05, 0x00, 0x00,
    0x10, 0x00, 0x11, 0x12, 0x00, 0x00, 0x01, 0x00, 0x01, 0x14, 0x00, 0x11, 0x01, 0x00, 0x00, 0x93,
    0x00, 0x11, 0x01, 0x00, 0x10, 0x04, 0x00, 0x00, 0x1A, 0x00, 0x11, 0x01, 0x00, 0x10, 0x0F, 0x00,
    0x00, 0x0A, 0x00, 0x11, 0x05, 0x00, 0x00, 0x0C, 0x00, 0x11, 0x05, 0x00, 0x00, 0x01, 0x00, 0x01,
    0x0C, 0x00, 0x11, 0x04, 0x00, 0x00, 0x01, 0x00, 0x01, 0x10, 0x00, 0x11, 0x13, 0x00, 0x00, 0x01,
    0x00, 0x01, 0x12, 0x00, 0x11, 0x01, 0x00, 0x10, 0x01, 0x00, 0x00, 0x93, 0x00, 0x11, 0x01, 0x00,
    0x10, 0x04, 0x00, 0x00, 0x19, 0x00, 0x11, 0x01, 0x00, 0x10, 0x11, 0x00, 0x00, 0x09, 0x00, 0x11,
    0x05, 0x00, 0x00, 0x0C, 0x00, 0x11, 0x05, 0x00, 0x00, 0x01, 0x00, 0x01, 0x0B, 0x00, 0x11, 0x01,
    0x00, 0x10, 0x04, 0x00, 0x00, 0x01, 0x00, 0x01, 0x10, 0x00, 0x11, 0x14, 0x00, 0x00, 0x12, 0x00,
    0x11, 0x01, 0x00, 0x10, 0x01, 0x00, 0x00, 0x93, 0x00, 0x11, 0x01, 0x00, 0x10, 0x04, 0x00, 0x00,
    0x19, 0x00, 0x11, 0x13, 0x00, 0x00, 0x08, 0x00, 0x11, 0x01, 0x00, 0x10, 0x04, 0x00, 0x00, 0x0C,
    0x00, 0x11, 0x06, 0x00, 0x00, 0x0B, 0x00, 0x11, 0x01, 0x00, 0x10, 0x04, 0x00, 0x00, 0x01, 0x00,
    0x01, 0x10, 0x00, 0x11, 0x15, 0x00, 0x00, 0x11, 0x00, 0x11, 0x01, 0x00, 0x10, 0x01, 0x00, 0x00,
    0x93, 0x00, 0x11, 0x01, 0x00, 0x10, 0x04, 0x00, 0x00, 0x18, 0x00, 0x11, 0x14, 0x00, 0x00, 0x01,
    0x00, 0x01, 0x07, 0x00, 0x11, 0x01, 0x00, 0x10, 0x04, 0x00, 0x00, 0x0B, 0x00, 0x11, 0x01, 0x00,
    0x10, 0x06, 0x00, 0x00, 0x0B, 0x00, 0x11, 0x01, 0x00, 0x10, 0x04, 0x00, 0x00, 0x01, 0x00, 0x01,
    0x10, 0x00, 0x11, 0x15, 0x00, 0x00, 0x01, 0x00, 0x01, 0x10, 0x00, 0x11, 0x02, 0x00, 0x00, 0x93,
    0x00, 0x11, 0x01, 0x00, 0x10, 0x04, 0x00, 0x00, 0x17, 0x00, 0x11, 0x01, 0x00, 0x10, 0x15, 0x00,
    0x00, 0x07, 0x00, 0x11, 0x01, 0x00, 0x10, 0x04, 0x00, 0x00, 0x01, 0x00, 0x01, 0x0A, 0x00, 0x11,
    0x01, 0x00, 0x10, 0x06, 0x00, 0x00, 0x0B, 0x00, 0x11, 0x01, 0x00, 0x10, 0x04, 0x00, 0x00, 0x11,
    0x00, 0x11, 0x15, 0x00, 0x00, 0x01, 0x00, 0x01, 0x10, 0x00, 0x11, 0x02, 0x00, 0x00, 0x93, 0x00,
    0x11, 0x01, 0x00, 0x10, 0x04, 0x00, 0x00, 0x17, 0x00, 0x11, 0x09, 0x00, 0x00, 0x01, 0x00, 0x01,
    0x03, 0x00, 0x11, 0x09, 0x00, 0x00, 0x01, 0x00, 0x01, 0x06, 0x00, 0x11, 0x01, 0x00, 0x10, 0x04,
    0x00, 0x00, 0x01, 0x00, 0x01, 0x0A, 0x00, 0x11, 0x01, 0x00, 0x10, 0x06, 0x00, 0x00, 0x01, 0x00,
    0x01, 0x0A, 0x00, 0x11, 0x01, 0x00, 0x10, 0x04, 0x00, 0x00, 0x11, 0x00, 0x11, 0x16, 0x00, 0x00,
    0x0F, 0x00, 0x11, 0x01, 0x00, 0x10, 0x02, 0x00, 0x00, 0x93, 0x00, 0x11, 0x01, 0x00, 0x10, 0x04,
    0x00, 0x00, 0x16, 0x00, 0x11, 0x01, 0x00, 0x10, 0x07, 0x00, 0x00, 0x01, 0x00, 0x01, 0x07, 0x00,
    0x11, 0x08, 0x00, 0x00, 0x07, 0x00, 0x11, 0x04, 0x00, 0x00, 0x01, 0x00, 0x01, 0x0A, 0x00, 0x11,
    0x01, 0x00, 0x10, 0x06, 0x00, 0x00, 0x01, 0x00, 0x01, 0x0A, 0x00, 0x11, 0x05, 0x00, 0x00, 0x11,
    0x00, 0x11, 0x04, 0x00, 0x00, 0x01, 0x00, 0x01, 0x09, 0x00, 0x11, 0x01, 0x00, 0x10, 0x07, 0x00,
    0x00, 0x01, 0x00, 0x01, 0x0E, 0x00, 0x11, 0x01, 0x00, 0x10, 0x02, 0x00, 0x00, 0x93, 0x00, 0x11,
    0x01, 0x00, 0x10, 0x04, 0x00, 0x00, 0x16, 0x00, 0x11, 0x01, 0x00, 0x10, 0x06, 0x00, 0x00, 0x0A,
    0x00, 0x11, 0x01, 0x00, 0x10, 0x06, 0x00, 0x00, 0x01, 0x00, 0x01, 0x06, 0x00, 0x11, 0x04, 0x00,
    0x00, 0x01, 0x00, 0x01, 0x0A, 0x00, 0x11, 0x07, 0x00, 0x00, 0x01, 0x00, 0x01, 0x0A, 0x00, 0x11,
    0x05, 0x00, 0x00, 0x11, 0x00, 0x11, 0x04, 0x00, 0x00, 0x01, 0x00, 0x01, 0x0B, 0x00, 0x11, 0x01,
    0x00, 0x10, 0x05, 0x00, 0x00, 0x01, 0x00, 0x01, 0x0E, 0x00, 0x11, 0x01, 0x00, 0x10, 0x02, 0x00,
    0x00, 0x93, 0x00, 0x11, 0x01, 0x00, 0x10, 0x04, 0x00, 0x00, 0x16, 0x00, 0x11, 0x06, 0x00, 0x00,
    0x01, 0x00, 0x01, 0x0B, 0x00, 0x11, 0x06, 0x00, 0x00, 0x01, 0x00, 0x01, 0x06, 0x00, 0x11, 0x04,
    0x00, 0x00, 0x01, 0x00, 0x01, 0x0A, 0x00, 0x11, 0x07, 0x00, 0x00, 0x01, 0x00, 0x01, 0x0A, 0x00,
    0x11, 0x04, 0x00, 0x00, 0x01, 0x00, 0x01, 0x11, 0x00, 0x11, 0x04, 0x00, 0x00, 0x01, 0x00, 0x01,
    0x0C, 0x00, 0x11, 0x05, 0x00, 0x00, 0x01, 0x00, 0x01, 0x0E, 0x00, 0x11, 0x03, 0x00, 0x00, 0x93,
    0x00, 0x11, 0x01, 0x00, 0x10, 0x04, 0x00, 0x00, 0x15, 0x00, 0x11, 0x01, 0x00, 0x10, 0x05, 0x00,
    0x00, 0x01, 0x00, 0x01, 0x0D, 0x00, 0x11, 0x06, 0x00, 0x00, 0x06, 0x00, 0x11, 0x05, 0x00, 0x00,
    0x0A, 0x00, 0x11, 0x08, 0x00, 0x00, 0x0A, 0x00, 0x11, 0x04, 0x00, 0x00, 0x01, 0x00, 0x01, 0x11,
    0x00, 0x11, 0x04, 0x00, 0x00, 0x01, 0x00, 0x01, 0x0D, 0x00, 0x11, 0x05, 0x00, 0x00, 0x0E, 0x00,
    0x11, 0x03, 0x00, 0x00, 0x93, 0x00, 0x11, 0x01, 0x00, 0x10, 0x04, 0x00, 0x00, 0x15, 0x00, 0x11,
    0x06, 0x00, 0x00, 0x0E, 0x00, 0x11, 0x01, 0x00, 0x10, 0x05, 0x00, 0x00, 0x01, 0x00, 0x01, 0x05,
    0x00, 0x11, 0x01, 0x00, 0x10, 0x04, 0x00, 0x00, 0x09, 0x00, 0x11, 0x01, 0x00, 0x10, 0x03, 0x00,
    0x00, 0x01, 0x00, 0x01, 0x04, 0x00, 0x00, 0x09, 0x00, 0x11, 0x01, 0x00, 0x10, 0x04, 0x00, 0x00,
    0x01, 0x00, 0x01, 0x11, 0x00, 0x11, 0x04, 0x00, 0x00, 0x01, 0x00, 0x01, 0x0D, 0x00, 0x11, 0x05,
    0x00, 0x00, 0x0E, 0x00, 0x11, 0x03, 0x00, 0x00, 0x93, 0x00, 0x11, 0x01, 0x00, 0x10, 0x04, 0x00,
    0x00, 0x15, 0x00, 0x11, 0x05, 0x00, 0x00, 0x01, 0x00, 0x01, 0x0F, 0x00, 0x11, 0x05, 0x00, 0x00,
    0x01, 0x00, 0x01, 0x05, 0x00, 0x11, 0x01, 0x00, 0x10, 0x04, 0x00, 0x00, 0x09, 0x00, 0x11, 0x01,
    0x00, 0x10, 0x03, 0x00, 0x00, 0x01, 0x00, 0x01, 0x04, 0x00, 0x00, 0x09, 0x00, 0x11, 0x01, 0x00,
    0x10, 0x04, 0x00, 0x00, 0x01, 0x00, 0x01, 0x11, 0x00, 0x11, 0x04, 0x00, 0x00, 0x01, 0x00, 0x01,
    0x0D, 0x00, 0x11, 0x01, 0x00, 0x10, 0x04, 0x00, 0x00, 0x0D, 0x00, 0x11, 0x01, 0x00, 0x10, 0x03,
    0x00, 0x00, 0x93, 0x00, 0x11, 0x01, 0x00, 0x10, 0x04, 0x00, 0x00, 0x14, 0x00, 0x11, 0x01, 0x00,
    0x10, 0x05, 0x00, 0x00, 0x10, 0x00, 0x11, 0x01, 0x00, 0x10, 0x05, 0x00, 0x00, 0x05, 0x00, 0x11,
    0x01, 0x00, 0x10, 0x04, 0x00, 0x00, 0x09, 0x00, 0x11, 0x01, 0x00, 0x10, 0x03, 0x00, 0x00, 0x01,
    0x00, 0x01, 0x04, 0x00, 0x00, 0x01, 0x00, 0x01, 0x08, 0x00, 0x11, 0x01, 0x00, 0x10, 0x04, 0x00,
    0x00, 0x12, 0x00, 0x11, 0x04, 0x00, 0x00, 0x01, 0x00, 0x01, 0x0D, 0x00, 0x11, 0x01, 0x00, 0x10,
    0x04, 0x00, 0x00, 0x0D, 0x00, 0x11, 0x01, 0x00, 0x10, 0x03, 0x00, 0x00, 0x93, 0x00, 0x11, 0x01,
    0x00, 0x10, 0x04, 0x00, 0x00, 0x14, 0x00, 0x11, 0x01, 0x00, 0x10, 0x04, 0x00, 0x00, 0x01, 0x00,
    0x01, 0x11, 0x00, 0x11, 0x05, 0x00, 0x00, 0x05, 0x00, 0x11, 0x01, 0x00, 0x10, 0x04, 0x00, 0x00,
    0x01, 0x00, 0x01, 0x08, 0x00, 0x11, 0x01, 0x00, 0x10, 0x03, 0x00, 0x00, 0x01, 0x00, 0x01, 0x01,
    0x00, 0x10, 0x03, 0x00, 0x00, 0x01, 0x00, 0x01, 0x08, 0x00, 0x11, 0x01, 0x00, 0x10, 0x04, 0x00,
    0x00, 0x12, 0x00, 0x11, 0x04, 0x00, 0x00, 0x01, 0x00, 0x01, 0x0D, 0x00, 0x11, 0x01, 0x00, 0x10,
    0x04, 0x00, 0x00, 0x0D, 0x00, 0x11, 0x04, 0x00, 0x00, 0x93, 0x00, 0x11, 0x01, 0x00, 0x10, 0x04,
    0x00, 0x00, 0x14, 0x00, 0x11, 0x05, 0x00, 0x00, 0x01, 0x00, 0x01, 0x11, 0x00, 0x11, 0x05, 0x00,
    0x00, 0x01, 0x00, 0x01, 0x05, 0x00, 0x11, 0x04, 0x00, 0x00, 0x01, 0x00, 0x01, 0x08, 0x00, 0x11,
    0x04, 0x00, 0x00, 0x01, 0x00, 0x11, 0x01, 0x00, 0x10, 0x03, 0x00, 0x00, 0x01, 0x00, 0x01, 0x08,
    0x00, 0x11, 0x01, 0x00, 0x10, 0x04, 0x00, 0x00, 0x12, 0x00, 0x11, 0x04, 0x00, 0x00, 0x01, 0x00,
    0x01, 0x0D, 0x00, 0x11, 0x01, 0x00, 0x10, 0x04, 0x00, 0x00, 0x0D, 0x00, 0x11, 0x04, 0x00, 0x00,
    0x93, 0x00, 0x11, 0x01, 0x00, 0x10, 0x04, 0x00, 0x00, 0x14, 0x00, 0x11, 0x05, 0x00, 0x00, 0x12,
    0x00, 0x11, 0x01, 0x00, 0x10, 0x04, 0x00, 0x00, 0x01, 0x00, 0x01, 0x05, 0x00, 0x11, 0x04, 0x00,
    0x00, 0x01, 0x00, 0x01, 0x08, 0x00, 0x11, 0x04, 0x00, 0x00, 0x01, 0x00, 0x11, 0x01, 0x00, 0x10,
    0x03, 0x00, 0x00, 0x01, 0x00, 0x01, 0x08, 0x00, 0x11, 0x05, 0x00, 0x00, 0x12, 0x00, 0x11, 0x04,
    0x00, 0x00, 0x01, 0x00, 0x01, 0x0D, 0x00, 0x11, 0x01, 0x00, 0x10, 0x04, 0x00, 0x00, 0x0D, 0x00,
    0x11, 0x04, 0x00, 0x00, 0x93, 0x00, 0x11, 0x01, 0x00, 0x10, 0x04, 0x00, 0x00, 0x14, 0x00, 0x11,
    0x04, 0x00, 0x00, 0x01, 0x00, 0x01, 0x12, 0x00, 0x11, 0x01, 0x00, 0x10, 0x04, 0x00, 0x00, 0x01,
    0x00, 0x01, 0x05, 0x00, 0x11, 0x04, 0x00, 0x00, 0x01, 0x00, 0x01, 0x08, 0x00, 0x11, 0x04, 0x00,
    0x00, 0x02, 0x00, 0x11, 0x04, 0x00, 0x00, 0x08, 0x00, 0x11, 0x04, 0x00, 0x00, 0x01, 0x00, 0x01,
    0x12, 0x00, 0x11, 0x04, 0x00, 0x00, 0x01, 0x00, 0x01, 0x0D, 0x00, 0x11, 0x01, 0x00, 0x10, 0x04,
    0x00, 0x00, 0x0C, 0x00, 0x11, 0x01, 0x00, 0x10, 0x04, 0x00, 0x00, 0x93, 0x00, 0x11, 0x01, 0x00,
    0x10, 0x04, 0x00, 0x00, 0x13, 0x00, 0x11, 0x01, 0x00, 0x10, 0x04, 0x00, 0x00, 0x01, 0x00, 0x01,
    0x13, 0x00, 0x11, 0x05, 0x00, 0x00, 0x05, 0x00, 0x11, 0x05, 0x00, 0x00, 0x07, 0x00, 0x11, 0x01,
    0x00, 0x10, 0x04, 0x00, 0x00, 0x02, 0x00, 0x11, 0x04, 0x00, 0x00, 0x08, 0x00, 0x11, 0x04, 0x00,
    0x00, 0x01, 0x00, 0x01, 0x12, 0x00, 0x11, 0x04, 0x00, 0x00, 0x01, 0x00, 0x01, 0x0D, 0x00, 0x11,
    0x01, 0x00, 0x10, 0x04, 0x00, 0x00, 0x0C, 0x00, 0x11, 0x01, 0x00, 0x10, 0x03, 0x00, 0x00, 0x01,
    0x00, 0x01, 0x93, 0x00, 0x11, 0x01, 0x00, 0x10, 0x04, 0x00, 0x00, 0x13, 0x00, 0x11, 0x01, 0x00,
    0x10, 0x04, 0x00, 0x00, 0x01, 0x00, 0x01, 0x13, 0x00, 0x11, 0x05, 0x00, 0x00, 0x05, 0x00, 0x11,
    0x01, 0x00, 0x10, 0x04, 0x00, 0x00, 0x07, 0x00, 0x11, 0x01, 0x00, 0x10, 0x03, 0x00, 0x00, 0x01,
    0x00, 0x01, 0x02, 0x00, 0x11, 0x04, 0x00, 0x00, 0x08, 0x00, 0x11, 0x04, 0x00, 0x00, 0x01, 0x00,
    0x01, 0x12, 0x00, 0x11, 0x04, 0x00, 0x00, 0x01, 0x00, 0x01, 0x0D, 0x00, 0x11, 0x01, 0x00, 0x10,
    0x04, 0x00, 0x00, 0x0C, 0x00, 0x11, 0x04, 0x00, 0x00, 0x01, 0x00, 0x01, 0x93, 0x00, 0x11, 0x01,
    0x00, 0x10, 0x04, 0x00, 0x00, 0x13, 0x00, 0x11, 0x01, 0x00, 0x10, 0x04, 0x00, 0x00, 0x14, 0x00,
    0x11, 0x01, 0x00, 0x10, 0x04, 0x00, 0x00, 0x05, 0x00, 0x11, 0x01, 0x00, 0x10, 0x04, 0x00, 0x00,
    0x07, 0x00, 0x11, 0x01, 0x00, 0x10, 0x03, 0x00, 0x00, 0x01, 0x00, 0x01, 0x02, 0x00, 0x11, 0x04,
    0x00, 0x00, 0x07, 0x00, 0x11, 0x01, 0x00, 0x10, 0x04, 0x00, 0x00, 0x13, 0x00, 0x11, 0x04, 0x00,
    0x00, 0x01, 0x00, 0x01, 0x0D, 0x00, 0x11, 0x01, 0x00, 0x10, 0x03, 0x00, 0x00, 0x01, 0x00, 0x01,
    0x0C, 0x00, 0x11, 0x04, 0x00, 0x00, 0x01, 0x00, 0x01, 0x93, 0x00, 0x11, 0x01, 0x00, 0x10, 0x04,
    0x00, 0x00, 0x13, 0x00, 0x11, 0x05, 0x00, 0x00, 0x14, 0x00, 0x11, 0x01, 0x00, 0x10, 0x04, 0x00,
    0x00, 0x05, 0x00, 0x11, 0x01, 0x00, 0x10, 0x04, 0x00, 0x00, 0x07, 0x00, 0x11, 0x01, 0x00, 0x10,
    0x03, 0x00, 0x00, 0x01, 0x00, 0x01, 0x02, 0x00, 0x11, 0x01, 0x00, 0x10, 0x03, 0x00, 0x00, 0x01,
    0x00, 0x01, 0x06, 0x00, 0x11, 0x01, 0x00, 0x10, 0x04, 0x00, 0x00, 0x13, 0x00, 0x11, 0x04, 0x00,
    0x00, 0x01, 0x00, 0x01, 0x0D, 0x00, 0x11, 0x04, 0x00, 0x00, 0x01, 0x00, 0x01, 0x0C, 0x00, 0x11,
    0x04, 0x00, 0x00, 0x94, 0x00, 0x11, 0x01, 0x00, 0x10, 0x04, 0x00, 0x00, 0x13, 0x00, 0x11, 0x05,
    0x00, 0x00, 0x14, 0x00, 0x11, 0x01, 0x00, 0x10, 0x04, 0x00, 0x00, 0x01, 0x00, 0x01, 0x04, 0x00,
    0x11, 0x01, 0x00, 0x10, 0x04, 0x00, 0x00, 0x07, 0x00, 0x11, 0x04, 0x00, 0x00, 0x03, 0x00, 0x11,
    0x01, 0x00, 0x10, 0x03, 0x00, 0x00, 0x01, 0x00, 0x01, 0x06, 0x00, 0x11, 0x01, 0x00, 0x10, 0x04,
    0x00, 0x00, 0x13, 0x00, 0x11, 0x04, 0x00, 0x00, 0x01, 0x00, 0x01, 0x0C, 0x00, 0x11, 0x01, 0x00,
    0x10, 0x04, 0x00, 0x00, 0x01, 0x00, 0x01, 0x0B, 0x00, 0x11, 0x01, 0x00, 0x10, 0x04, 0x00, 0x00,
    0x94, 0x00, 0x11, 0x01, 0x00, 0x10, 0x04, 0x00, 0x00, 0x13, 0x00, 0x11, 0x04, 0x00, 0x00, 0x01,
    0x00, 0x01, 0x14, 0x00, 0x11, 0x01, 0x00, 0x10, 0x04, 0x00, 0x00, 0x01, 0x00, 0x01, 0x05, 0x00,
    0x11, 0x04, 0x00, 0x00, 0x01, 0x00, 0x01, 0x06, 0x00, 0x11, 0x04, 0x00, 0x00, 0x03, 0x00, 0x11,
    0x01, 0x00, 0x10, 0x03, 0x00, 0x00, 0x01, 0x00, 0x01, 0x06, 0x00, 0x11, 0x01, 0x00, 0x10, 0x04,
    0x00, 0x00, 0x13, 0x00, 0x11, 0x04, 0x00, 0x00, 0x01, 0x00, 0x01, 0x0C, 0x00, 0x11, 0x05, 0x00,
    0x00, 0x0C, 0x00, 0x11, 0x01, 0x00, 0x10, 0x03, 0x00, 0x00, 0x01, 0x00, 0x01, 0x94, 0x00, 0x11,
    0x01, 0x00, 0x10, 0x04, 0x00, 0x00, 0x13, 0x00, 0x11, 0x04, 0x00, 0x00, 0x01, 0x00, 0x01, 0x14,
    0x00, 0x11, 0x01, 0x00, 0x10, 0x04, 0x00, 0x00, 0x01, 0x00, 0x01, 0x05, 0x00, 0x11, 0x04, 0x00,
    0x00, 0x01, 0x00, 0x01, 0x06, 0x00, 0x11, 0x04, 0x00, 0x00, 0x04, 0x00, 0x11, 0x04, 0x00, 0x00,
    0x06, 0x00, 0x11, 0x04, 0x00, 0x00, 0x01, 0x00, 0x01, 0x13, 0x00, 0x11, 0x04, 0x00, 0x00, 0x01,
    0x00, 0x01, 0x0B, 0x00, 0x11, 0x05, 0x00, 0x00, 0x01, 0x00, 0x01, 0x0C, 0x00, 0x11, 0x01, 0x00,
    0x10, 0x03, 0x00, 0x00, 0x01, 0x00, 0x01, 0x94, 0x00, 0x11, 0x01, 0x00, 0x10, 0x04, 0x00, 0x00,
    0x13, 0x00, 0x11, 0x04, 0x00, 0x00, 0x01, 0x00, 0x01, 0x15, 0x00, 0x11, 0x04, 0x00, 0x00, 0x01,
    0x00, 0x01, 0x05, 0x00, 0x11, 0x04, 0x00, 0x00, 0x01, 0x00, 0x01, 0x06, 0x00, 0x11, 0x04, 0x00,
    0x00, 0x04, 0x00, 0x11, 0x04, 0x00, 0x00, 0x06, 0x00, 0x11, 0x04, 0x00, 0x00, 0x01, 0x00, 0x01,
    0x13, 0x00, 0x11, 0x04, 0x00, 0x00, 0x01, 0x00, 0x01, 0x09, 0x00, 0x11, 0x01, 0x00, 0x10, 0x06,
    0x00, 0x00, 0x01, 0x00, 0x01, 0x0C, 0x00, 0x11, 0x04, 0x00, 0x00, 0x01, 0x00, 0x01, 0x94, 0x00,
    0x11, 0x01, 0x00, 0x10, 0x04, 0x00, 0x00, 0x13, 0x00, 0x11, 0x04, 0x00, 0x00, 0x01, 0x00, 0x01,
    0x15, 0x00, 0x11, 0x04, 0x00, 0x00, 0x01, 0x00, 0x01, 0x05, 0x00, 0x11, 0x04, 0x00, 0x00, 0x01,
    0x00, 0x01, 0x05, 0x00, 0x11, 0x01, 0x00, 0x10, 0x03, 0x00, 0x00, 0x01, 0x00, 0x01, 0x04, 0x00,
    0x11, 0x04, 0x00, 0x00, 0x06, 0x00, 0x11, 0x04, 0x00, 0x00, 0x01, 0x00, 0x01, 0x13, 0x00, 0x11,
    0x14, 0x00, 0x00, 0x01, 0x00, 0x01, 0x0D, 0x00, 0x11, 0x04, 0x00, 0x00, 0x95, 0x00, 0x11, 0x01,
    0x00, 0x10, 0x04, 0x00, 0x00, 0x12, 0x00, 0x11, 0x01, 0x00, 0x10, 0x04, 0x00, 0x00, 0x01, 0x00,
    0x01, 0x15, 0x00, 0x11, 0x04, 0x00, 0x00, 0x01, 0x00, 0x01, 0x05, 0x00, 0x11, 0x01, 0x00, 0x10,
    0x04, 0x00, 0x00, 0x05, 0x00, 0x11, 0x01, 0x00, 0x10, 0x03, 0x00, 0x00, 0x01, 0x00, 0x01, 0x04,
    0x00, 0x11, 0x04, 0x00, 0x00, 0x06, 0x00, 0x11, 0x04, 0x00, 0x00, 0x01, 0x00, 0x01, 0x13, 0x00,
    0x11, 0x14, 0x00, 0x00, 0x0D, 0x00, 0x11, 0x01, 0x00, 0x10, 0x04, 0x00, 0x00, 0x95, 0x00, 0x11,
    0x01, 0x00, 0x10, 0x04, 0x00, 0x00, 0x12, 0x00, 0x11, 0x01, 0x00, 0x10, 0x04, 0x00, 0x00, 0x01,
    0x00, 0x01, 0x15, 0x00, 0x11, 0x04, 0x00, 0x00, 0x01, 0x00, 0x01, 0x05, 0x00, 0x11, 0x01, 0x00,
    0x10, 0x04, 0x00, 0x00, 0x05, 0x00, 0x11, 0x01, 0x00, 0x10, 0x03, 0x00, 0x00, 0x01, 0x00, 0x01,
    0x04, 0x00, 0x11, 0x01, 0x00, 0x10, 0x03, 0x00, 0x00, 0x01, 0x00, 0x01, 0x05, 0x00, 0x11, 0x04,
    0x00, 0x00, 0x14, 0x00, 0x11, 0x13, 0x00, 0x00, 0x01, 0x00, 0x01, 0x0D, 0x00, 0x11, 0x01, 0x00,
    0x10, 0x04, 0x00, 0x00, 0x95, 0x00, 0x11, 0x01, 0x00, 0x10, 0x04, 0x00, 0x00, 0x12, 0x00, 0x11,
    0x01, 0x00, 0x10, 0x04, 0x00, 0x00, 0x01, 0x00, 0x01, 0x15, 0x00, 0x11, 0x04, 0x00, 0x00, 0x01,
    0x00, 0x01, 0x05, 0x00, 0x11, 0x01, 0x00, 0x10, 0x04, 0x00, 0x00, 0x05, 0x00, 0x11, 0x04, 0x00,
    0x00, 0x01, 0x00, 0x01, 0x04, 0x00, 0x11, 0x01, 0x00, 0x10, 0x03, 0x00, 0x00, 0x01, 0x00, 0x01,
    0x04, 0x00, 0x11, 0x01, 0x00, 0x10, 0x04, 0x00, 0x00, 0x14, 0x00, 0x11, 0x14, 0x00, 0x00, 0x0D,
    0x00, 0x11, 0x01, 0x00, 0x10, 0x03, 0x00, 0x00, 0x01, 0x00, 0x01, 0x95, 0x00, 0x11, 0x01, 0x00,
    0x10, 0x04, 0x00, 0x00, 0x12, 0x00, 0x11, 0x01, 0x00, 0x10, 0x04, 0x00, 0x00, 0x01, 0x00, 0x01,
    0x15, 0x00, 0x11, 0x04, 0x00, 0x00, 0x01, 0x00, 0x01, 0x06, 0x00, 0x11, 0x04, 0x00, 0x00, 0x05,
    0x00, 0x11, 0x04, 0x00, 0x00, 0x05, 0x00, 0x11, 0x01, 0x00, 0x10, 0x03, 0x00, 0x00, 0x01, 0x00,
    0x01, 0x04, 0x00, 0x11, 0x01, 0x00, 0x10, 0x04, 0x00, 0x00, 0x14, 0x00, 0x11, 0x15, 0x00, 0x00,
    0x0C, 0x00, 0x11, 0x04, 0x00, 0x00, 0x01, 0x00, 0x01, 0x95, 0x00, 0x11, 0x01, 0x00, 0x10, 0x04,
    0x00, 0x00, 0x12, 0x00, 0x11, 0x01, 0x00, 0x10, 0x04, 0x00, 0x00, 0x01, 0x00, 0x01, 0x15, 0x00,
    0x11, 0x04, 0x00, 0x00, 0x01, 0x00, 0x01, 0x06, 0x00, 0x11, 0x04, 0x00, 0x00, 0x01, 0x00, 0x01,
    0x04, 0x00, 0x11, 0x04, 0x00, 0x00, 0x05, 0x00, 0x11, 0x01, 0x00, 0x10, 0x03, 0x00, 0x00, 0x01,
    0x00, 0x01, 0x04, 0x00, 0x11, 0x01, 0x00, 0x10, 0x04, 0x00, 0x00, 0x14, 0x00, 0x11, 0x15, 0x00,
    0x00, 0x01, 0x00, 0x01, 0x0B, 0x00, 0x11, 0x04, 0x00, 0x00, 0x01, 0x00, 0x01, 0x95, 0x00, 0x11,
    0x01, 0x00, 0x10, 0x04, 0x00, 0x00, 0x12, 0x00, 0x11, 0x01, 0x00, 0x10, 0x04, 0x00, 0x00, 0x01,
    0x00, 0x01, 0x15, 0x00, 0x11, 0x04, 0x00, 0x00, 0x01, 0x00, 0x01, 0x06, 0x00, 0x11, 0x04, 0x00,
    0x00, 0x01, 0x00, 0x01, 0x04, 0x00, 0x11, 0x04, 0x00, 0x00, 0x06, 0x00, 0x11, 0x04, 0x00, 0x00,
    0x04, 0x00, 0x11, 0x01, 0x00, 0x10, 0x03, 0x00, 0x00, 0x01, 0x00, 0x01, 0x14, 0x00, 0x11, 0x16,
    0x00, 0x00, 0x01, 0x00, 0x01, 0x0A, 0x00, 0x11, 0x04, 0x00, 0x00, 0x96, 0x00, 0x11, 0x01, 0x00,
    0x10, 0x04, 0x00, 0x00, 0x12, 0x00, 0x11, 0x01, 0x00, 0x10, 0x04, 0x00, 0x00, 0x01, 0x00, 0x01,
    0x15, 0x00, 0x11, 0x04, 0x00, 0x00, 0x01, 0x00, 0x01, 0x06, 0x00, 0x11, 0x04, 0x00, 0x00, 0x01,
    0x00, 0x01, 0x03, 0x00, 0x11, 0x01, 0x00, 0x10, 0x03, 0x00, 0x00, 0x01, 0x00, 0x01, 0x06, 0x00,
    0x11, 0x04, 0x00, 0x00, 0x04, 0x00, 0x11, 0x04, 0x00, 0x00, 0x01, 0x00, 0x01, 0x14, 0x00, 0x11,
    0x17, 0x00, 0x00, 0x09, 0x00, 0x11, 0x01, 0x00, 0x10, 0x04, 0x00, 0x00, 0x96, 0x00, 0x11, 0x01,
    0x00, 0x10, 0x04, 0x00, 0x00, 0x12, 0x00, 0x11, 0x01, 0x00, 0x10, 0x04, 0x00, 0x00, 0x01, 0x00,
    0x01, 0x15, 0x00, 0x11, 0x04, 0x00, 0x00, 0x01, 0x00, 0x01, 0x06, 0x00, 0x11, 0x01, 0x00, 0x10,
    0x03, 0x00, 0x00, 0x01, 0x00, 0x01, 0x03, 0x00, 0x11, 0x01, 0x00, 0x10, 0x03, 0x00, 0x00, 0x01,
    0x00, 0x01, 0x06, 0x00, 0x11, 0x04, 0x00, 0x00, 0x04, 0x00, 0x11, 0x04, 0x00, 0x00, 0x01, 0x00,
    0x01, 0x14, 0x00, 0x11, 0x04, 0x00, 0x00, 0x01, 0x00, 0x01, 0x0A, 0x00, 0x11, 0x08, 0x00, 0x00,
    0x09, 0x00, 0x11, 0x01, 0x00, 0x10, 0x03, 0x00, 0x00, 0x01, 0x00, 0x01, 0x96, 0x00, 0x11, 0x01,
    0x00, 0x10, 0x04, 0x00, 0x00, 0x12, 0x00, 0x11, 0x01, 0x00, 0x10, 0x04, 0x00, 0x00, 0x01, 0x00,
    0x01, 0x15, 0x00, 0x11, 0x04, 0x00, 0x00, 0x01, 0x00, 0x01, 0x06, 0x00, 0x11, 0x01, 0x00, 0x10,
    0x03, 0x00, 0x00, 0x01, 0x00, 0x01, 0x03, 0x00, 0x11, 0x01, 0x00, 0x10, 0x03, 0x00, 0x00, 0x01,
    0x00, 0x01, 0x06, 0x00, 0x11, 0x01, 0x00, 0x10, 0x03, 0x00, 0x00, 0x01, 0x00, 0x01, 0x03, 0x00,
    0x11, 0x04, 0x00, 0x00, 0x01, 0x00, 0x01, 0x14, 0x00, 0x11, 0x04, 0x00, 0x00, 0x01, 0x00, 0x01,
    0x0C, 0x00, 0x11, 0x01, 0x00, 0x10, 0x05, 0x00, 0x00, 0x01, 0x00, 0x01, 0x08, 0x00, 0x11, 0x04,
    0x00, 0x00, 0x01, 0x00, 0x01, 0x96, 0x00, 0x11, 0x01, 0x00, 0x10, 0x04, 0x00, 0x00, 0x12, 0x00,
    0x11, 0x01, 0x00, 0x10, 0x04, 0x00, 0x00, 0x01, 0x00, 0x01, 0x15, 0x00, 0x11, 0x04, 0x00, 0x00,
    0x01, 0x00, 0x01, 0x06, 0x00, 0x11, 0x01, 0x00, 0x10, 0x04, 0x00, 0x00, 0x03, 0x00, 0x11, 0x01,
    0x00, 0x10, 0x03, 0x00, 0x00, 0x01, 0x00, 0x01, 0x06, 0x00, 0x11, 0x01, 0x00, 0x10, 0x03, 0x00,
    0x00, 0x01, 0x00, 0x01, 0x03, 0x00, 0x11, 0x04, 0x00, 0x00, 0x15, 0x00, 0x11, 0x04, 0x00, 0x00,
    0x01, 0x00, 0x01, 0x0D, 0x00, 0x11, 0x01, 0x00, 0x10, 0x05, 0x00, 0x00, 0x08, 0x00, 0x11, 0x04,
    0x00, 0x00, 0x01, 0x00, 0x01, 0x96, 0x00, 0x11, 0x01, 0x00, 0x10, 0x04, 0x00, 0x00, 0x13, 0x00,
    0x11, 0x04, 0x00, 0x00, 0x01, 0x00, 0x01, 0x14, 0x00, 0x11, 0x01, 0x00, 0x10, 0x04, 0x00, 0x00,
    0x01, 0x00, 0x01, 0x06, 0x00, 0x11, 0x01, 0x00, 0x10, 0x04, 0x00, 0x00, 0x03, 0x00, 0x11, 0x04,
    0x00, 0x00, 0x07, 0x00, 0x11, 0x01, 0x00, 0x10, 0x03, 0x00, 0x00, 0x01, 0x00, 0x01, 0x02, 0x00,
    0x11, 0x01, 0x00, 0x10, 0x04, 0x00, 0x00, 0x15, 0x00, 0x11, 0x04, 0x00, 0x00, 0x01, 0x00, 0x01,
    0x0E, 0x00, 0x11, 0x05, 0x00, 0x00, 0x08, 0x00, 0x11, 0x08, 0x00, 0x00, 0x93, 0x00, 0x11, 0x01,
    0x00, 0x10, 0x04, 0x00, 0x00, 0x13, 0x00, 0x11, 0x04, 0x00, 0x00, 0x01, 0x00, 0x01, 0x14, 0x00,
    0x11, 0x01, 0x00, 0x10, 0x04, 0x00, 0x00, 0x08, 0x00, 0x11, 0x04, 0x00, 0x00, 0x03, 0x00, 0x11,
    0x04, 0x00, 0x00, 0x07, 0x00, 0x11, 0x01, 0x00, 0x10, 0x03, 0x00, 0x00, 0x01, 0x00, 0x01, 0x02,
    0x00, 0x11, 0x01, 0x00, 0x10, 0x04, 0x00, 0x00, 0x15, 0x00, 0x11, 0x04, 0x00, 0x00, 0x01, 0x00,
    0x01, 0x0E, 0x00, 0x11, 0x01, 0x00, 0x10, 0x04, 0x00, 0x00, 0x07, 0x00, 0x11, 0x01, 0x00, 0x10,
    0x08, 0x00, 0x00, 0x93, 0x00, 0x11, 0x01, 0x00, 0x10, 0x04, 0x00, 0x00, 0x13, 0x00, 0x11, 0x04,
    0x00, 0x00, 0x01, 0x00, 0x01, 0x14, 0x00, 0x11, 0x01, 0x00, 0x10, 0x04, 0x00, 0x00, 0x08, 0x00,
    0x11, 0x04, 0x00, 0x00, 0x03, 0x00, 0x11, 0x04, 0x00, 0x00, 0x08, 0x00, 0x11, 0x04, 0x00, 0x00,
    0x02, 0x00, 0x11, 0x01, 0x00, 0x10, 0x04, 0x00, 0x00, 0x15, 0x00, 0x11, 0x04, 0x00, 0x00, 0x01,
    0x00, 0x01, 0x0E, 0x00, 0x11, 0x01, 0x00, 0x10, 0x04, 0x00, 0x00, 0x01, 0x00, 0x01, 0x06, 0x00,
    0x11, 0x01, 0x00, 0x10, 0x08, 0x00, 0x00, 0x93, 0x00, 0x11, 0x01, 0x00, 0x10, 0x04, 0x00, 0x00,
    0x13, 0x00, 0x11, 0x04, 0x00, 0x00, 0x01, 0x00, 0x01, 0x14, 0x00, 0x11, 0x01, 0x00, 0x10, 0x04,
    0x00, 0x00, 0x08, 0x00, 0x11, 0x04, 0x00, 0x00, 0x01, 0x00, 0x01, 0x01, 0x00, 0x11, 0x01, 0x00,
    0x10, 0x03, 0x00, 0x00, 0x01, 0x00, 0x01, 0x08, 0x00, 0x11, 0x04, 0x00, 0x00, 0x02, 0x00, 0x11,
    0x01, 0x00, 0x10, 0x03, 0x00, 0x00, 0x01, 0x00, 0x01, 0x15, 0x00, 0x11, 0x04, 0x00, 0x00, 0x01,
    0x00, 0x01, 0x0F, 0x00, 0x11, 0x04, 0x00, 0x00, 0x01, 0x00, 0x01, 0x06, 0x00, 0x11, 0x01, 0x00,
    0x10, 0x08, 0x00, 0x00, 0x93, 0x00, 0x11, 0x01, 0x00, 0x10, 0x04, 0x00, 0x00, 0x13, 0x00, 0x11,
    0x05, 0x00, 0x00, 0x14, 0x00, 0x11, 0x05, 0x00, 0x00, 0x08, 0x00, 0x11, 0x04, 0x00, 0x00, 0x01,
    0x00, 0x01, 0x01, 0x00, 0x11, 0x01, 0x00, 0x10, 0x03, 0x00, 0x00, 0x01, 0x00, 0x01, 0x08, 0x00,
    0x11, 0x04, 0x00, 0x00, 0x02, 0x00, 0x11, 0x01, 0x00, 0x10, 0x03, 0x00, 0x00, 0x01, 0x00, 0x01,
    0x15, 0x00, 0x11, 0x04, 0x00, 0x00, 0x01, 0x00, 0x01, 0x0F, 0x00, 0x11, 0x04, 0x00, 0x00, 0x01,
    0x00, 0x01, 0x06, 0x00, 0x11, 0x09, 0x00, 0x00, 0x93, 0x00, 0x11, 0x01, 0x00, 0x10, 0x04, 0x00,
    0x00, 0x13, 0x00, 0x11, 0x05, 0x00, 0x00, 0x14, 0x00, 0x11, 0x05, 0x00, 0x00, 0x08, 0x00, 0x11,
    0x01, 0x00, 0x10, 0x03, 0x00, 0x00, 0x01, 0x00, 0x01, 0x01, 0x00, 0x11, 0x01, 0x00, 0x10, 0x03,
    0x00, 0x00, 0x01, 0x00, 0x01, 0x08, 0x00, 0x11, 0x04, 0x00, 0x00, 0x02, 0x00, 0x11, 0x04, 0x00,
    0x00, 0x01, 0x00, 0x01, 0x15, 0x00, 0x11, 0x04, 0x00, 0x00, 0x01, 0x00, 0x01, 0x0F, 0x00, 0x11,
    0x04, 0x00, 0x00, 0x01, 0x00, 0x01, 0x06, 0x00, 0x11, 0x09, 0x00, 0x00, 0x93, 0x00, 0x11, 0x01,
    0x00, 0x10, 0x04, 0x00, 0x00, 0x13, 0x00, 0x11, 0x01, 0x00, 0x10, 0x04, 0x00, 0x00, 0x14, 0x00,
    0x11, 0x04, 0x00, 0x00, 0x01, 0x00, 0x01, 0x08, 0x00, 0x11, 0x01, 0x00, 0x10, 0x03, 0x00, 0x00,
    0x01, 0x00, 0x01, 0x01, 0x00, 0x11, 0x01, 0x00, 0x10, 0x03, 0x00, 0x00, 0x01, 0x00, 0x01, 0x08,
    0x00, 0x11, 0x01, 0x00, 0x10, 0x03, 0x00, 0x00, 0x01, 0x00, 0x01, 0x01, 0x00, 0x11, 0x04, 0x00,
    0x00, 0x01, 0x00, 0x01, 0x15, 0x00, 0x11, 0x04, 0x00, 0x00, 0x01, 0x00, 0x01, 0x0F, 0x00, 0x11,
    0x04, 0x00, 0x00, 0x01, 0x00, 0x01, 0x05, 0x00, 0x11, 0x01, 0x00, 0x10, 0x09, 0x00, 0x00, 0x93,
    0x00, 0x11, 0x01, 0x00, 0x10, 0x04, 0x00, 0x00, 0x13, 0x00, 0x11, 0x01, 0x00, 0x10, 0x04, 0x00,
    0x00, 0x01, 0x00, 0x01, 0x12, 0x00, 0x11, 0x01, 0x00, 0x10, 0x04, 0x00, 0x00, 0x01, 0x00, 0x01,
    0x08, 0x00, 0x11, 0x01, 0x00, 0x10, 0x04, 0x00, 0x00, 0x01, 0x00, 0x11, 0x04, 0x00, 0x00, 0x09,
    0x00, 0x11, 0x01, 0x00, 0x10, 0x03, 0x00, 0x00, 0x01, 0x00, 0x01, 0x01, 0x00, 0x11, 0x04, 0x00,
    0x00, 0x16, 0x00, 0x11, 0x04, 0x00, 0x00, 0x01, 0x00, 0x01, 0x0F, 0x00, 0x11, 0x04, 0x00, 0x00,
    0x01, 0x00, 0x01, 0x05, 0x00, 0x11, 0x01, 0x00, 0x10, 0x04, 0x00, 0x00, 0x98, 0x00, 0x11, 0x01,
    0x00, 0x10, 0x04, 0x00, 0x00, 0x13, 0x00, 0x11, 0x01, 0x00, 0x10, 0x04, 0x00, 0x00, 0x01, 0x00,
    0x01, 0x12, 0x00, 0x11, 0x01, 0x00, 0x10, 0x04, 0x00, 0x00, 0x01, 0x00, 0x01, 0x08, 0x00, 0x11,
    0x01, 0x00, 0x10, 0x04, 0x00, 0x00, 0x01, 0x00, 0x11, 0x04, 0x00, 0x00, 0x09, 0x00, 0x11, 0x01,
    0x00, 0x10, 0x03, 0x00, 0x00, 0x01, 0x00, 0x01, 0x01, 0x00, 0x11, 0x04, 0x00, 0x00, 0x16, 0x00,
    0x11, 0x04, 0x00, 0x00, 0x01, 0x00, 0x01, 0x0F, 0x00, 0x11, 0x04, 0x00, 0x00, 0x01, 0x00, 0x01,
    0x05, 0x00, 0x11, 0x01, 0x00, 0x10, 0x04, 0x00, 0x00, 0x98, 0x00, 0x11, 0x01, 0x00, 0x10, 0x04,
    0x00, 0x00, 0x14, 0x00, 0x11, 0x05, 0x00, 0x00, 0x12, 0x00, 0x11, 0x05, 0x00, 0x00, 0x0A, 0x00,
    0x11, 0x04, 0x00, 0x00, 0x01, 0x00, 0x11, 0x04, 0x00, 0x00, 0x0A, 0x00, 0x11, 0x04, 0x00, 0x00,
    0x01, 0x00, 0x10, 0x04, 0x00, 0x00, 0x16, 0x00, 0x11, 0x04, 0x00, 0x00, 0x01, 0x00, 0x01, 0x0F,
    0x00, 0x11, 0x04, 0x00, 0x00, 0x01, 0x00, 0x01, 0x05, 0x00, 0x11, 0x04, 0x00, 0x00, 0x01, 0x00,
    0x01, 0x98, 0x00, 0x11, 0x01, 0x00, 0x10, 0x04, 0x00, 0x00, 0x14, 0x00, 0x11, 0x05, 0x00, 0x00,
    0x12, 0x00, 0x11, 0x05, 0x00, 0x00, 0x0A, 0x00, 0x11, 0x04, 0x00, 0x00, 0x01, 0x00, 0x11, 0x04,
    0x00, 0x00, 0x0A, 0x00, 0x11, 0x04, 0x00, 0x00, 0x01, 0x00, 0x10, 0x03, 0x00, 0x00, 0x01, 0x00,
    0x01, 0x16, 0x00, 0x11, 0x04, 0x00, 0x00, 0x01, 0x00, 0x01, 0x0F, 0x00, 0x11, 0x04, 0x00, 0x00,
    0x01, 0x00, 0x01, 0x05, 0x00, 0x11, 0x04, 0x00, 0x00, 0x01, 0x00, 0x01, 0x98, 0x00, 0x11, 0x01,
    0x00, 0x10, 0x04, 0x00, 0x00, 0x14, 0x00, 0x11, 0x01, 0x00, 0x10, 0x04, 0x00, 0x00, 0x01, 0x00,
    0x01, 0x10, 0x00, 0x11, 0x01, 0x00, 0x10, 0x04, 0x00, 0x00, 0x01, 0x00, 0x01, 0x0A, 0x00, 0x11,
    0x04, 0x00, 0x00, 0x01, 0x00, 0x10, 0x03, 0x00, 0x00, 0x01, 0x00, 0x01, 0x0A, 0x00, 0x11, 0x04,
    0x00, 0x00, 0x01, 0x00, 0x10, 0x03, 0x00, 0x00, 0x01, 0x00, 0x01, 0x16, 0x00, 0x11, 0x04, 0x00,
    0x00, 0x01, 0x00, 0x01, 0x0F, 0x00, 0x11, 0x04, 0x00, 0x00, 0x01, 0x00, 0x01, 0x05, 0x00, 0x11,
    0x04, 0x00, 0x00, 0x99, 0x00, 0x11, 0x01, 0x00, 0x10, 0x04, 0x00, 0x00, 0x14, 0x00, 0x11, 0x01,
    0x00, 0x10, 0x05, 0x00, 0x00, 0x10, 0x00, 0x11, 0x01, 0x00, 0x10, 0x04, 0x00, 0x00, 0x01, 0x00,
    0x01, 0x0A, 0x00, 0x11, 0x08, 0x00, 0x00, 0x01, 0x00, 0x01, 0x0A, 0x00, 0x11, 0x04, 0x00, 0x00,
    0x01, 0x00, 0x10, 0x03, 0x00, 0x00, 0x01, 0x00, 0x01, 0x16, 0x00, 0x11, 0x04, 0x00, 0x00, 0x01,
    0x00, 0x01, 0x0E, 0x00, 0x11, 0x01, 0x00, 0x10, 0x04, 0x00, 0x00, 0x01, 0x00, 0x01, 0x04, 0x00,
    0x11, 0x01, 0x00, 0x10, 0x04, 0x00, 0x00, 0x99, 0x00, 0x11, 0x01, 0x00, 0x10, 0x04, 0x00, 0x00,
    0x15, 0x00, 0x11, 0x05, 0x00, 0x00, 0x10, 0x00, 0x11, 0x05, 0x00, 0x00, 0x0B, 0x00, 0x11, 0x01,
    0x00, 0x10, 0x07, 0x00, 0x00, 0x01, 0x00, 0x01, 0x0A, 0x00, 0x11, 0x01, 0x00, 0x10, 0x07, 0x00,
    0x00, 0x01, 0x00, 0x01, 0x16, 0x00, 0x11, 0x04, 0x00, 0x00, 0x01, 0x00, 0x01, 0x0E, 0x00, 0x11,
    0x05, 0x00, 0x00, 0x05, 0x00, 0x11, 0x01, 0x00, 0x10, 0x04, 0x00, 0x00, 0x99, 0x00, 0x11, 0x01,
    0x00, 0x10, 0x04, 0x00, 0x00, 0x15, 0x00, 0x11, 0x05, 0x00, 0x00, 0x01, 0x00, 0x01, 0x0E, 0x00,
    0x11, 0x01, 0x00, 0x10, 0x05, 0x00, 0x00, 0x0B, 0x00, 0x11, 0x01, 0x00, 0x10, 0x07, 0x00, 0x00,
    0x0B, 0x00, 0x11, 0x01, 0x00, 0x10, 0x07, 0x00, 0x00, 0x17, 0x00, 0x11, 0x04, 0x00, 0x00, 0x01,
    0x00, 0x01, 0x0E, 0x00, 0x11, 0x05, 0x00, 0x00, 0x05, 0x00, 0x11, 0x04, 0x00, 0x00, 0x01, 0x00,
    0x01, 0x99, 0x00, 0x11, 0x01, 0x00, 0x10, 0x04, 0x00, 0x00, 0x15, 0x00, 0x11, 0x01, 0x00, 0x10,
    0x05, 0x00, 0x00, 0x0E, 0x00, 0x11, 0x05, 0x00, 0x00, 0x01, 0x00, 0x01, 0x0B, 0x00, 0x11, 0x01,
    0x00, 0x10, 0x07, 0x00, 0x00, 0x0B, 0x00, 0x11, 0x01, 0x00, 0x10, 0x07, 0x00, 0x00, 0x17, 0x00,
    0x11, 0x04, 0x00, 0x00, 0x01, 0x00, 0x01, 0x0D, 0x00, 0x11, 0x05, 0x00, 0x00, 0x01, 0x00, 0x01,
    0x05, 0x00, 0x11, 0x04, 0x00, 0x00, 0x01, 0x00, 0x01, 0x99, 0x00, 0x11, 0x01, 0x00, 0x10, 0x04,
    0x00, 0x00, 0x15, 0x00, 0x11, 0x01, 0x00, 0x10, 0x06, 0x00, 0x00, 0x0C, 0x00, 0x11, 0x01, 0x00,
    0x10, 0x05, 0x00, 0x00, 0x0C, 0x00, 0x11, 0x01, 0x00, 0x10, 0x07, 0x00, 0x00, 0x0B, 0x00, 0x11,
    0x01, 0x00, 0x10, 0x07, 0x00, 0x00, 0x17, 0x00, 0x11, 0x04, 0x00, 0x00, 0x01, 0x00, 0x01, 0x0C,
    0x00, 0x11, 0x01, 0x00, 0x10, 0x05, 0x00, 0x00, 0x01, 0x00, 0x01, 0x05, 0x00, 0x11, 0x04, 0x00,
    0x00, 0x01, 0x00, 0x01, 0x99, 0x00, 0x11, 0x01, 0x00, 0x10, 0x04, 0x00, 0x00, 0x16, 0x00, 0x11,
    0x06, 0x00, 0x00, 0x01, 0x00, 0x01, 0x0A, 0x00, 0x11, 0x01, 0x00, 0x10, 0x06, 0x00, 0x00, 0x0D,
    0x00, 0x11, 0x07, 0x00, 0x00, 0x0C, 0x00, 0x11, 0x07, 0x00, 0x00, 0x17, 0x00, 0x11, 0x04, 0x00,
    0x00, 0x01, 0x00, 0x01, 0x0A, 0x00, 0x11, 0x01, 0x00, 0x10, 0x07, 0x00, 0x00, 0x05, 0x00, 0x11,
    0x01, 0x00, 0x10, 0x04, 0x00, 0x00, 0x9A, 0x00, 0x11, 0x01, 0x00, 0x10, 0x14, 0x00, 0x00, 0x06,
    0x00, 0x11, 0x01, 0x00, 0x10, 0x07, 0x00, 0x00, 0x08, 0x00, 0x11, 0x01, 0x00, 0x10, 0x06, 0x00,
    0x00, 0x01, 0x00, 0x01, 0x0D, 0x00, 0x11, 0x06, 0x00, 0x00, 0x01, 0x00, 0x01, 0x0C, 0x00, 0x11,
    0x06, 0x00, 0x00, 0x01, 0x00, 0x01, 0x17, 0x00, 0x11, 0x17, 0x00, 0x00, 0x05, 0x00, 0x11, 0x01,
    0x00, 0x10, 0x04, 0x00, 0x00, 0x9A, 0x00, 0x11, 0x01, 0x00, 0x10, 0x14, 0x00, 0x00, 0x07, 0x00,
    0x11, 0x09, 0x00, 0x00, 0x04, 0x00, 0x11, 0x01, 0x00, 0x10, 0x08, 0x00, 0x00, 0x0E, 0x00, 0x11,
    0x06, 0x00, 0x00, 0x01, 0x00, 0x01, 0x0C, 0x00, 0x11, 0x06, 0x00, 0x00, 0x01, 0x00, 0x01, 0x17,
    0x00, 0x11, 0x16, 0x00, 0x00, 0x01, 0x00, 0x01, 0x05, 0x00, 0x11, 0x01, 0x00, 0x10, 0x04, 0x00,
    0x00, 0x9A, 0x00, 0x11, 0x01, 0x00, 0x10, 0x14, 0x00, 0x00, 0x07, 0x00, 0x11, 0x01, 0x00, 0x10,
    0x14, 0x00, 0x00, 0x01, 0x00, 0x01, 0x0E, 0x00, 0x11, 0x06, 0x00, 0x00, 0x01, 0x00, 0x01, 0x0C,
    0x00, 0x11, 0x01, 0x00, 0x10, 0x05, 0x00, 0x00, 0x01, 0x00, 0x01, 0x17, 0x00, 0x11, 0x16, 0x00,
    0x00, 0x06, 0x00, 0x11, 0x04, 0x00, 0x00, 0x01, 0x00, 0x01, 0x9A, 0x00, 0x11, 0x01, 0x00, 0x10,
    0x14, 0x00, 0x00, 0x08, 0x00, 0x11, 0x14, 0x00, 0x00, 0x0F, 0x00, 0x11, 0x01, 0x00, 0x10, 0x05,
    0x00, 0x00, 0x01, 0x00, 0x01, 0x0C, 0x00, 0x11, 0x01, 0x00, 0x10, 0x05, 0x00, 0x00, 0x01, 0x00,
    0x01, 0x17, 0x00, 0x11, 0x15, 0x00, 0x00, 0x01, 0x00, 0x01, 0x06, 0x00, 0x11, 0x04, 0x00, 0x00,
    0x01, 0x00, 0x01, 0x9A, 0x00, 0x11, 0x01, 0x00, 0x10, 0x14, 0x00, 0x00, 0x08, 0x00, 0x11, 0x01,
    0x00, 0x10, 0x12, 0x00, 0x00, 0x10, 0x00, 0x11, 0x01, 0x00, 0x10, 0x05, 0x00, 0x00, 0x0D, 0x00,
    0x11, 0x01, 0x00, 0x10, 0x05, 0x00, 0x00, 0x18, 0x00, 0x11, 0x14, 0x00, 0x00, 0x01, 0x00, 0x01,
    0x06, 0x00, 0x11, 0x01, 0x00, 0x10, 0x04, 0x00, 0x00, 0x01, 0x00, 0x01, 0x9A, 0x00, 0x11, 0x01,
    0x00, 0x10, 0x14, 0x00, 0x00, 0x09, 0x00, 0x11, 0x01, 0x00, 0x10, 0x10, 0x00, 0x00, 0x01, 0x00,
    0x01, 0x10, 0x00, 0x11, 0x01, 0x00, 0x10, 0x05, 0x00, 0x00, 0x0D, 0x00, 0x11, 0x01, 0x00, 0x10,
    0x05, 0x00, 0x00, 0x18, 0x00, 0x11, 0x14, 0x00, 0x00, 0x07, 0x00, 0x11, 0x01, 0x00, 0x10, 0x04,
    0x00, 0x00, 0x9B, 0x00, 0x11, 0x01, 0x00, 0x10, 0x14, 0x00, 0x00, 0x0A, 0x00, 0x11, 0x0F, 0x00,
    0x00, 0x01, 0x00, 0x01, 0x11, 0x00, 0x11, 0x01, 0x00, 0x10, 0x05, 0x00, 0x00, 0x0E, 0x00, 0x11,
    0x05, 0x00, 0x00, 0x18, 0x00, 0x11, 0x12, 0x00, 0x00, 0x01, 0x00, 0x01, 0x08, 0x00, 0x11, 0x01,
    0x00, 0x10, 0x04, 0x00, 0x00, 0x9B, 0x00, 0x11, 0x01, 0x00, 0x10, 0x14, 0x00, 0x00, 0x0B, 0x00,
    0x11, 0x0D, 0x00, 0x00, 0x01, 0x00, 0x01, 0x13, 0x00, 0x11, 0x04, 0x00, 0x00, 0x01, 0x00, 0x01,
    0x0E, 0x00, 0x11, 0x05, 0x00, 0x00, 0x18, 0x00, 0x11, 0x11, 0x00, 0x00, 0x0A, 0x00, 0x11, 0x04,
    0x00, 0x00, 0x01, 0x00, 0x01, 0xBC, 0x00, 0x11, 0x01, 0x00, 0x10, 0x0A, 0x00, 0x00, 0x01, 0x00,
    0x01, 0x22, 0x01, 0x11, 0x07, 0x00, 0x00, 0x01, 0x00, 0x01, 0xA3, 0x2E, 0x11, 0x01, 0x00, 0x10,
    0x08, 0x00, 0x00, 0x01, 0x00, 0x01, 0x04, 0x00, 0x11, 0x01, 0x00, 0x10, 0x01, 0x00, 0x00, 0x01,
    0x00, 0x01, 0x96, 0x00, 0x11, 0x01, 0x00, 0x10, 0x01, 0x00, 0x00, 0x01, 0x00, 0x01, 0x82, 0x00,
    0x11, 0x01, 0x00, 0x10, 0x09, 0x00, 0x00, 0x01, 0x00, 0x01, 0x03, 0x00, 0x11, 0x01, 0x00, 0x10,
    0x01, 0x00, 0x00, 0x01, 0x00, 0x01, 0x7F, 0x00, 0x11, 0x01, 0x00, 0x10, 0x02, 0x00, 0x00, 0x14,
    0x00, 0x11, 0x01, 0x00, 0x10, 0x01, 0x00, 0x00, 0x01, 0x00, 0x01, 0x82, 0x00, 0x11, 0x01, 0x00,
    0x10, 0x0A, 0x00, 0x00, 0x03, 0x00, 0x11, 0x01, 0x00, 0x10, 0x01, 0x00, 0x00, 0x01, 0x00, 0x01,
    0x7F, 0x00, 0x11, 0x01, 0x00, 0x10, 0x02, 0x00, 0x00, 0x14, 0x00, 0x11, 0x01, 0x00, 0x10, 0x01,
    0x00, 0x00, 0x01, 0x00, 0x01, 0x82, 0x00, 0x11, 0x01, 0x00, 0x10, 0x0A, 0x00, 0x00, 0x01, 0x00,
    0x01, 0x02, 0x00, 0x11, 0x01, 0x00, 0x10, 0x01, 0x00, 0x00, 0x01, 0x00, 0x01, 0x7F, 0x00, 0x11,
    0x01, 0x00, 0x10, 0x02, 0x00, 0x00, 0x14, 0x00, 0x11, 0x01, 0x00, 0x10, 0x01, 0x00, 0x00, 0x01,
    0x00, 0x01, 0x82, 0x00, 0x11, 0x01, 0x00, 0x10, 0x01, 0x00, 0x00, 0x01, 0x00, 0x01, 0x05, 0x00,
    0x11, 0x03, 0x00, 0x00, 0x01, 0x00, 0x01, 0x02, 0x00, 0x11, 0x01, 0x00, 0x10, 0x01, 0x00, 0x00,
    0x01, 0x00, 0x01, 0x7F, 0x00, 0x11, 0x01, 0x00, 0x10, 0x02, 0x00, 0x00, 0x14, 0x00, 0x11, 0x01,
    0x00, 0x10, 0x01, 0x00, 0x00, 0x01, 0x00, 0x01, 0x82, 0x00, 0x11, 0x01, 0x00, 0x10, 0x01, 0x00,
    0x00, 0x01, 0x00, 0x01, 0x06, 0x00, 0x11, 0x03, 0x00, 0x00, 0x02, 0x00, 0x11, 0x01, 0x00, 0x10,
    0x01, 0x00, 0x00, 0x01, 0x00, 0x01, 0x7F, 0x00, 0x11, 0x01, 0x00, 0x10, 0x02, 0x00, 0x00, 0x14,
    0x00, 0x11, 0x01, 0x00, 0x10, 0x01, 0x00, 0x00, 0x01, 0x00, 0x01, 0x82, 0x00, 0x11, 0x01, 0x00,
    0x10, 0x01, 0x00, 0x00, 0x01, 0x00, 0x01, 0x06, 0x00, 0x11, 0x01, 0x00, 0x10, 0x02, 0x00, 0x00,
    0x02, 0x00, 0x11, 0x01, 0x00, 0x10, 0x01, 0x00, 0x00, 0x01, 0x00, 0x01, 0x7F, 0x00, 0x11, 0x01,
    0x00, 0x10, 0x02, 0x00, 0x00, 0x14, 0x00, 0x11, 0x01, 0x00, 0x10, 0x01, 0x00, 0x00, 0x01, 0x00,
    0x01, 0x82, 0x00, 0x11, 0x01, 0x00, 0x10, 0x01, 0x00, 0x00, 0x01, 0x00, 0x01, 0x07, 0x00, 0x11,
    0x02, 0x00, 0x00, 0x02, 0x00, 0x11, 0x01, 0x00, 0x10, 0x01, 0x00, 0x00, 0x01, 0x00, 0x01, 0x05,
    0x00, 0x11, 0x01, 0x00, 0x10, 0x03, 0x00, 0x00, 0x08, 0x00, 0x11, 0x01, 0x00, 0x10, 0x04, 0x00,
    0x00, 0x07, 0x00, 0x11, 0x04, 0x00, 0x00, 0x08, 0x00, 0x11, 0x03, 0x00, 0x00, 0x01, 0x00, 0x01,
    0x0E, 0x00, 0x11, 0x04, 0x00, 0x00, 0x07, 0x00, 0x11, 0x04, 0x00, 0x00, 0x09, 0x00, 0x11, 0x04,
    0x00, 0x00, 0x08, 0x00, 0x11, 0x01, 0x00, 0x10, 0x03, 0x00, 0x00, 0x01, 0x00, 0x01, 0x07, 0x00,
    0x11, 0x03, 0x00, 0x00, 0x01, 0x00, 0x01, 0x08, 0x00, 0x11, 0x04, 0x00, 0x00, 0x04, 0x00, 0x11,
    0x01, 0x00, 0x10, 0x02, 0x00, 0x00, 0x0C, 0x00, 0x11, 0x04, 0x00, 0x00, 0x04, 0x00, 0x11, 0x01,
    0x00, 0x10, 0x01, 0x00, 0x00, 0x01, 0x00, 0x01, 0x82, 0x00, 0x11, 0x01, 0x00, 0x10, 0x01, 0x00,
    0x00, 0x01, 0x00, 0x01, 0x07, 0x00, 0x11, 0x02, 0x00, 0x00, 0x02, 0x00, 0x11, 0x01, 0x00, 0x10,
    0x01, 0x00, 0x00, 0x01, 0x00, 0x01, 0x04, 0x00, 0x11, 0x01, 0x00, 0x10, 0x05, 0x00, 0x00, 0x06,
    0x00, 0x11, 0x01, 0x00, 0x10, 0x06, 0x00, 0x00, 0x05, 0x00, 0x11, 0x06, 0x00, 0x00, 0x06, 0x00,
    0x11, 0x05, 0x00, 0x00, 0x01, 0x00, 0x01, 0x0C, 0x00, 0x11, 0x06, 0x00, 0x00, 0x05, 0x00, 0x11,
    0x06, 0x00, 0x00, 0x04, 0x00, 0x11, 0x01, 0x00, 0x10, 0x01, 0x00, 0x00, 0x01, 0x00, 0x01, 0x05,
    0x00, 0x00, 0x01, 0x00, 0x01, 0x04, 0x00, 0x11, 0x02, 0x00, 0x00, 0x01, 0x00, 0x10, 0x05, 0x00,
    0x00, 0x06, 0x00, 0x11, 0x05, 0x00, 0x00, 0x01, 0x00, 0x01, 0x06, 0x00, 0x11, 0x06, 0x00, 0x00,
    0x02, 0x00, 0x11, 0x05, 0x00, 0x00, 0x01, 0x00, 0x01, 0x09, 0x00, 0x11, 0x06, 0x00, 0x00, 0x03,
    0x00, 0x11, 0x01, 0x00, 0x10, 0x01, 0x00, 0x00, 0x01, 0x00, 0x01, 0x01, 0x00, 0x00, 0x81, 0x00,
    0x11, 0x01, 0x00, 0x10, 0x01, 0x00, 0x00, 0x01, 0x00, 0x01, 0x07, 0x00, 0x11, 0x02, 0x00, 0x00,
    0x01, 0x00, 0x01, 0x01, 0x00, 0x11, 0x01, 0x00, 0x10, 0x01, 0x00, 0x00, 0x01, 0x00, 0x01, 0x04,
    0x00, 0x11, 0x06, 0x00, 0x00, 0x01, 0x00, 0x01, 0x05, 0x00, 0x11, 0x07, 0x00, 0x00, 0x01, 0x00,
    0x01, 0x03, 0x00, 0x11, 0x01, 0x00, 0x10, 0x06, 0x00, 0x00, 0x01, 0x00, 0x01, 0x04, 0x00, 0x11,
    0x01, 0x00, 0x10, 0x06, 0x00, 0x00, 0x0B, 0x00, 0x11, 0x01, 0x00, 0x10, 0x06, 0x00, 0x00, 0x01,
    0x00, 0x01, 0x03, 0x00, 0x11, 0x01, 0x00, 0x10, 0x06, 0x00, 0x00, 0x01, 0x00, 0x01, 0x03, 0x00,
    0x11, 0x01, 0x00, 0x10, 0x08, 0x00, 0x00, 0x04, 0x00, 0x11, 0x08, 0x00, 0x00, 0x01, 0x00, 0x01,
    0x04, 0x00, 0x11, 0x01, 0x00, 0x10, 0x06, 0x00, 0x00, 0x05, 0x00, 0x11, 0x01, 0x00, 0x10, 0x06,
    0x00, 0x00, 0x01, 0x00, 0x01, 0x01, 0x00, 0x11, 0x05, 0x00, 0x00, 0x01, 0x00, 0x01, 0x08, 0x00,
    0x11, 0x01, 0x00, 0x10, 0x06, 0x00, 0x00, 0x01, 0x00, 0x01, 0x02, 0x00, 0x11, 0x01, 0x00, 0x10,
    0x03, 0x00, 0x00, 0x81, 0x00, 0x11, 0x01, 0x00, 0x10, 0x01, 0x00, 0x00, 0x01, 0x00, 0x01, 0x07,
    0x00, 0x11, 0x02, 0x00, 0x00, 0x02, 0x00, 0x11, 0x01, 0x00, 0x10, 0x01, 0x00, 0x00, 0x01, 0x00,
    0x01, 0x03, 0x00, 0x11, 0x01, 0x00, 0x10, 0x02, 0x00, 0x00, 0x02, 0x00, 0x11, 0x03, 0x00, 0x00,
    0x04, 0x00, 0x11, 0x01, 0x00, 0x10, 0x02, 0x00, 0x00, 0x01, 0x00, 0x01, 0x01, 0x00, 0x11, 0x01,
    0x00, 0x10, 0x03, 0x00, 0x00, 0x03, 0x00, 0x11, 0x02, 0x00, 0x00, 0x01, 0x00, 0x01, 0x02, 0x00,
    0x11, 0x03, 0x00, 0x00, 0x04, 0x00, 0x11, 0x02, 0x00, 0x00, 0x01, 0x00, 0x01, 0x01, 0x00, 0x11,
    0x01, 0x00, 0x10, 0x02, 0x00, 0x00, 0x01, 0x00, 0x01, 0x0A, 0x00, 0x11, 0x03, 0x00, 0x00, 0x02,
    0x00, 0x11, 0x02, 0x00, 0x00, 0x01, 0x00, 0x01, 0x03, 0x00, 0x11, 0x03, 0x00, 0x00, 0x02, 0x00,
    0x11, 0x03, 0x00, 0x00, 0x03, 0x00, 0x11, 0x01, 0x00, 0x10, 0x03, 0x00, 0x00, 0x01, 0x00, 0x01,
    0x01, 0x00, 0x11, 0x01, 0x00, 0x10, 0x02, 0x00, 0x00, 0x01, 0x00, 0x01, 0x03, 0x00, 0x11, 0x04,
    0x00, 0x00, 0x02, 0x00, 0x11, 0x03, 0x00, 0x00, 0x04, 0x00, 0x11, 0x02, 0x00, 0x00, 0x01, 0x00,
    0x01, 0x01, 0x00, 0x11, 0x01, 0x00, 0x10, 0x02, 0x00, 0x00, 0x01, 0x00, 0x01, 0x04, 0x00, 0x11,
    0x03, 0x00, 0x00, 0x02, 0x00, 0x11, 0x02, 0x00, 0x00, 0x01, 0x00, 0x01, 0x01, 0x00, 0x11, 0x05,
    0x00, 0x00, 0x01, 0x00, 0x01, 0x08, 0x00, 0x11, 0x03, 0x00, 0x00, 0x02, 0x00, 0x11, 0x02, 0x00,
    0x00, 0x01, 0x00, 0x01, 0x02, 0x00, 0x11, 0x01, 0x00, 0x10, 0x03, 0x00, 0x00, 0x81, 0x00, 0x11,
    0x01, 0x00, 0x10, 0x01, 0x00, 0x00, 0x01, 0x00, 0x01, 0x07, 0x00, 0x11, 0x02, 0x00, 0x00, 0x02,
    0x00, 0x11, 0x01, 0x00, 0x10, 0x01, 0x00, 0x00, 0x01, 0x00, 0x01, 0x03, 0x00, 0x11, 0x02, 0x00,
    0x00, 0x01, 0x00, 0x01, 0x03, 0x00, 0x11, 0x02, 0x00, 0x00, 0x01, 0x00, 0x01, 0x03, 0x00, 0x11,
    0x02, 0x00, 0x00, 0x01, 0x00, 0x01, 0x03, 0x00, 0x11, 0x01, 0x00, 0x10, 0x02, 0x00, 0x00, 0x03,
    0x00, 0x11, 0x02, 0x00, 0x00, 0x04, 0x00, 0x11, 0x02, 0x00, 0x00, 0x03, 0x00, 0x11, 0x01, 0x00,
    0x10, 0x02, 0x00, 0x00, 0x03, 0x00, 0x11, 0x01, 0x00, 0x10, 0x02, 0x00, 0x00, 0x09, 0x00, 0x11,
    0x01, 0x00, 0x10, 0x02, 0x00, 0x00, 0x03, 0x00, 0x11, 0x01, 0x00, 0x10, 0x02, 0x00, 0x00, 0x02,
    0x00, 0x11, 0x01, 0x00, 0x10, 0x02, 0x00, 0x00, 0x04, 0x00, 0x11, 0x02, 0x00, 0x00, 0x01, 0x00,
    0x01, 0x02, 0x00, 0x11, 0x01, 0x00, 0x10, 0x02, 0x00, 0x00, 0x01, 0x00, 0x01, 0x03, 0x00, 0x11,
    0x02, 0x00, 0x00, 0x01, 0x00, 0x01, 0x03, 0x00, 0x11, 0x03, 0x00, 0x00, 0x03, 0x00, 0x11, 0x01,
    0x00, 0x10, 0x02, 0x00, 0x00, 0x03, 0x00, 0x11, 0x01, 0x00, 0x10, 0x02, 0x00, 0x00, 0x03, 0x00,
    0x11, 0x01, 0x00, 0x10, 0x02, 0x00, 0x00, 0x03, 0x00, 0x11, 0x01, 0x00, 0x10, 0x02, 0x00, 0x00,
    0x03, 0x00, 0x11, 0x01, 0x00, 0x10, 0x02, 0x00, 0x00, 0x02, 0x00, 0x11, 0x01, 0x00, 0x10, 0x02,
    0x00, 0x00, 0x09, 0x00, 0x11, 0x01, 0x00, 0x10, 0x02, 0x00, 0x00, 0x03, 0x00, 0x11, 0x01, 0x00,
    0x10, 0x02, 0x00, 0x00, 0x02, 0x00, 0x11, 0x01, 0x00, 0x10, 0x02, 0x00, 0x00, 0x01, 0x00, 0x01,
    0x81, 0x00, 0x11, 0x01, 0x00, 0x10, 0x01, 0x00, 0x00, 0x01, 0x00, 0x01, 0x06, 0x00, 0x11, 0x01,
    0x00, 0x10, 0x02, 0x00, 0x00, 0x02, 0x00, 0x11, 0x01, 0x00, 0x10, 0x01, 0x00, 0x00, 0x01, 0x00,
    0x01, 0x02, 0x00, 0x11, 0x01, 0x00, 0x10, 0x02, 0x00, 0x00, 0x04, 0x00, 0x11, 0x01, 0x00, 0x10,
    0x01, 0x00, 0x00, 0x01, 0x00, 0x01, 0x03, 0x00, 0x11, 0x02, 0x00, 0x00, 0x05, 0x00, 0x11, 0x02,
    0x00, 0x00, 0x02, 0x00, 0x11, 0x01, 0x00, 0x10, 0x01, 0x00, 0x00, 0x01, 0x00, 0x01, 0x04, 0x00,
    0x11, 0x02, 0x00, 0x00, 0x01, 0x00, 0x01, 0x02, 0x00, 0x11, 0x02, 0x00, 0x00, 0x01, 0x00, 0x01,
    0x04, 0x00, 0x11, 0x02, 0x00, 0x00, 0x09, 0x00, 0x11, 0x01, 0x00, 0x10, 0x01, 0x00, 0x00, 0x01,
    0x00, 0x01, 0x04, 0x00, 0x11, 0x02, 0x00, 0x00, 0x02, 0x00, 0x11, 0x01, 0x00, 0x10, 0x01, 0x00,
    0x00, 0x01, 0x00, 0x01, 0x04, 0x00, 0x11, 0x01, 0x00, 0x10, 0x01, 0x00, 0x00, 0x01, 0x00, 0x01,
    0x02, 0x00, 0x11, 0x01, 0x00, 0x10, 0x02, 0x00, 0x00, 0x04, 0x00, 0x11, 0x01, 0x00, 0x10, 0x01,
    0x00, 0x00, 0x01, 0x00, 0x01, 0x03, 0x00, 0x11, 0x02, 0x00, 0x00, 0x01, 0x00, 0x01, 0x04, 0x00,
    0x11, 0x02, 0x00, 0x00, 0x03, 0x00, 0x11, 0x02, 0x00, 0x00, 0x01, 0x00, 0x01, 0x04, 0x00, 0x11,
    0x02, 0x00, 0x00, 0x03, 0x00, 0x11, 0x01, 0x00, 0x10, 0x01, 0x00, 0x00, 0x01, 0x00, 0x01, 0x04,
    0x00, 0x11, 0x02, 0x00, 0x00, 0x02, 0x00, 0x11, 0x01, 0x00, 0x10, 0x02, 0x00, 0x00, 0x09, 0x00,
    0x11, 0x01, 0x00, 0x10, 0x01, 0x00, 0x00, 0x01, 0x00, 0x01, 0x04, 0x00, 0x11, 0x02, 0x00, 0x00,
    0x02, 0x00, 0x11, 0x01, 0x00, 0x10, 0x02, 0x00, 0x00, 0x82, 0x00, 0x11, 0x01, 0x00, 0x10, 0x01,
    0x00, 0x00, 0x01, 0x00, 0x01, 0x06, 0x00, 0x11, 0x03, 0x00, 0x00, 0x02, 0x00, 0x11, 0x01, 0x00,
    0x10, 0x01, 0x00, 0x00, 0x01, 0x00, 0x01, 0x02, 0x00, 0x11, 0x01, 0x00, 0x10, 0x01, 0x00, 0x00,
    0x01, 0x00, 0x01, 0x04, 0x00, 0x11, 0x01, 0x00, 0x10, 0x02, 0x00, 0x00, 0x03, 0x00, 0x11, 0x02,
    0x00, 0x00, 0x05, 0x00, 0x11, 0x02, 0x00, 0x00, 0x02, 0x00, 0x11, 0x01, 0x00, 0x10, 0x01, 0x00,
    0x00, 0x01, 0x00, 0x01, 0x04, 0x00, 0x11, 0x01, 0x00, 0x10, 0x01, 0x00, 0x00, 0x01, 0x00, 0x01,
    0x02, 0x00, 0x11, 0x02, 0x00, 0x00, 0x05, 0x00, 0x11, 0x02, 0x00, 0x00, 0x01, 0x00, 0x01, 0x08,
    0x00, 0x11, 0x02, 0x00, 0x00, 0x01, 0x00, 0x01, 0x04, 0x00, 0x11, 0x02, 0x00, 0x00, 0x01, 0x00,
    0x01, 0x01, 0x00, 0x11, 0x02, 0x00, 0x00, 0x01, 0x00, 0x01, 0x04, 0x00, 0x11, 0x01, 0x00, 0x10,
    0x02, 0x00, 0x00, 0x02, 0x00, 0x11, 0x01, 0x00, 0x10, 0x02, 0x00, 0x00, 0x04, 0x00, 0x11, 0x01,
    0x00, 0x10, 0x02, 0x00, 0x00, 0x03, 0x00, 0x11, 0x02, 0x00, 0x00, 0x01, 0x00, 0x01, 0x04, 0x00,
    0x11, 0x02, 0x00, 0x00, 0x01, 0x00, 0x01, 0x02, 0x00, 0x11, 0x02, 0x00, 0x00, 0x05, 0x00, 0x11,
    0x02, 0x00, 0x00, 0x01, 0x00, 0x01, 0x02, 0x00, 0x11, 0x02, 0x00, 0x00, 0x01, 0x00, 0x01, 0x04,
    0x00, 0x11, 0x02, 0x00, 0x00, 0x01, 0x00, 0x01, 0x01, 0x00, 0x11, 0x01, 0x00, 0x10, 0x02, 0x00,
    0x00, 0x09, 0x00, 0x11, 0x02, 0x00, 0x00, 0x01, 0x00, 0x01, 0x04, 0x00, 0x11, 0x02, 0x00, 0x00,
    0x01, 0x00, 0x01, 0x01, 0x00, 0x11, 0x01, 0x00, 0x10, 0x02, 0x00, 0x00, 0x82, 0x00, 0x11, 0x01,
    0x00, 0x10, 0x01, 0x00, 0x00, 0x01, 0x00, 0x01, 0x05, 0x00, 0x11, 0x03, 0x00, 0x00, 0x01, 0x00,
    0x01, 0x02, 0x00, 0x11, 0x01, 0x00, 0x10, 0x01, 0x00, 0x00, 0x01, 0x00, 0x01, 0x02, 0x00, 0x11,
    0x02, 0x00, 0x00, 0x01, 0x00, 0x01, 0x05, 0x00, 0x11, 0x02, 0x00, 0x00, 0x03, 0x00, 0x11, 0x02,
    0x00, 0x00, 0x05, 0x00, 0x11, 0x02, 0x00, 0x00, 0x02, 0x00, 0x11, 0x01, 0x00, 0x10, 0x01, 0x00,
    0x00, 0x01, 0x00, 0x01, 0x08, 0x00, 0x11, 0x01, 0x00, 0x10, 0x02, 0x00, 0x00, 0x05, 0x00, 0x11,
    0x01, 0x00, 0x10, 0x01, 0x00, 0x00, 0x01, 0x00, 0x01, 0x08, 0x00, 0x11, 0x02, 0x00, 0x00, 0x05,
    0x00, 0x11, 0x01, 0x00, 0x10, 0x01, 0x00, 0x00, 0x01, 0x00, 0x01, 0x01, 0x00, 0x11, 0x02, 0x00,
    0x00, 0x06, 0x00, 0x11, 0x02, 0x00, 0x00, 0x02, 0x00, 0x11, 0x01, 0x00, 0x10, 0x01, 0x00, 0x00,
    0x01, 0x00, 0x01, 0x04, 0x00, 0x11, 0x01, 0x00, 0x10, 0x02, 0x00, 0x00, 0x03, 0x00, 0x11, 0x02,
    0x00, 0x00, 0x05, 0x00, 0x11, 0x02, 0x00, 0x00, 0x01, 0x00, 0x01, 0x01, 0x00, 0x11, 0x01, 0x00,
    0x10, 0x02, 0x00, 0x00, 0x05, 0x00, 0x11, 0x01, 0x00, 0x10, 0x01, 0x00, 0x00, 0x01, 0x00, 0x01,
    0x02, 0x00, 0x11, 0x02, 0x00, 0x00, 0x05, 0x00, 0x11, 0x01, 0x00, 0x10, 0x01, 0x00, 0x00, 0x01,
    0x00, 0x01, 0x01, 0x00, 0x11, 0x01, 0x00, 0x10, 0x02, 0x00, 0x00, 0x09, 0x00, 0x11, 0x02, 0x00,
    0x00, 0x05, 0x00, 0x11, 0x01, 0x00, 0x10, 0x01, 0x00, 0x00, 0x01, 0x00, 0x01, 0x01, 0x00, 0x11,
    0x01, 0x00, 0x10, 0x01, 0x00, 0x00, 0x01, 0x00, 0x01, 0x82, 0x00, 0x11, 0x01, 0x00, 0x10, 0x0A,
    0x00, 0x00, 0x01, 0x00, 0x01, 0x02, 0x00, 0x11, 0x01, 0x00, 0x10, 0x01, 0x00, 0x00, 0x01, 0x00,
    0x01, 0x02, 0x00, 0x11, 0x02, 0x00, 0x00, 0x06, 0x00, 0x11, 0x02, 0x00, 0x00, 0x0A, 0x00, 0x11,
    0x02, 0x00, 0x00, 0x02, 0x00, 0x11, 0x01, 0x00, 0x10, 0x02, 0x00, 0x00, 0x08, 0x00, 0x11, 0x01,
    0x00, 0x10, 0x01, 0x00, 0x00, 0x01, 0x00, 0x01, 0x05, 0x00, 0x11, 0x01, 0x00, 0x10, 0x01, 0x00,
    0x00, 0x01, 0x00, 0x01, 0x08, 0x00, 0x11, 0x02, 0x00, 0x00, 0x05, 0x00, 0x11, 0x01, 0x00, 0x10,
    0x01, 0x00, 0x00, 0x01, 0x00, 0x01, 0x01, 0x00, 0x11, 0x02, 0x00, 0x00, 0x06, 0x00, 0x11, 0x02,
    0x00, 0x00, 0x02, 0x00, 0x11, 0x01, 0x00, 0x10, 0x01, 0x00, 0x00, 0x01, 0x00, 0x01, 0x04, 0x00,
    0x11, 0x01, 0x00, 0x10, 0x02, 0x00, 0x00, 0x03, 0x00, 0x11, 0x02, 0x00, 0x00, 0x05, 0x00, 0x11,
    0x02, 0x00, 0x00, 0x01, 0x00, 0x01, 0x01, 0x00, 0x11, 0x01, 0x00, 0x10, 0x01, 0x00, 0x00, 0x01,
    0x00, 0x01, 0x05, 0x00, 0x11, 0x01, 0x00, 0x10, 0x01, 0x00, 0x00, 0x01, 0x00, 0x01, 0x02, 0x00,
    0x11, 0x02, 0x00, 0x00, 0x05, 0x00, 0x11, 0x01, 0x00, 0x10, 0x01, 0x00, 0x00, 0x01, 0x00, 0x01,
    0x01, 0x00, 0x11, 0x01, 0x00, 0x10, 0x02, 0x00, 0x00, 0x09, 0x00, 0x11, 0x02, 0x00, 0x00, 0x05,
    0x00, 0x11, 0x01, 0x00, 0x10, 0x01, 0x00, 0x00, 0x01, 0x00, 0x01, 0x01, 0x00, 0x11, 0x01, 0x00,
    0x10, 0x01, 0x00, 0x00, 0x01, 0x00, 0x01, 0x82, 0x00, 0x11, 0x01, 0x00, 0x10, 0x0A, 0x00, 0x00,
    0x03, 0x00, 0x11, 0x01, 0x00, 0x10, 0x01, 0x00, 0x00, 0x01, 0x00, 0x01, 0x02, 0x00, 0x11, 0x02,
    0x00, 0x00, 0x06, 0x00, 0x11, 0x02, 0x00, 0x00, 0x01, 0x00, 0x01, 0x08, 0x00, 0x11, 0x01, 0x00,
    0x10, 0x02, 0x00, 0x00, 0x02, 0x00, 0x11, 0x01, 0x00, 0x10, 0x02, 0x00, 0x00, 0x01, 0x00, 0x01,
    0x07, 0x00, 0x11, 0x01, 0x00, 0x10, 0x01, 0x00, 0x00, 0x01, 0x00, 0x01, 0x05, 0x00, 0x11, 0x01,
    0x00, 0x10, 0x02, 0x00, 0x00, 0x07, 0x00, 0x11, 0x01, 0x00, 0x10, 0x02, 0x00, 0x00, 0x08, 0x00,
    0x11, 0x01, 0x00, 0x10, 0x02, 0x00, 0x00, 0x06, 0x00, 0x11, 0x02, 0x00, 0x00, 0x01, 0x00, 0x01,
    0x01, 0x00, 0x11, 0x01, 0x00, 0x10, 0x01, 0x00, 0x00, 0x01, 0x00, 0x01, 0x04, 0x00, 0x11, 0x01,
    0x00, 0x10, 0x02, 0x00, 0x00, 0x03, 0x00, 0x11, 0x02, 0x00, 0x00, 0x05, 0x00, 0x11, 0x02, 0x00,
    0x00, 0x01, 0x00, 0x01, 0x01, 0x00, 0x11, 0x01, 0x00, 0x10, 0x01, 0x00, 0x00, 0x01, 0x00, 0x01,
    0x05, 0x00, 0x11, 0x01, 0x00, 0x10, 0x02, 0x00, 0x00, 0x01, 0x00, 0x11, 0x01, 0x00, 0x10, 0x02,
    0x00, 0x00, 0x09, 0x00, 0x11, 0x01, 0x00, 0x10, 0x02, 0x00, 0x00, 0x08, 0x00, 0x11, 0x01, 0x00,
    0x10, 0x02, 0x00, 0x00, 0x09, 0x00, 0x11, 0x01, 0x00, 0x10, 0x01, 0x00, 0x00, 0x01, 0x00, 0x01,
    0x82, 0x00, 0x11, 0x01, 0x00, 0x10, 0x09, 0x00, 0x00, 0x01, 0x00, 0x01, 0x03, 0x00, 0x11, 0x01,
    0x00, 0x10, 0x01, 0x00, 0x00, 0x01, 0x00, 0x01, 0x02, 0x00, 0x11, 0x02, 0x00, 0x00, 0x06, 0x00,
    0x11, 0x02, 0x00, 0x00, 0x01, 0x00, 0x01, 0x06, 0x00, 0x11, 0x01, 0x00, 0x10, 0x04, 0x00, 0x00,
    0x03, 0x00, 0x11, 0x04, 0x00, 0x00, 0x01, 0x00, 0x01, 0x05, 0x00, 0x11, 0x01, 0x00, 0x10, 0x01,
    0x00, 0x00, 0x01, 0x00, 0x01, 0x05, 0x00, 0x11, 0x01, 0x00, 0x10, 0x02, 0x00, 0x00, 0x07, 0x00,
    0x11, 0x01, 0x00, 0x10, 0x02, 0x00, 0x00, 0x08, 0x00, 0x11, 0x01, 0x00, 0x10, 0x02, 0x00, 0x00,
    0x06, 0x00, 0x11, 0x02, 0x00, 0x00, 0x01, 0x00, 0x01, 0x01, 0x00, 0x11, 0x01, 0x00, 0x10, 0x01,
    0x00, 0x00, 0x01, 0x00, 0x01, 0x04, 0x00, 0x11, 0x01, 0x00, 0x10, 0x02, 0x00, 0x00, 0x03, 0x00,
    0x11, 0x02, 0x00, 0x00, 0x05, 0x00, 0x11, 0x02, 0x00, 0x00, 0x01, 0x00, 0x01, 0x01, 0x00, 0x11,
    0x01, 0x00, 0x10, 0x01, 0x00, 0x00, 0x01, 0x00, 0x01, 0x05, 0x00, 0x11, 0x01, 0x00, 0x10, 0x02,
    0x00, 0x00, 0x01, 0x00, 0x11, 0x01, 0x00, 0x10, 0x02, 0x00, 0x00, 0x09, 0x00, 0x11, 0x01, 0x00,
    0x10, 0x02, 0x00, 0x00, 0x08, 0x00, 0x11, 0x01, 0x00, 0x10, 0x02, 0x00, 0x00, 0x09, 0x00, 0x11,
    0x01, 0x00, 0x10, 0x01, 0x00, 0x00, 0x01, 0x00, 0x01, 0x82, 0x00, 0x11, 0x01, 0x00, 0x10, 0x08,
    0x00, 0x00, 0x01, 0x00, 0x01, 0x04, 0x00, 0x11, 0x01, 0x00, 0x10, 0x01, 0x00, 0x00, 0x01, 0x00,
    0x01, 0x01, 0x00, 0x11, 0x01, 0x00, 0x10, 0x0A, 0x00, 0x00, 0x01, 0x00, 0x01, 0x04, 0x00, 0x11,
    0x07, 0x00, 0x00, 0x03, 0x00, 0x11, 0x06, 0x00, 0x00, 0x04, 0x00, 0x11, 0x0B, 0x00, 0x00, 0x07,
    0x00, 0x11, 0x01, 0x00, 0x10, 0x02, 0x00, 0x00, 0x08, 0x00, 0x11, 0x01, 0x00, 0x10, 0x02, 0x00,
    0x00, 0x06, 0x00, 0x11, 0x02, 0x00, 0x00, 0x01, 0x00, 0x01, 0x01, 0x00, 0x11, 0x01, 0x00, 0x10,
    0x01, 0x00, 0x00, 0x01, 0x00, 0x01, 0x04, 0x00, 0x11, 0x01, 0x00, 0x10, 0x02, 0x00, 0x00, 0x03,
    0x00, 0x11, 0x02, 0x00, 0x00, 0x05, 0x00, 0x11, 0x02, 0x00, 0x00, 0x01, 0x00, 0x01, 0x01, 0x00,
    0x11, 0x0B, 0x00, 0x00, 0x01, 0x00, 0x11, 0x01, 0x00, 0x10, 0x02, 0x00, 0x00, 0x09, 0x00, 0x11,
    0x01, 0x00, 0x10, 0x02, 0x00, 0x00, 0x08, 0x00, 0x11, 0x01, 0x00, 0x10, 0x02, 0x00, 0x00, 0x09,
    0x00, 0x11, 0x01, 0x00, 0x10, 0x01, 0x00, 0x00, 0x01, 0x00, 0x01, 0x82, 0x00, 0x11, 0x01, 0x00,
    0x10, 0x01, 0x00, 0x00, 0x01, 0x00, 0x01, 0x0B, 0x00, 0x11, 0x01, 0x00, 0x10, 0x01, 0x00, 0x00,
    0x01, 0x00, 0x01, 0x01, 0x00, 0x11, 0x01, 0x00, 0x10, 0x0A, 0x00, 0x00, 0x01, 0x00, 0x01, 0x03,
    0x00, 0x11, 0x08, 0x00, 0x00, 0x04, 0x00, 0x11, 0x06, 0x00, 0x00, 0x01, 0x00, 0x01, 0x02, 0x00,
    0x11, 0x0B, 0x00, 0x00, 0x07, 0x00, 0x11, 0x01, 0x00, 0x10, 0x02, 0x00, 0x00, 0x08, 0x00, 0x11,
    0x01, 0x00, 0x10, 0x01, 0x00, 0x00, 0x01, 0x00, 0x01, 0x06, 0x00, 0x11, 0x02, 0x00, 0x00, 0x01,
    0x00, 0x01, 0x01, 0x00, 0x11, 0x01, 0x00, 0x10, 0x01, 0x00, 0x00, 0x01, 0x00, 0x01, 0x04, 0x00,
    0x11, 0x01, 0x00, 0x10, 0x02, 0x00, 0x00, 0x03, 0x00, 0x11, 0x02, 0x00, 0x00, 0x05, 0x00, 0x11,
    0x02, 0x00, 0x00, 0x01, 0x00, 0x01, 0x01, 0x00, 0x11, 0x0B, 0x00, 0x00, 0x01, 0x00, 0x11, 0x01,
    0x00, 0x10, 0x02, 0x00, 0x00, 0x09, 0x00, 0x11, 0x01, 0x00, 0x10, 0x02, 0x00, 0x00, 0x08, 0x00,
    0x11, 0x01, 0x00, 0x10, 0x02, 0x00, 0x00, 0x09, 0x00, 0x11, 0x01, 0x00, 0x10, 0x01, 0x00, 0x00,
    0x01, 0x00, 0x01, 0x82, 0x00, 0x11, 0x01, 0x00, 0x10, 0x01, 0x00, 0x00, 0x01, 0x00, 0x01, 0x0B,
    0x00, 0x11, 0x01, 0x00, 0x10, 0x01, 0x00, 0x00, 0x01, 0x00, 0x01, 0x01, 0x00, 0x11, 0x01, 0x00,
    0x10, 0x0A, 0x00, 0x00, 0x01, 0x00, 0x01, 0x02, 0x00, 0x11, 0x01, 0x00, 0x10, 0x04, 0x00, 0x00,
    0x01, 0x00, 0x01, 0x01, 0x00, 0x11, 0x02, 0x00, 0x00, 0x04, 0x00, 0x11, 0x01, 0x00, 0x10, 0x06,
    0x00, 0x00, 0x02, 0x00, 0x11, 0x0B, 0x00, 0x00, 0x07, 0x00, 0x11, 0x01, 0x00, 0x10, 0x02, 0x00,
    0x00, 0x08, 0x00, 0x11, 0x01, 0x00, 0x10, 0x01, 0x00, 0x00, 0x01, 0x00, 0x01, 0x06, 0x00, 0x11,
    0x02, 0x00, 0x00, 0x01, 0x00, 0x01, 0x01, 0x00, 0x11, 0x01, 0x00, 0x10, 0x01, 0x00, 0x00, 0x01,
    0x00, 0x01, 0x04, 0x00, 0x11, 0x01, 0x00, 0x10, 0x02, 0x00, 0x00, 0x03, 0x00, 0x11, 0x02, 0x00,
    0x00, 0x05, 0x00, 0x11, 0x02, 0x00, 0x00, 0x01, 0x00, 0x01, 0x01, 0x00, 0x11, 0x0B, 0x00, 0x00,
    0x01, 0x00, 0x11, 0x01, 0x00, 0x10, 0x02, 0x00, 0x00, 0x09, 0x00, 0x11, 0x01, 0x00, 0x10, 0x02,
    0x00, 0x00, 0x08, 0x00, 0x11, 0x01, 0x00, 0x10, 0x02, 0x00, 0x00, 0x09, 0x00, 0x11, 0x01, 0x00,
    0x10, 0x01, 0x00, 0x00, 0x01, 0x00, 0x01, 0x82, 0x00, 0x11, 0x01, 0x00, 0x10, 0x01, 0x00, 0x00,
    0x01, 0x00, 0x01, 0x0B, 0x00, 0x11, 0x01, 0x00, 0x10, 0x01, 0x00, 0x00, 0x01, 0x00, 0x01, 0x01,
    0x00, 0x11, 0x01, 0x00, 0x10, 0x02, 0x00, 0x00, 0x0B, 0x00, 0x11, 0x03, 0x00, 0x00, 0x04, 0x00,
    0x11, 0x02, 0x00, 0x00, 0x06, 0x00, 0x11, 0x01, 0x00, 0x10, 0x04, 0x00, 0x00, 0x01, 0x00, 0x01,
    0x01, 0x00, 0x11, 0x02, 0x00, 0x00, 0x01, 0x00, 0x01, 0x0F, 0x00, 0x11, 0x01, 0x00, 0x10, 0x02,
    0x00, 0x00, 0x08, 0x00, 0x11, 0x01, 0x00, 0x10, 0x02, 0x00, 0x00, 0x06, 0x00, 0x11, 0x02, 0x00,
    0x00, 0x01, 0x00, 0x01, 0x01, 0x00, 0x11, 0x01, 0x00, 0x10, 0x01, 0x00, 0x00, 0x01, 0x00, 0x01,
    0x04, 0x00, 0x11, 0x01, 0x00, 0x10, 0x02, 0x00, 0x00, 0x03, 0x00, 0x11, 0x02, 0x00, 0x00, 0x05,
    0x00, 0x11, 0x02, 0x00, 0x00, 0x01, 0x00, 0x01, 0x01, 0x00, 0x11, 0x02, 0x00, 0x00, 0x01, 0x00,
    0x01, 0x09, 0x00, 0x11, 0x01, 0x00, 0x10, 0x02, 0x00, 0x00, 0x09, 0x00, 0x11, 0x01, 0x00, 0x10,
    0x02, 0x00, 0x00, 0x08, 0x00, 0x11, 0x01, 0x00, 0x10, 0x02, 0x00, 0x00, 0x09, 0x00, 0x11, 0x01,
    0x00, 0x10, 0x01, 0x00, 0x00, 0x01, 0x00, 0x01, 0x82, 0x00, 0x11, 0x01, 0x00, 0x10, 0x01, 0x00,
    0x00, 0x01, 0x00, 0x01, 0x0B, 0x00, 0x11, 0x01, 0x00, 0x10, 0x01, 0x00, 0x00, 0x01, 0x00, 0x01,
    0x01, 0x00, 0x11, 0x01, 0x00, 0x10, 0x02, 0x00, 0x00, 0x0A, 0x00, 0x11, 0x01, 0x00, 0x10, 0x02,
    0x00, 0x00, 0x05, 0x00, 0x11, 0x02, 0x00, 0x00, 0x08, 0x00, 0x11, 0x03, 0x00, 0x00, 0x01, 0x00,
    0x01, 0x01, 0x00, 0x11, 0x02, 0x00, 0x00, 0x01, 0x00, 0x01, 0x0F, 0x00, 0x11, 0x01, 0x00, 0x10,
    0x02, 0x00, 0x00, 0x08, 0x00, 0x11, 0x01, 0x00, 0x10, 0x02, 0x00, 0x00, 0x06, 0x00, 0x11, 0x02,
    0x00, 0x00, 0x01, 0x00, 0x01, 0x01, 0x00, 0x11, 0x01, 0x00, 0x10, 0x01, 0x00, 0x00, 0x01, 0x00,
    0x01, 0x04, 0x00, 0x11, 0x01, 0x00, 0x10, 0x02, 0x00, 0x00, 0x03, 0x00, 0x11, 0x02, 0x00, 0x00,
    0x05, 0x00, 0x11, 0x02, 0x00, 0x00, 0x01, 0x00, 0x01, 0x01, 0x00, 0x11, 0x02, 0x00, 0x00, 0x01,
    0x00, 0x01, 0x09, 0x00, 0x11, 0x01, 0x00, 0x10, 0x02, 0x00, 0x00, 0x09, 0x00, 0x11, 0x01, 0x00,
    0x10, 0x02, 0x00, 0x00, 0x08, 0x00, 0x11, 0x01, 0x00, 0x10, 0x02, 0x00, 0x00, 0x09, 0x00, 0x11,
    0x01, 0x00, 0x10, 0x01, 0x00, 0x00, 0x01, 0x00, 0x01, 0x82, 0x00, 0x11, 0x01, 0x00, 0x10, 0x01,
    0x00, 0x00, 0x01, 0x00, 0x01, 0x0B, 0x00, 0x11, 0x01, 0x00, 0x10, 0x01, 0x00, 0x00, 0x01, 0x00,
    0x01, 0x02, 0x00, 0x11, 0x02, 0x00, 0x00, 0x0A, 0x00, 0x11, 0x01, 0x00, 0x10, 0x01, 0x00, 0x00,
    0x01, 0x00, 0x01, 0x05, 0x00, 0x11, 0x02, 0x00, 0x00, 0x09, 0x00, 0x11, 0x02, 0x00, 0x00, 0x01,
    0x00, 0x01, 0x01, 0x00, 0x11, 0x01, 0x00, 0x10, 0x01, 0x00, 0x00, 0x01, 0x00, 0x01, 0x0F, 0x00,
    0x11, 0x01, 0x00, 0x10, 0x02, 0x00, 0x00, 0x08, 0x00, 0x11, 0x01, 0x00, 0x10, 0x02, 0x00, 0x00,
    0x06, 0x00, 0x11, 0x02, 0x00, 0x00, 0x02, 0x00, 0x11, 0x01, 0x00, 0x10, 0x01, 0x00, 0x00, 0x01,
    0x00, 0x01, 0x04, 0x00, 0x11, 0x01, 0x00, 0x10, 0x02, 0x00, 0x00, 0x03, 0x00, 0x11, 0x02, 0x00,
    0x00, 0x05, 0x00, 0x11, 0x02, 0x00, 0x00, 0x01, 0x00, 0x01, 0x01, 0x00, 0x11, 0x01, 0x00, 0x10,
    0x01, 0x00, 0x00, 0x01, 0x00, 0x01, 0x09, 0x00, 0x11, 0x01, 0x00, 0x10, 0x02, 0x00, 0x00, 0x09,
    0x00, 0x11, 0x01, 0x00, 0x10, 0x02, 0x00, 0x00, 0x08, 0x00, 0x11, 0x01, 0x00, 0x10, 0x02, 0x00,
    0x00, 0x09, 0x00, 0x11, 0x01, 0x00, 0x10, 0x01, 0x00, 0x00, 0x01, 0x00, 0x01, 0x82, 0x00, 0x11,
    0x01, 0x00, 0x10, 0x01, 0x00, 0x00, 0x01, 0x00, 0x01, 0x0B, 0x00, 0x11, 0x01, 0x00, 0x10, 0x01,
    0x00, 0x00, 0x01, 0x00, 0x01, 0x02, 0x00, 0x11, 0x02, 0x00, 0x00, 0x0A, 0x00, 0x11, 0x01, 0x00,
    0x10, 0x01, 0x00, 0x00, 0x01, 0x00, 0x01, 0x05, 0x00, 0x11, 0x02, 0x00, 0x00, 0x09, 0x00, 0x11,
    0x01, 0x00, 0x10, 0x02, 0x00, 0x00, 0x01, 0x00, 0x11, 0x01, 0x00, 0x10, 0x01, 0x00, 0x00, 0x01,
    0x00, 0x01, 0x10, 0x00, 0x11, 0x02, 0x00, 0x00, 0x05, 0x00, 0x11, 0x01, 0x00, 0x10, 0x01, 0x00,
    0x00, 0x01, 0x00, 0x01, 0x01, 0x00, 0x11, 0x02, 0x00, 0x00, 0x06, 0x00, 0x11, 0x02, 0x00, 0x00,
    0x02, 0x00, 0x11, 0x01, 0x00, 0x10, 0x01, 0x00, 0x00, 0x01, 0x00, 0x01, 0x04, 0x00, 0x11, 0x01,
    0x00, 0x10, 0x02, 0x00, 0x00, 0x03, 0x00, 0x11, 0x02, 0x00, 0x00, 0x05, 0x00, 0x11, 0x02, 0x00,
    0x00, 0x01, 0x00, 0x01, 0x01, 0x00, 0x11, 0x01, 0x00, 0x10, 0x01, 0x00, 0x00, 0x01, 0x00, 0x01,
    0x0A, 0x00, 0x11, 0x02, 0x00, 0x00, 0x05, 0x00, 0x11, 0x01, 0x00, 0x10, 0x01, 0x00, 0x00, 0x01,
    0x00, 0x01, 0x01, 0x00, 0x11, 0x01, 0x00, 0x10, 0x02, 0x00, 0x00, 0x09, 0x00, 0x11, 0x02, 0x00,
    0x00, 0x05, 0x00, 0x11, 0x01, 0x00, 0x10, 0x01, 0x00, 0x00, 0x01, 0x00, 0x01, 0x01, 0x00, 0x11,
    0x01, 0x00, 0x10, 0x01, 0x00, 0x00, 0x01, 0x00, 0x01, 0x82, 0x00, 0x11, 0x01, 0x00, 0x10, 0x01,
    0x00, 0x00, 0x01, 0x00, 0x01, 0x0B, 0x00, 0x11, 0x01, 0x00, 0x10, 0x01, 0x00, 0x00, 0x01, 0x00,
    0x01, 0x02, 0x00, 0x11, 0x02, 0x00, 0x00, 0x01, 0x00, 0x01, 0x05, 0x00, 0x11, 0x02, 0x00, 0x00,
    0x02, 0x00, 0x11, 0x01, 0x00, 0x10, 0x01, 0x00, 0x00, 0x01, 0x00, 0x01, 0x05, 0x00, 0x11, 0x02,
    0x00, 0x00, 0x02, 0x00, 0x11, 0x02, 0x00, 0x00, 0x05, 0x00, 0x11, 0x01, 0x00, 0x10, 0x02, 0x00,
    0x00, 0x01, 0x00, 0x11, 0x01, 0x00, 0x10, 0x02, 0x00, 0x00, 0x05, 0x00, 0x11, 0x01, 0x00, 0x10,
    0x01, 0x00, 0x00, 0x01, 0x00, 0x01, 0x08, 0x00, 0x11, 0x02, 0x00, 0x00, 0x05, 0x00, 0x11, 0x01,
    0x00, 0x10, 0x01, 0x00, 0x00, 0x01, 0x00, 0x01, 0x01, 0x00, 0x11, 0x02, 0x00, 0x00, 0x05, 0x00,
    0x11, 0x01, 0x00, 0x10, 0x02, 0x00, 0x00, 0x02, 0x00, 0x11, 0x01, 0x00, 0x10, 0x01, 0x00, 0x00,
    0x01, 0x00, 0x01, 0x04, 0x00, 0x11, 0x01, 0x00, 0x10, 0x02, 0x00, 0x00, 0x03, 0x00, 0x11, 0x02,
    0x00, 0x00, 0x05, 0x00, 0x11, 0x02, 0x00, 0x00, 0x01, 0x00, 0x01, 0x01, 0x00, 0x11, 0x01, 0x00,
    0x10, 0x02, 0x00, 0x00, 0x05, 0x00, 0x11, 0x01, 0x00, 0x10, 0x01, 0x00, 0x00, 0x01, 0x00, 0x01,
    0x02, 0x00, 0x11, 0x02, 0x00, 0x00, 0x05, 0x00, 0x11, 0x01, 0x00, 0x10, 0x01, 0x00, 0x00, 0x01,
    0x00, 0x01, 0x01, 0x00, 0x11, 0x01, 0x00, 0x10, 0x02, 0x00, 0x00, 0x09, 0x00, 0x11, 0x02, 0x00,
    0x00, 0x05, 0x00, 0x11, 0x01, 0x00, 0x10, 0x01, 0x00, 0x00, 0x01, 0x00, 0x01, 0x01, 0x00, 0x11,
    0x01, 0x00, 0x10, 0x01, 0x00, 0x00, 0x01, 0x00, 0x01, 0x82, 0x00, 0x11, 0x01, 0x00, 0x10, 0x01,
    0x00, 0x00, 0x01, 0x00, 0x01, 0x0B, 0x00, 0x11, 0x01, 0x00, 0x10, 0x01, 0x00, 0x00, 0x01, 0x00,
    0x01, 0x02, 0x00, 0x11, 0x02, 0x00, 0x00, 0x01, 0x00, 0x01, 0x05, 0x00, 0x11, 0x02, 0x00, 0x00,
    0x02, 0x00, 0x11, 0x01, 0x00, 0x10, 0x01, 0x00, 0x00, 0x01, 0x00, 0x01, 0x04, 0x00, 0x11, 0x01,
    0x00, 0x10, 0x02, 0x00, 0x00, 0x02, 0x00, 0x11, 0x02, 0x00, 0x00, 0x01, 0x00, 0x01, 0x04, 0x00,
    0x11, 0x01, 0x00, 0x10, 0x01, 0x00, 0x00, 0x01, 0x00, 0x01, 0x01, 0x00, 0x11, 0x01, 0x00, 0x10,
    0x02, 0x00, 0x00, 0x05, 0x00, 0x11, 0x01, 0x00, 0x10, 0x01, 0x00, 0x00, 0x01, 0x00, 0x01, 0x08,
    0x00, 0x11, 0x02, 0x00, 0x00, 0x01, 0x00, 0x01, 0x04, 0x00, 0x11, 0x02, 0x00, 0x00, 0x01, 0x00,
    0x01, 0x01, 0x00, 0x11, 0x02, 0x00, 0x00, 0x01, 0x00, 0x01, 0x04, 0x00, 0x11, 0x01, 0x00, 0x10,
    0x02, 0x00, 0x00, 0x02, 0x00, 0x11, 0x01, 0x00, 0x10, 0x01, 0x00, 0x00, 0x01, 0x00, 0x01, 0x04,
    0x00, 0x11, 0x01, 0x00, 0x10, 0x02, 0x00, 0x00, 0x03, 0x00, 0x11, 0x02, 0x00, 0x00, 0x05, 0x00,
    0x11, 0x02, 0x00, 0x00, 0x01, 0x00, 0x01, 0x01, 0x00, 0x11, 0x01, 0x00, 0x10, 0x02, 0x00, 0x00,
    0x05, 0x00, 0x11, 0x01, 0x00, 0x10, 0x01, 0x00, 0x00, 0x01, 0x00, 0x01, 0x02, 0x00, 0x11, 0x02,
    0x00, 0x00, 0x01, 0x00, 0x01, 0x04, 0x00, 0x11, 0x02, 0x00, 0x00, 0x01, 0x00, 0x01, 0x01, 0x00,
    0x11, 0x01, 0x00, 0x10, 0x02, 0x00, 0x00, 0x09, 0x00, 0x11, 0x02, 0x00, 0x00, 0x01, 0x00, 0x01,
    0x04, 0x00, 0x11, 0x02, 0x00, 0x00, 0x01, 0x00, 0x01, 0x01, 0x00, 0x11, 0x01, 0x00, 0x10, 0x01,
    0x00, 0x00, 0x01, 0x00, 0x01, 0x82, 0x00, 0x11, 0x01, 0x00, 0x10, 0x01, 0x00, 0x00, 0x01, 0x00,
    0x01, 0x0B, 0x00, 0x11, 0x01, 0x00, 0x10, 0x01, 0x00, 0x00, 0x01, 0x00, 0x01, 0x02, 0x00, 0x11,
    0x01, 0x00, 0x10, 0x02, 0x00, 0x00, 0x04, 0x00, 0x11, 0x01, 0x00, 0x10, 0x02, 0x00, 0x00, 0x02,
    0x00, 0x11, 0x01, 0x00, 0x10, 0x01, 0x00, 0x00, 0x01, 0x00, 0x01, 0x04, 0x00, 0x11, 0x03, 0x00,
    0x00, 0x02, 0x00, 0x11, 0x01, 0x00, 0x10, 0x01, 0x00, 0x00, 0x01, 0x00, 0x01, 0x04, 0x00, 0x11,
    0x01, 0x00, 0x10, 0x01, 0x00, 0x00, 0x01, 0x00, 0x01, 0x02, 0x00, 0x11, 0x02, 0x00, 0x00, 0x01,
    0x00, 0x01, 0x04, 0x00, 0x11, 0x02, 0x00, 0x00, 0x01, 0x00, 0x01, 0x08, 0x00, 0x11, 0x01, 0x00,
    0x10, 0x01, 0x00, 0x00, 0x01, 0x00, 0x01, 0x04, 0x00, 0x11, 0x02, 0x00, 0x00, 0x02, 0x00, 0x11,
    0x01, 0x00, 0x10, 0x01, 0x00, 0x00, 0x01, 0x00, 0x01, 0x04, 0x00, 0x11, 0x01, 0x00, 0x10, 0x01,
    0x00, 0x00, 0x01, 0x00, 0x01, 0x02, 0x00, 0x11, 0x01, 0x00, 0x10, 0x01, 0x00, 0x00, 0x01, 0x00,
    0x01, 0x04, 0x00, 0x11, 0x01, 0x00, 0x10, 0x02, 0x00, 0x00, 0x03, 0x00, 0x11, 0x02, 0x00, 0x00,
    0x05, 0x00, 0x11, 0x02, 0x00, 0x00, 0x01, 0x00, 0x01, 0x02, 0x00, 0x11, 0x02, 0x00, 0x00, 0x01,
    0x00, 0x01, 0x04, 0x00, 0x11, 0x02, 0x00, 0x00, 0x01, 0x00, 0x01, 0x02, 0x00, 0x11, 0x01, 0x00,
    0x10, 0x01, 0x00, 0x00, 0x01, 0x00, 0x01, 0x04, 0x00, 0x11, 0x02, 0x00, 0x00, 0x02, 0x00, 0x11,
    0x01, 0x00, 0x10, 0x02, 0x00, 0x00, 0x09, 0x00, 0x11, 0x01, 0x00, 0x10, 0x01, 0x00, 0x00, 0x01,
    0x00, 0x01, 0x04, 0x00, 0x11, 0x02, 0x00, 0x00, 0x02, 0x00, 0x11, 0x01, 0x00, 0x10, 0x01, 0x00,
    0x00, 0x01, 0x00, 0x01, 0x82, 0x00, 0x11, 0x01, 0x00, 0x10, 0x01, 0x00, 0x00, 0x01, 0x00, 0x01,
    0x0B, 0x00, 0x11, 0x01, 0x00, 0x10, 0x01, 0x00, 0x00, 0x01, 0x00, 0x01, 0x02, 0x00, 0x11, 0x01,
    0x00, 0x10, 0x02, 0x00, 0x00, 0x04, 0x00, 0x11, 0x02, 0x00, 0x00, 0x01, 0x00, 0x01, 0x02, 0x00,
    0x11, 0x01, 0x00, 0x10, 0x02, 0x00, 0x00, 0x03, 0x00, 0x11, 0x01, 0x00, 0x10, 0x03, 0x00, 0x00,
    0x02, 0x00, 0x11, 0x01, 0x00, 0x10, 0x02, 0x00, 0x00, 0x04, 0x00, 0x11, 0x02, 0x00, 0x00, 0x01,
    0x00, 0x01, 0x02, 0x00, 0x11, 0x02, 0x00, 0x00, 0x01, 0x00, 0x01, 0x03, 0x00, 0x11, 0x01, 0x00,
    0x10, 0x02, 0x00, 0x00, 0x09, 0x00, 0x11, 0x01, 0x00, 0x10, 0x02, 0x00, 0x00, 0x03, 0x00, 0x11,
    0x01, 0x00, 0x10, 0x02, 0x00, 0x00, 0x02, 0x00, 0x11, 0x01, 0x00, 0x10, 0x02, 0x00, 0x00, 0x04,
    0x00, 0x11, 0x02, 0x00, 0x00, 0x01, 0x00, 0x01, 0x02, 0x00, 0x11, 0x01, 0x00, 0x10, 0x01, 0x00,
    0x00, 0x01, 0x00, 0x01, 0x04, 0x00, 0x11, 0x01, 0x00, 0x10, 0x02, 0x00, 0x00, 0x03, 0x00, 0x11,
    0x02, 0x00, 0x00, 0x05, 0x00, 0x11, 0x02, 0x00, 0x00, 0x01, 0x00, 0x01, 0x02, 0x00, 0x11, 0x02,
    0x00, 0x00, 0x01, 0x00, 0x01, 0x03, 0x00, 0x11, 0x01, 0x00, 0x10, 0x02, 0x00, 0x00, 0x03, 0x00,
    0x11, 0x01, 0x00, 0x10, 0x02, 0x00, 0x00, 0x03, 0x00, 0x11, 0x01, 0x00, 0x10, 0x02, 0x00, 0x00,
    0x03, 0x00, 0x11, 0x02, 0x00, 0x00, 0x09, 0x00, 0x11, 0x01, 0x00, 0x10, 0x02, 0x00, 0x00, 0x03,
    0x00, 0x11, 0x01, 0x00, 0x10, 0x02, 0x00, 0x00, 0x02, 0x00, 0x11, 0x01, 0x00, 0x10, 0x01, 0x00,
    0x00, 0x01, 0x00, 0x01, 0x82, 0x00, 0x11, 0x01, 0x00, 0x10, 0x01, 0x00, 0x00, 0x01, 0x00, 0x01,
    0x0B, 0x00, 0x11, 0x01, 0x00, 0x10, 0x01, 0x00, 0x00, 0x01, 0x00, 0x01, 0x03, 0x00, 0x11, 0x03,
    0x00, 0x00, 0x02, 0x00, 0x11, 0x03, 0x00, 0x00, 0x04, 0x00, 0x11, 0x02, 0x00, 0x00, 0x01, 0x00,
    0x01, 0x01, 0x00, 0x11, 0x01, 0x00, 0x10, 0x04, 0x00, 0x00, 0x03, 0x00, 0x11, 0x03, 0x00, 0x00,
    0x02, 0x00, 0x11, 0x03, 0x00, 0x00, 0x03, 0x00, 0x11, 0x01, 0x00, 0x10, 0x02, 0x00, 0x00, 0x01,
    0x00, 0x01, 0x01, 0x00, 0x11, 0x01, 0x00, 0x10, 0x02, 0x00, 0x00, 0x01, 0x00, 0x01, 0x0A, 0x00,
    0x11, 0x03, 0x00, 0x00, 0x01, 0x00, 0x11, 0x01, 0x00, 0x10, 0x02, 0x00, 0x00, 0x01, 0x00, 0x01,
    0x03, 0x00, 0x11, 0x03, 0x00, 0x00, 0x02, 0x00, 0x11, 0x03, 0x00, 0x00, 0x03, 0x00, 0x11, 0x01,
    0x00, 0x10, 0x01, 0x00, 0x00, 0x01, 0x00, 0x01, 0x04, 0x00, 0x11, 0x01, 0x00, 0x10, 0x02, 0x00,
    0x00, 0x03, 0x00, 0x11, 0x02, 0x00, 0x00, 0x05, 0x00, 0x11, 0x02, 0x00, 0x00, 0x01, 0x00, 0x01,
    0x02, 0x00, 0x11, 0x01, 0x00, 0x10, 0x02, 0x00, 0x00, 0x01, 0x00, 0x01, 0x01, 0x00, 0x11, 0x01,
    0x00, 0x10, 0x02, 0x00, 0x00, 0x01, 0x00, 0x01, 0x04, 0x00, 0x11, 0x03, 0x00, 0x00, 0x01, 0x00,
    0x11, 0x01, 0x00, 0x10, 0x02, 0x00, 0x00, 0x01, 0x00, 0x01, 0x03, 0x00, 0x11, 0x03, 0x00, 0x00,
    0x01, 0x00, 0x01, 0x08, 0x00, 0x11, 0x03, 0x00, 0x00, 0x01, 0x00, 0x11, 0x01, 0x00, 0x10, 0x02,
    0x00, 0x00, 0x01, 0x00, 0x01, 0x02, 0x00, 0x11, 0x01, 0x00, 0x10, 0x01, 0x00, 0x00, 0x01, 0x00,
    0x01, 0x82, 0x00, 0x11, 0x01, 0x00, 0x10, 0x01, 0x00, 0x00, 0x01, 0x00, 0x01, 0x0B, 0x00, 0x11,
    0x01, 0x00, 0x10, 0x01, 0x00, 0x00, 0x01, 0x00, 0x01, 0x03, 0x00, 0x11, 0x01, 0x00, 0x10, 0x06,
    0x00, 0x00, 0x01, 0x00, 0x01, 0x04, 0x00, 0x11, 0x0A, 0x00, 0x00, 0x01, 0x00, 0x01, 0x01, 0x00,
    0x11, 0x07, 0x00, 0x00, 0x01, 0x00, 0x01, 0x04, 0x00, 0x11, 0x07, 0x00, 0x00, 0x0B, 0x00, 0x11,
    0x01, 0x00, 0x10, 0x06, 0x00, 0x00, 0x04, 0x00, 0x11, 0x01, 0x00, 0x10, 0x06, 0x00, 0x00, 0x01,
    0x00, 0x01, 0x03, 0x00, 0x11, 0x01, 0x00, 0x10, 0x01, 0x00, 0x00, 0x01, 0x00, 0x01, 0x04, 0x00,
    0x11, 0x01, 0x00, 0x10, 0x02, 0x00, 0x00, 0x03, 0x00, 0x11, 0x02, 0x00, 0x00, 0x05, 0x00, 0x11,
    0x02, 0x00, 0x00, 0x01, 0x00, 0x01, 0x03, 0x00, 0x11, 0x07, 0x00, 0x00, 0x05, 0x00, 0x11, 0x01,
    0x00, 0x10, 0x06, 0x00, 0x00, 0x04, 0x00, 0x11, 0x03, 0x00, 0x00, 0x01, 0x00, 0x01, 0x08, 0x00,
    0x11, 0x01, 0x00, 0x10, 0x06, 0x00, 0x00, 0x03, 0x00, 0x11, 0x01, 0x00, 0x10, 0x01, 0x00, 0x00,
    0x01, 0x00, 0x01, 0x82, 0x00, 0x11, 0x01, 0x00, 0x10, 0x01, 0x00, 0x00, 0x01, 0x00, 0x01, 0x0B,
    0x00, 0x11, 0x01, 0x00, 0x10, 0x01, 0x00, 0x00, 0x01, 0x00, 0x01, 0x04, 0x00, 0x11, 0x06, 0x00,
    0x00, 0x05, 0x00, 0x11, 0x01, 0x00, 0x10, 0x05, 0x00, 0x00, 0x01, 0x00, 0x11, 0x01, 0x00, 0x10,
    0x02, 0x00, 0x00, 0x01, 0x00, 0x01, 0x01, 0x00, 0x11, 0x01, 0x00, 0x10, 0x06, 0x00, 0x00, 0x05,
    0x00, 0x11, 0x01, 0x00, 0x10, 0x05, 0x00, 0x00, 0x01, 0x00, 0x01, 0x0C, 0x00, 0x11, 0x05, 0x00,
    0x00, 0x01, 0x00, 0x01, 0x05, 0x00, 0x11, 0x06, 0x00, 0x00, 0x04, 0x00, 0x11, 0x01, 0x00, 0x10,
    0x01, 0x00, 0x00, 0x01, 0x00, 0x01, 0x04, 0x00, 0x11, 0x01, 0x00, 0x10, 0x02, 0x00, 0x00, 0x03,
    0x00, 0x11, 0x02, 0x00, 0x00, 0x05, 0x00, 0x11, 0x02, 0x00, 0x00, 0x01, 0x00, 0x01, 0x03, 0x00,
    0x11, 0x01, 0x00, 0x10, 0x05, 0x00, 0x00, 0x01, 0x00, 0x01, 0x06, 0x00, 0x11, 0x05, 0x00, 0x00,
    0x01, 0x00, 0x01, 0x04, 0x00, 0x11, 0x01, 0x00, 0x10, 0x02, 0x00, 0x00, 0x01, 0x00, 0x01, 0x09,
    0x00, 0x11, 0x05, 0x00, 0x00, 0x01, 0x00, 0x01, 0x03, 0x00, 0x11, 0x01, 0x00, 0x10, 0x01, 0x00,
    0x00, 0x01, 0x00, 0x01, 0x98, 0x00, 0x11, 0x04, 0x00, 0x00, 0x07, 0x00, 0x11, 0x01, 0x00, 0x10,
    0x03, 0x00, 0x00, 0x03, 0x00, 0x11, 0x02, 0x00, 0x00, 0x01, 0x00, 0x01, 0x02, 0x00, 0x11, 0x01,
    0x00, 0x10, 0x04, 0x00, 0x00, 0x07, 0x00, 0x11, 0x01, 0x00, 0x10, 0x03, 0x00, 0x00, 0x01, 0x00,
    0x01, 0x0E, 0x00, 0x11, 0x03, 0x00, 0x00, 0x01, 0x00, 0x01, 0x07, 0x00, 0x11, 0x04, 0x00, 0x00,
    0x20, 0x00, 0x11, 0x01, 0x00, 0x10, 0x03, 0x00, 0x00, 0x01, 0x00, 0x01, 0x08, 0x00, 0x11, 0x03,
    0x00, 0x00, 0x01, 0x00, 0x01, 0x13, 0x00, 0x11, 0x03, 0x00, 0x00, 0x01, 0x00, 0x01, 0xFF, 0xFF,
    0x11, 0xFF, 0xFF, 0x11, 0xFF, 0xFF, 0x11, 0x1F, 0x25, 0x11, 0x28, 0x00, 0x00, 0x01, 0x00, 0x01,
    0x03, 0x01, 0x11, 0x28, 0x00, 0x00, 0x01, 0x00, 0x01, 0x03, 0x01, 0x11, 0x28, 0x00, 0x00, 0x01,
    0x00, 0x01, 0x03, 0x01, 0x11, 0x28, 0x00, 0x00, 0x01, 0x00, 0x01, 0x03, 0x01, 0x11, 0x28, 0x00,
    0x00, 0x01, 0x00, 0x01, 0x03, 0x01, 0x11, 0x28, 0x00, 0x00, 0x01, 0x00, 0x01, 0x03, 0x01, 0x11,
    0x28, 0x00, 0x00, 0x01, 0x00, 0x01, 0x03, 0x01, 0x11, 0x28, 0x00, 0x00, 0x01, 0x00, 0x01, 0x03,
    0x01, 0x11, 0x28, 0x00, 0x00, 0x01, 0x00, 0x01, 0x03, 0x01, 0x11, 0x28, 0x00, 0x00, 0x01, 0x00,
    0x01, 0x03, 0x01, 0x11, 0x28, 0x00, 0x00, 0x01, 0x00, 0x01, 0x03, 0x01, 0x11, 0x28, 0x00, 0x00,
    0x01, 0x00, 0x01, 0x03, 0x01, 0x11, 0x28, 0x00, 0x00, 0x01, 0x00, 0x01, 0x03, 0x01, 0x11, 0x28,
    0x00, 0x00, 0x01, 0x00, 0x01, 0x03, 0x01, 0x11, 0x28, 0x00, 0x00, 0x01, 0x00, 0x01, 0x03, 0x01,
    0x11, 0x28, 0x00, 0x00, 0x01, 0x00, 0x01, 0x03, 0x01, 0x11, 0x28, 0x00, 0x00, 0x01, 0x00, 0x01,
    0x03, 0x01, 0x11, 0x28, 0x00, 0x00, 0x01, 0x00, 0x01, 0x03, 0x01, 0x11, 0x28, 0x00, 0x00, 0x01,
    0x00, 0x01, 0x03, 0x01, 0x11, 0x28, 0x00, 0x00, 0x01, 0x00, 0x01, 0x03, 0x01, 0x11, 0x28, 0x00,
    0x00, 0x01, 0x00, 0x01, 0x03, 0x01, 0x11, 0x28, 0x00, 0x00, 0x01, 0x00, 0x01, 0x03, 0x01, 0x11,
    0x28, 0x00, 0x00, 0x01, 0x00, 0x01, 0x03, 0x01, 0x11, 0x28, 0x00, 0x00, 0x01, 0x00, 0x01, 0x03,
    0x01, 0x11, 0x28, 0x00, 0x00, 0x01, 0x00, 0x01, 0x03, 0x01, 0x11, 0x28, 0x00, 0x00, 0x01, 0x00,
    0x01, 0x03, 0x01, 0x11, 0x28, 0x00, 0x00, 0x01, 0x00, 0x01, 0x03, 0x01, 0x11, 0x28, 0x00, 0x00,
    0x01, 0x00, 0x01, 0x03, 0x01, 0x11, 0x28, 0x00, 0x00, 0x01, 0x00, 0x01, 0x03, 0x01, 0x11, 0x28,
    0x00, 0x00, 0x01, 0x00, 0x01, 0x03, 0x01, 0x11, 0x28, 0x00, 0x00, 0x01, 0x00, 0x01, 0x03, 0x01,
    0x11, 0x28, 0x00, 0x00, 0x01, 0x00, 0x01, 0x03, 0x01, 0x11, 0x28, 0x00, 0x00, 0x01, 0x00, 0x01,
    0x03, 0x01, 0x11, 0x28, 0x00, 0x00, 0x01, 0x00, 0x01, 0x03, 0x01, 0x11, 0x28, 0x00, 0x00, 0x01,
    0x00, 0x01, 0x03, 0x01, 0x11, 0x28, 0x00, 0x00, 0x01, 0x00, 0x01, 0x03, 0x01, 0x11, 0x28, 0x00,
    0x00, 0x01, 0x00, 0x01, 0x03, 0x01, 0x11, 0x28, 0x00, 0x00, 0x01, 0x00, 0x01, 0x03, 0x01, 0x11,
    0x28, 0x00, 0x00, 0x01, 0x00, 0x01, 0x03, 0x01, 0x11, 0x28, 0x00, 0x00, 0x01, 0x00, 0x01, 0x03,
    0x01, 0x11, 0x28, 0x00, 0x00, 0x01, 0x00, 0x01, 0x03, 0x01, 0x11, 0x28, 0x00, 0x00, 0x01, 0x00,
    0x01, 0x03, 0x01, 0x11, 0x28, 0x00, 0x00, 0x01, 0x00, 0x01, 0x03, 0x01, 0x11, 0x28, 0x00, 0x00,
    0x01, 0x00, 0x01, 0x03, 0x01, 0x11, 0x28, 0x00, 0x00, 0x01, 0x00, 0x01, 0x03, 0x01, 0x11, 0x6E,
    0x00, 0x00, 0x01, 0x00, 0x01, 0xBD, 0x00, 0x11, 0x6E, 0x00, 0x00, 0x01, 0x00, 0x01, 0xBD, 0x00,
    0x11, 0x6E, 0x00, 0x00, 0x01, 0x00, 0x01, 0xBD, 0x00, 0x11, 0x6E, 0x00, 0x00, 0x01, 0x00, 0x01,
    0xBD, 0x00, 0x11, 0x6E, 0x00, 0x00, 0x01, 0x00, 0x01, 0xBD, 0x00, 0x11, 0x6E, 0x00, 0x00, 0x01,
    0x00, 0x01, 0xBD, 0x00, 0x11, 0x6E, 0x00, 0x00, 0x01, 0x00, 0x01, 0xBD, 0x00, 0x11, 0x6E, 0x00,
    0x00, 0x01, 0x00, 0x01, 0xBD, 0x00, 0x11, 0x6E, 0x00, 0x00, 0x01, 0x00, 0x01, 0xBD, 0x00, 0x11,
    0x6E, 0x00, 0x00, 0x01, 0x00, 0x01, 0xBD, 0x00, 0x11, 0x6E, 0x00, 0x00, 0x01, 0x00, 0x01, 0xBD,
    0x00, 0x11, 0x6E, 0x00, 0x00, 0x01, 0x00, 0x01, 0xBD, 0x00, 0x11, 0x6E, 0x00, 0x00, 0x01, 0x00,
    0x01, 0xBD, 0x00, 0x11, 0x6E, 0x00, 0x00, 0x01, 0x00, 0x01, 0xBD, 0x00, 0x11, 0x6E, 0x00, 0x00,
    0x01, 0x00, 0x01, 0xBD, 0x00, 0x11, 0x6E, 0x00, 0x00, 0x01, 0x00, 0x01, 0xBD, 0x00, 0x11, 0x6E,
    0x00, 0x00, 0x01, 0x00, 0x01, 0xBD, 0x00, 0x11, 0x6E, 0x00, 0x00, 0x01, 0x00, 0x01, 0xBD, 0x00,
    0x11, 0x6E, 0x00, 0x00, 0x01, 0x00, 0x01, 0xBD, 0x00, 0x11, 0x6E, 0x00, 0x00, 0x01, 0x00, 0x01,
    0xBD, 0x00, 0x11, 0x6E, 0x00, 0x00, 0x01, 0x00, 0x01, 0xBD, 0x00, 0x11, 0x6E, 0x00, 0x00, 0x01,
    0x00, 0x01, 0xBD, 0x00, 0x11, 0x6E, 0x00, 0x00, 0x01, 0x00, 0x01, 0xBD, 0x00, 0x11, 0x6E, 0x00,
    0x00, 0x01, 0x00, 0x01, 0xBD, 0x00, 0x11, 0x6E, 0x00, 0x00, 0x01, 0x00, 0x01, 0xBD, 0x00, 0x11,
    0x6E, 0x00, 0x00, 0x01, 0x00, 0x01, 0xBD, 0x00, 0x11, 0x6E, 0x00, 0x00, 0x01, 0x00, 0x01, 0xBD,
    0x00, 0x11, 0x6E, 0x00, 0x00, 0x01, 0x00, 0x01, 0x1D, 0x01, 0x11, 0x01, 0x00, 0x10, 0x0D, 0x00,
    0x00, 0x01, 0x00, 0x01, 0x1D, 0x01, 0x11, 0x01, 0x00, 0x10, 0x0D, 0x00, 0x00, 0x01, 0x00, 0x01,
    0x1D, 0x01, 0x11, 0x01, 0x00, 0x10, 0x0D, 0x00, 0x00, 0x01, 0x00, 0x01, 0x1D, 0x01, 0x11, 0x01,
    0x00, 0x10, 0x0D, 0x00, 0x00, 0x01, 0x00, 0x01, 0x1D, 0x01, 0x11, 0x01, 0x00, 0x10, 0x0D, 0x00,
    0x00, 0x01, 0x00, 0x01, 0x1D, 0x01, 0x11, 0x01, 0x00, 0x10, 0x0D, 0x00, 0x00, 0x01, 0x00, 0x01,
    0x1D, 0x01, 0x11, 0x01, 0x00, 0x10, 0x0D, 0x00, 0x00, 0x01, 0x00, 0x01, 0x1D, 0x01, 0x11, 0x01,
    0x00, 0x10, 0x0D, 0x00, 0x00, 0x01, 0x00, 0x01, 0x1D, 0x01, 0x11, 0x01, 0x00, 0x10, 0x0D, 0x00,
    0x00, 0x01, 0x00, 0x01, 0x1D, 0x01, 0x11, 0x01, 0x00, 0x10, 0x0D, 0x00, 0x00, 0x01, 0x00, 0x01,
    0x1D, 0x01, 0x11, 0x01, 0x00, 0x10, 0x0D, 0x00, 0x00, 0x01, 0x00, 0x01, 0x1D, 0x01, 0x11, 0x01,
    0x00, 0x10, 0x0D, 0x00, 0x00, 0x01, 0x00, 0x01, 0x1D, 0x01, 0x11, 0x01, 0x00, 0x10, 0x0D, 0x00,
    0x00, 0x01, 0x00, 0x01, 0x1D, 0x01, 0x11, 0x01, 0x00, 0x10, 0x0D, 0x00, 0x00, 0x01, 0x00, 0x01,
    0x1D, 0x01, 0x11, 0x01, 0x00, 0x10, 0x0D, 0x00, 0x00, 0x01, 0x00, 0x01, 0x1D, 0x01, 0x11, 0x01,
    0x00, 0x10, 0x0D, 0x00, 0x00, 0x01, 0x00, 0x01, 0x1D, 0x01, 0x11, 0x01, 0x00, 0x10, 0x0D, 0x00,
    0x00, 0x01, 0x00, 0x01, 0x1D, 0x01, 0x11, 0x01, 0x00, 0x10, 0x0D, 0x00, 0x00, 0x01, 0x00, 0x01,
    0x1D, 0x01, 0x11, 0x01, 0x00, 0x10, 0x0D, 0x00, 0x00, 0x01, 0x00, 0x01, 0x1D, 0x01, 0x11, 0x01,
    0x00, 0x10, 0x0D, 0x00, 0x00, 0x01, 0x00, 0x01, 0x1D, 0x01, 0x11, 0x01, 0x00, 0x10, 0x0D, 0x00,
    0x00, 0x01, 0x00, 0x01, 0x1D, 0x01, 0x11, 0x01, 0x00, 0x10, 0x0D, 0x00, 0x00, 0x01, 0x00, 0x01,
    0x1D, 0x01, 0x11, 0x01, 0x00, 0x10, 0x0D, 0x00, 0x00, 0x01, 0x00, 0x01, 0x1D, 0x01, 0x11, 0x01,
    0x00, 0x10, 0x0D, 0x00, 0x00, 0x01, 0x00, 0x01, 0x1D, 0x01, 0x11, 0x01, 0x00, 0x10, 0x0D, 0x00,
    0x00, 0x01, 0x00, 0x01, 0x1D, 0x01, 0x11, 0x01, 0x00, 0x10, 0x0D, 0x00, 0x00, 0x01, 0x00, 0x01,
    0x1D, 0x01, 0x11, 0x01, 0x00, 0x10, 0x0D, 0x00, 0x00, 0x01, 0x00, 0x01, 0x1D, 0x01, 0x11, 0x01,
    0x00, 0x10, 0x0D, 0x00, 0x00, 0x01, 0x00, 0x01, 0x1D, 0x01, 0x11, 0x01, 0x00, 0x10, 0x0D, 0x00,
    0x00, 0x01, 0x00, 0x01, 0x1D, 0x01, 0x11, 0x01, 0x00, 0x10, 0x0D, 0x00, 0x00, 0x01, 0x00, 0x01,
    0x1D, 0x01, 0x11, 0x01, 0x00, 0x10, 0x0D, 0x00, 0x00, 0x01, 0x00, 0x01, 0x1D, 0x01, 0x11, 0x01,
    0x00, 0x10, 0x0D, 0x00, 0x00, 0x01, 0x00, 0x01, 0x1D, 0x01, 0x11, 0x01, 0x00, 0x10, 0x0D, 0x00,
    0x00, 0x01, 0x00, 0x01, 0x1D, 0x01, 0x11, 0x01, 0x00, 0x10, 0x0D, 0x00, 0x00, 0x01, 0x00, 0x01,
    0x1D, 0x01, 0x11, 0x01, 0x00, 0x10, 0x0D, 0x00, 0x00, 0x01, 0x00, 0x01, 0x1D, 0x01, 0x11, 0x01,
    0x00, 0x10, 0x0D, 0x00, 0x00, 0x01, 0x00, 0x01, 0x1D, 0x01, 0x11, 0x01, 0x00, 0x10, 0x0D, 0x00,
    0x00, 0x01, 0x00, 0x01, 0x1D, 0x01, 0x11, 0x01, 0x00, 0x10, 0x0D, 0x00, 0x00, 0x01, 0x00, 0x01,
    0x1D, 0x01, 0x11, 0x01, 0x00, 0x10, 0x0D, 0x00, 0x00, 0x01, 0x00, 0x01, 0x1D, 0x01, 0x11, 0x01,
    0x00, 0x10, 0x0D, 0x00, 0x00, 0x01, 0x00, 0x01, 0x1D, 0x01, 0x11, 0x01, 0x00, 0x10, 0x0D, 0x00,
    0x00, 0x01, 0x00, 0x01, 0x1D, 0x01, 0x11, 0x01, 0x00, 0x10, 0x0D, 0x00, 0x00, 0x01, 0x00, 0x01,
    0x1D, 0x01, 0x11, 0x01, 0x00, 0x10, 0x0D, 0x00, 0x00, 0x01, 0x00, 0x01, 0x1D, 0x01, 0x11, 0x01,
    0x00, 0x10, 0x0D, 0x00, 0x00, 0x01, 0x00, 0x01, 0x1D, 0x01, 0x11, 0x01, 0x00, 0x10, 0x0D, 0x00,
    0x00, 0x01, 0x00, 0x01, 0x1D, 0x01, 0x11, 0x01, 0x00, 0x10, 0x0D, 0x00, 0x00, 0x01, 0x00, 0x01,
    0x1D, 0x01, 0x11, 0x01, 0x00, 0x10, 0x0D, 0x00, 0x00, 0x01, 0x00, 0x01, 0x1D, 0x01, 0x11, 0x01,
    0x00, 0x10, 0x0D, 0x00, 0x00, 0x01, 0x00, 0x01, 0x1D, 0x01, 0x11, 0x01, 0x00, 0x10, 0x0D, 0x00,
    0x00, 0x01, 0x00, 0x01, 0x1D, 0x01, 0x11, 0x01, 0x00, 0x10, 0x0D, 0x00, 0x00, 0x01, 0x00, 0x01,
    0x1D, 0x01, 0x11, 0x01, 0x00, 0x10, 0x0D, 0x00, 0x00, 0x01, 0x00, 0x01, 0x1D, 0x01, 0x11, 0x01,
    0x00, 0x10, 0x0D, 0x00, 0x00, 0x01, 0x00, 0x01, 0x1D, 0x01, 0x11, 0x01, 0x00, 0x10, 0x0D, 0x00,
    0x00, 0x01, 0x00, 0x01, 0x1D, 0x01, 0x11, 0x01, 0x00, 0x10, 0x0D, 0x00, 0x00, 0x01, 0x00, 0x01,
    0x1D, 0x01, 0x11, 0x01, 0x00, 0x10, 0x0D, 0x00, 0x00, 0x01, 0x00, 0x01, 0x1D, 0x01, 0x11, 0x01,
    0x00, 0x10, 0x0D, 0x00, 0x00, 0x01, 0x00, 0x01, 0x1D, 0x01, 0x11, 0x01, 0x00, 0x10, 0x0D, 0x00,
    0x00, 0x01, 0x00, 0x01, 0x1D, 0x01, 0x11, 0x01, 0x00, 0x10, 0x0D, 0x00, 0x00, 0x01, 0x00, 0x01,
    0x1D, 0x01, 0x11, 0x01, 0x00, 0x10, 0x0D, 0x00, 0x00, 0x01, 0x00, 0x01, 0x1D, 0x01, 0x11, 0x01,
    0x00, 0x10, 0x0D, 0x00, 0x00, 0x01, 0x00, 0x01, 0x1D, 0x01, 0x11, 0x01, 0x00, 0x10, 0x0D, 0x00,
    0x00, 0x01, 0x00, 0x01, 0x1D, 0x01, 0x11, 0x01, 0x00, 0x10, 0x0D, 0x00, 0x00, 0x01, 0x00, 0x01,
    0x1D, 0x01, 0x11, 0x01, 0x00, 0x10, 0x0D, 0x00, 0x00, 0x01, 0x00, 0x01, 0x1D, 0x01, 0x11, 0x01,
    0x00, 0x10, 0x0D, 0x00, 0x00, 0x01, 0x00, 0x01, 0x1D, 0x01, 0x11, 0x01, 0x00, 0x10, 0x0D, 0x00,
    0x00, 0x01, 0x00, 0x01, 0x1D, 0x01, 0x11, 0x01, 0x00, 0x10, 0x0D, 0x00, 0x00, 0x01, 0x00, 0x01,
    0x1D, 0x01, 0x11, 0x01, 0x00, 0x10, 0x0D, 0x00, 0x00, 0x01, 0x00, 0x01, 0x1D, 0x01, 0x11, 0x01,
    0x00, 0x10, 0x0D, 0x00, 0x00, 0x01, 0x00, 0x01, 0x1D, 0x01, 0x11, 0x01, 0x00, 0x10, 0x0D, 0x00,
    0x00, 0x01, 0x00, 0x01, 0x1D, 0x01, 0x11, 0x01, 0x00, 0x10, 0x0D, 0x00, 0x00, 0x01, 0x00, 0x01,
    0x1D, 0x01, 0x11, 0x01, 0x00, 0x10, 0x0D, 0x00, 0x00, 0x01, 0x00, 0x01, 0x1D, 0x01, 0x11, 0x01,
    0x00, 0x10, 0x0D, 0x00, 0x00, 0x01, 0x00, 0x01, 0x1D, 0x01, 0x11, 0x01, 0x00, 0x10, 0x0D, 0x00,
    0x00, 0x01, 0x00, 0x01, 0x1D, 0x01, 0x11, 0x01, 0x00, 0x10, 0x0D, 0x00, 0x00, 0x01, 0x00, 0x01,
    0x1D, 0x01, 0x11, 0x01, 0x00, 0x10, 0x0D, 0x00, 0x00, 0x01, 0x00, 0x01, 0x1D, 0x01, 0x11, 0x01,
    0x00, 0x10, 0x0D, 0x00, 0x00, 0x01, 0x00, 0x01, 0x1D, 0x01, 0x11, 0x01, 0x00, 0x10, 0x0D, 0x00,
    0x00, 0x01, 0x00, 0x01, 0x1D, 0x01, 0x11, 0x01, 0x00, 0x10, 0x0D, 0x00, 0x00, 0x01, 0x00, 0x01,
    0x1D, 0x01, 0x11, 0x01, 0x00, 0x10, 0x0D, 0x00, 0x00, 0x01, 0x00, 0x01, 0x1D, 0x01, 0x11, 0x01,
    0x00, 0x10, 0x0D, 0x00, 0x00, 0x01, 0x00, 0x01, 0x1D, 0x01, 0x11, 0x01, 0x00, 0x10, 0x0D, 0x00,
    0x00, 0x01, 0x00, 0x01, 0x1D, 0x01, 0x11, 0x01, 0x00, 0x10, 0x0D, 0x00, 0x00, 0x01, 0x00, 0x01,
    0x1D, 0x01, 0x11, 0x01, 0x00, 0x10, 0x0D, 0x00, 0x00, 0x01, 0x00, 0x01, 0x1D, 0x01, 0x11, 0x01,
    0x00, 0x10, 0x0D, 0x00, 0x00, 0x01, 0x00, 0x01, 0x1D, 0x01, 0x11, 0x01, 0x00, 0x10, 0x0D, 0x00,
    0x00, 0x01, 0x00, 0x01, 0x1D, 0x01, 0x11, 0x01, 0x00, 0x10, 0x0D, 0x00, 0x00, 0x01, 0x00, 0x01,
    0x1D, 0x01, 0x11, 0x01, 0x00, 0x10, 0x0D, 0x00, 0x00, 0x01, 0x00, 0x01, 0x1D, 0x01, 0x11, 0x01,
    0x00, 0x10, 0x0D, 0x00, 0x00, 0x01, 0x00, 0x01, 0x1D, 0x01, 0x11, 0x01, 0x00, 0x10, 0x0D, 0x00,
    0x00, 0x01, 0x00, 0x01, 0x1D, 0x01, 0x11, 0x01, 0x00, 0x10, 0x0D, 0x00, 0x00, 0x01, 0x00, 0x01,
    0x1D, 0x01, 0x11, 0x01, 0x00, 0x10, 0x0D, 0x00, 0x00, 0x01, 0x00, 0x01, 0x1D, 0x01, 0x11, 0x01,
    0x00, 0x10, 0x0D, 0x00, 0x00, 0x01, 0x00, 0x01, 0x1D, 0x01, 0x11, 0x01, 0x00, 0x10, 0x0D, 0x00,
    0x00, 0x01, 0x00, 0x01, 0x1D, 0x01, 0x11, 0x01, 0x00, 0x10, 0x0D, 0x00, 0x00, 0x01, 0x00, 0x01,
    0x1D, 0x01, 0x11, 0x01, 0x00, 0x10, 0x0D, 0x00, 0x00, 0x01, 0x00, 0x01, 0x1D, 0x01, 0x11, 0x01,
    0x00, 0x10, 0x0D, 0x00, 0x00, 0x01, 0x00, 0x01, 0x1D, 0x01, 0x11, 0x01, 0x00, 0x10, 0x0D, 0x00,
    0x00, 0x01, 0x00, 0x01, 0x1D, 0x01, 0x11, 0x01, 0x00, 0x10, 0x0D, 0x00, 0x00, 0x01, 0x00, 0x01,
    0x1D, 0x01, 0x11, 0x01, 0x00, 0x10, 0x0D, 0x00, 0x00, 0x01, 0x00, 0x01, 0x1D, 0x01, 0x11, 0x01,
    0x00, 0x10, 0x0D, 0x00, 0x00, 0x01, 0x00, 0x01, 0x1D, 0x01, 0x11, 0x01, 0x00, 0x10, 0x0D, 0x00,
    0x00, 0x01, 0x00, 0x01, 0x1D, 0x01, 0x11, 0x01, 0x00, 0x10, 0x0D, 0x00, 0x00, 0x01, 0x00, 0x01,
    0xBD, 0x00, 0x11, 0x04, 0x00, 0x33, 0x5C, 0x00, 0x11, 0x01, 0x00, 0x10, 0x0D, 0x00, 0x00, 0x01,
    0x00, 0x01, 0xBD, 0x00, 0x11, 0x05, 0x00, 0x33, 0x01, 0x00, 0x31, 0x5A, 0x00, 0x11, 0x01, 0x00,
    0x10, 0x0D, 0x00, 0x00, 0x01, 0x00, 0x01, 0xBD, 0x00, 0x11, 0x06, 0x00, 0x33, 0x01, 0x00, 0x31,
    0x59, 0x00, 0x11, 0x01, 0x00, 0x10, 0x0D, 0x00, 0x00, 0x01, 0x00, 0x01, 0xBD, 0x00, 0x11, 0x07,
    0x00, 0x33, 0x59, 0x00, 0x11, 0x01, 0x00, 0x10, 0x0D, 0x00, 0x00, 0x01, 0x00, 0x01, 0xBD, 0x00,
    0x11, 0x08, 0x00, 0x33, 0x58, 0x00, 0x11, 0x01, 0x00, 0x10, 0x0D, 0x00, 0x00, 0x01, 0x00, 0x01,
    0xBD, 0x00, 0x11, 0x08, 0x00, 0x33, 0x01, 0x00, 0x31, 0x57, 0x00, 0x11, 0x01, 0x00, 0x10, 0x0D,
    0x00, 0x00, 0x01, 0x00, 0x01, 0xBD, 0x00, 0x11, 0x08, 0x00, 0x33, 0x01, 0x00, 0x31, 0x57, 0x00,
    0x11, 0x01, 0x00, 0x10, 0x0D, 0x00, 0x00, 0x01, 0x00, 0x01, 0xBD, 0x00, 0x11, 0x09, 0x00, 0x33,
    0x57, 0x00, 0x11, 0x01, 0x00, 0x10, 0x0D, 0x00, 0x00, 0x01, 0x00, 0x01, 0xBD, 0x00, 0x11, 0x09,
    0x00, 0x33, 0x01, 0x00, 0x31, 0x56, 0x00, 0x11, 0x01, 0x00, 0x10, 0x0D, 0x00, 0x00, 0x01, 0x00,
    0x01, 0xBD, 0x00, 0x11, 0x09, 0x00, 0x33, 0x01, 0x00, 0x31, 0x56, 0x00, 0x11, 0x01, 0x00, 0x10,
    0x0D, 0x00, 0x00, 0x01, 0x00, 0x01, 0xBD, 0x00, 0x11, 0x0A, 0x00, 0x33, 0x56, 0x00, 0x11, 0x01,
    0x00, 0x10, 0x0D, 0x00, 0x00, 0x01, 0x00, 0x01, 0xBD, 0x00, 0x11, 0x0A, 0x00, 0x33, 0x56, 0x00,
    0x11, 0x01, 0x00, 0x10, 0x0D, 0x00, 0x00, 0x01, 0x00, 0x01, 0xBD, 0x00, 0x11, 0x0A, 0x00, 0x33,
    0x56, 0x00, 0x11, 0x01, 0x00, 0x10, 0x0D, 0x00, 0x00, 0x01, 0x00, 0x01, 0xBD, 0x00, 0x11, 0x0A,
    0x00, 0x33, 0x01, 0x00, 0x31, 0x55, 0x00, 0x11, 0x01, 0x00, 0x10, 0x0D, 0x00, 0x00, 0x01, 0x00,
    0x01, 0xBD, 0x00, 0x11, 0x0A, 0x00, 0x33, 0x01, 0x00, 0x31, 0x55, 0x00, 0x11, 0x01, 0x00, 0x10,
    0x0D, 0x00, 0x00, 0x01, 0x00, 0x01, 0xBD, 0x00, 0x11, 0x0A, 0x00, 0x33, 0x01, 0x00, 0x31, 0x55,
    0x00, 0x11, 0x01, 0x00, 0x10, 0x0D, 0x00, 0x00, 0x01, 0x00, 0x01, 0xBD, 0x00, 0x11, 0x0A, 0x00,
    0x33, 0x01, 0x00, 0x31, 0x55, 0x00, 0x11, 0x01, 0x00, 0x10, 0x0D, 0x00, 0x00, 0x01, 0x00, 0x01,
    0xBD, 0x00, 0x11, 0x0A, 0x00, 0x33, 0x01, 0x00, 0x31, 0x55, 0x00, 0x11, 0x01, 0x00, 0x10, 0x0D,
    0x00, 0x00, 0x01, 0x00, 0x01, 0xBD, 0x00, 0x11, 0x0A, 0x00, 0x33, 0x01, 0x00, 0x31, 0x55, 0x00,
    0x11, 0x01, 0x00, 0x10, 0x0D, 0x00, 0x00, 0x01, 0x00, 0x01, 0xBD, 0x00, 0x11, 0x0A, 0x00, 0x33,
    0x01, 0x00, 0x31, 0x55, 0x00, 0x11, 0x01, 0x00, 0x10, 0x0D, 0x00, 0x00, 0x01, 0x00, 0x01, 0xBD,
    0x00, 0x11, 0x0A, 0x00, 0x33, 0x01, 0x00, 0x31, 0x55, 0x00, 0x11, 0x01, 0x00, 0x10, 0x0D, 0x00,
    0x00, 0x01, 0x00, 0x01, 0xBD, 0x00, 0x11, 0x0A, 0x00, 0x33, 0x01, 0x00, 0x31, 0x55, 0x00, 0x11,
    0x01, 0x00, 0x10, 0x0D, 0x00, 0x00, 0x01, 0x00, 0x01, 0xBD, 0x00, 0x11, 0x0A, 0x00, 0x33, 0x01,
    0x00, 0x31, 0x55, 0x00, 0x11, 0x01, 0x00, 0x10, 0x0D, 0x00, 0x00, 0x01, 0x00, 0x01, 0xBD, 0x00,
    0x11, 0x0A, 0x00, 0x33, 0x01, 0x00, 0x31, 0x55, 0x00, 0x11, 0x01, 0x00, 0x10, 0x0D, 0x00, 0x00,
    0x01, 0x00, 0x01, 0xBD, 0x00, 0x11, 0x0A, 0x00, 0x33, 0x01, 0x00, 0x31, 0x55, 0x00, 0x11, 0x01,
    0x00, 0x10, 0x0D, 0x00, 0x00, 0x01, 0x00, 0x01, 0xBD, 0x00, 0x11, 0x0A, 0x00, 0x33, 0x01, 0x00,
    0x31, 0x55, 0x00, 0x11, 0x01, 0x00, 0x10, 0x0D, 0x00, 0x00, 0x01, 0x00, 0x01, 0xBD, 0x00, 0x11,
    0x0A, 0x00, 0x33, 0x01, 0x00, 0x31, 0x55, 0x00, 0x11, 0x01, 0x00, 0x10, 0x0D, 0x00, 0x00, 0x01,
    0x00, 0x01, 0xBD, 0x00, 0x11, 0x0A, 0x00, 0x33, 0x01, 0x00, 0x31, 0x55, 0x00, 0x11, 0x01, 0x00,
    0x10, 0x0D, 0x00, 0x00, 0x01, 0x00, 0x01, 0xBD, 0x00, 0x11, 0x0A, 0x00, 0x33, 0x01, 0x00, 0x31,
    0x55, 0x00, 0x11, 0x01, 0x00, 0x10, 0x0D, 0x00, 0x00, 0x01, 0x00, 0x01, 0xBD, 0x00, 0x11, 0x0A,
    0x00, 0x33, 0x01, 0x00, 0x31, 0x55, 0x00, 0x11, 0x01, 0x00, 0x10, 0x0D, 0x00, 0x00, 0x01, 0x00,
    0x01, 0xBD, 0x00, 0x11, 0x0A, 0x00, 0x33, 0x01, 0x00, 0x31, 0x55, 0x00, 0x11, 0x01, 0x00, 0x10,
    0x0D, 0x00, 0x00, 0x01, 0x00, 0x01, 0xBD, 0x00, 0x11, 0x0A, 0x00, 0x33, 0x01, 0x00, 0x31, 0x55,
    0x00, 0x11, 0x01, 0x00, 0x10, 0x0D, 0x00, 0x00, 0x01, 0x00, 0x01, 0xBD, 0x00, 0x11, 0x0A, 0x00,
    0x33, 0x01, 0x00, 0x31, 0x55, 0x00, 0x11, 0x01, 0x00, 0x10, 0x0D, 0x00, 0x00, 0x01, 0x00, 0x01,
    0xBD, 0x00, 0x11, 0x0A, 0x00, 0x33, 0x01, 0x00, 0x31, 0x55, 0x00, 0x11, 0x01, 0x00, 0x10, 0x0D,
    0x00, 0x00, 0x01, 0x00, 0x01, 0xBD, 0x00, 0x11, 0x0A, 0x00, 0x33, 0x01, 0x00, 0x31, 0x55, 0x00,
    0x11, 0x01, 0x00, 0x10, 0x0D, 0x00, 0x00, 0x01, 0x00, 0x01, 0xBD, 0x00, 0x11, 0x0A, 0x00, 0x33,
    0x01, 0x00, 0x31, 0x55, 0x00, 0x11, 0x01, 0x00, 0x10, 0x0D, 0x00, 0x00, 0x01, 0x00, 0x01, 0xBD,
    0x00, 0x11, 0x0A, 0x00, 0x33, 0x01, 0x00, 0x31, 0x55, 0x00, 0x11, 0x01, 0x00, 0x10, 0x0D, 0x00,
    0x00, 0x01, 0x00, 0x01, 0xBD, 0x00, 0x11, 0x0A, 0x00, 0x33, 0x01, 0x00, 0x31, 0x55, 0x00, 0x11,
    0x01, 0x00, 0x10, 0x0D, 0x00, 0x00, 0x01, 0x00, 0x01, 0xBD, 0x00, 0x11, 0x0A, 0x00, 0x33, 0x01,
    0x00, 0x31, 0x55, 0x00, 0x11, 0x01, 0x00, 0x10, 0x0D, 0x00, 0x00, 0x01, 0x00, 0x01, 0xBD, 0x00,
    0x11, 0x0A, 0x00, 0x33, 0x01, 0x00, 0x31, 0x55, 0x00, 0x11, 0x01, 0x00, 0x10, 0x0D, 0x00, 0x00,
    0x01, 0x00, 0x01, 0xBD, 0x00, 0x11, 0x0A, 0x00, 0x33, 0x01, 0x00, 0x31, 0x55, 0x00, 0x11, 0x01,
    0x00, 0x10, 0x0D, 0x00, 0x00, 0x01, 0x00, 0x01, 0xBD, 0x00, 0x11, 0x0A, 0x00, 0x33, 0x01, 0x00,
    0x31, 0x55, 0x00, 0x11, 0x01, 0x00, 0x10, 0x0D, 0x00, 0x00, 0x01, 0x00, 0x01, 0xBD, 0x00, 0x11,
    0x0A, 0x00, 0x33, 0x01, 0x00, 0x31, 0x55, 0x00, 0x11, 0x01, 0x00, 0x10, 0x0D, 0x00, 0x00, 0x01,
    0x00, 0x01, 0xBD, 0x00, 0x11, 0x0A, 0x00, 0x33, 0x01, 0x00, 0x31, 0x55, 0x00, 0x11, 0x01, 0x00,
    0x10, 0x0D, 0x00, 0x00, 0x01, 0x00, 0x01, 0xBD, 0x00, 0x11, 0x0A, 0x00, 0x33, 0x01, 0x00, 0x31,
    0x55, 0x00, 0x11, 0x01, 0x00, 0x10, 0x0D, 0x00, 0x00, 0x01, 0x00, 0x01, 0xBD, 0x00, 0x11, 0x0A,
    0x00, 0x33, 0x01, 0x00, 0x31, 0x55, 0x00, 0x11, 0x01, 0x00, 0x10, 0x0D, 0x00, 0x00, 0x01, 0x00,
    0x01, 0xBD, 0x00, 0x11, 0x0A, 0x00, 0x33, 0x01, 0x00, 0x31, 0x55, 0x00, 0x11, 0x01, 0x00, 0x10,
    0x0D, 0x00, 0x00, 0x01, 0x00, 0x01, 0xBD, 0x00, 0x11, 0x0A, 0x00, 0x33, 0x01, 0x00, 0x31, 0x55,
    0x00, 0x11, 0x01, 0x00, 0x10, 0x0D, 0x00, 0x00, 0x01, 0x00, 0x01, 0xBD, 0x00, 0x11, 0x0A, 0x00,
    0x33, 0x01, 0x00, 0x31, 0x55, 0x00, 0x11, 0x01, 0x00, 0x10, 0x0D, 0x00, 0x00, 0x01, 0x00, 0x01,
    0xBD, 0x00, 0x11, 0x0A, 0x00, 0x33, 0x01, 0x00, 0x31, 0x55, 0x00, 0x11, 0x01, 0x00, 0x10, 0x0D,
    0x00, 0x00, 0x01, 0x00, 0x01, 0xBD, 0x00, 0x11, 0x0A, 0x00, 0x33, 0x01, 0x00, 0x31, 0x55, 0x00,
    0x11, 0x01, 0x00, 0x10, 0x0D, 0x00, 0x00, 0x01, 0x00, 0x01, 0xBD, 0x00, 0x11, 0x0A, 0x00, 0x33,
    0x01, 0x00, 0x31, 0x55, 0x00, 0x11, 0x01, 0x00, 0x10, 0x0D, 0x00, 0x00, 0x01, 0x00, 0x01, 0xBD,
    0x00, 0x11, 0x0A, 0x00, 0x33, 0x01, 0x00, 0x31, 0x55, 0x00, 0x11, 0x01, 0x00, 0x10, 0x0D, 0x00,
    0x00, 0x01, 0x00, 0x01, 0xBD, 0x00, 0x11, 0x0A, 0x00, 0x33, 0x01, 0x00, 0x31, 0x55, 0x00, 0x11,
    0x01, 0x00, 0x10, 0x0D, 0x00, 0x00, 0x01, 0x00, 0x01, 0xBD, 0x00, 0x11, 0x0A, 0x00, 0x33, 0x01,
    0x00, 0x31, 0x55, 0x00, 0x11, 0x01, 0x00, 0x10, 0x0D, 0x00, 0x00, 0x01, 0x00, 0x01, 0xBD, 0x00,
    0x11, 0x0A, 0x00, 0x33, 0x01, 0x00, 0x31, 0x55, 0x00, 0x11, 0x01, 0x00, 0x10, 0x0D, 0x00, 0x00,
    0x01, 0x00, 0x01, 0xBD, 0x00, 0x11, 0x0A, 0x00, 0x33, 0x01, 0x00, 0x31, 0x55, 0x00, 0x11, 0x01,
    0x00, 0x10, 0x0D, 0x00, 0x00, 0x01, 0x00, 0x01, 0xBD, 0x00, 0x11, 0x0A, 0x00, 0x33, 0x01, 0x00,
    0x31, 0x55, 0x00, 0x11, 0x01, 0x00, 0x10, 0x0D, 0x00, 0x00, 0x01, 0x00, 0x01, 0xBD, 0x00, 0x11,
    0x0A, 0x00, 0x33, 0x01, 0x00, 0x31, 0x55, 0x00, 0x11, 0x01, 0x00, 0x10, 0x0D, 0x00, 0x00, 0x01,
    0x00, 0x01, 0xBD, 0x00, 0x11, 0x0A, 0x00, 0x33, 0x01, 0x00, 0x31, 0x55, 0x00, 0x11, 0x01, 0x00,
    0x10, 0x0D, 0x00, 0x00, 0x01, 0x00, 0x01, 0xBD, 0x00, 0x11, 0x0A, 0x00, 0x33, 0x01, 0x00, 0x31,
    0x55, 0x00, 0x11, 0x01, 0x00, 0x10, 0x0D, 0x00, 0x00, 0x01, 0x00, 0x01, 0xBD, 0x00, 0x11, 0x0A,
    0x00, 0x33, 0x01, 0x00, 0x31, 0x55, 0x00, 0x11, 0x01, 0x00, 0x10, 0x0D, 0x00, 0x00, 0x01, 0x00,
    0x01, 0xBD, 0x00, 0x11, 0x0A, 0x00, 0x33, 0x01, 0x00, 0x31, 0x55, 0x00, 0x11, 0x01, 0x00, 0x10,
    0x0D, 0x00, 0x00, 0x01, 0x00, 0x01, 0xBD, 0x00, 0x11, 0x0A, 0x00, 0x33, 0x01, 0x00, 0x31, 0x55,
    0x00, 0x11, 0x01, 0x00, 0x10, 0x0D, 0x00, 0x00, 0x01, 0x00, 0x01, 0xBD, 0x00, 0x11, 0x0A, 0x00,
    0x33, 0x01, 0x00, 0x31, 0x55, 0x00, 0x11, 0x01, 0x00, 0x10, 0x0D, 0x00, 0x00, 0x01, 0x00, 0x01,
    0xBD, 0x00, 0x11, 0x0A, 0x00, 0x33, 0x01, 0x00, 0x31, 0x55, 0x00, 0x11, 0x01, 0x00, 0x10, 0x0D,
    0x00, 0x00, 0x01, 0x00, 0x01, 0xBD, 0x00, 0x11, 0x0A, 0x00, 0x33, 0x01, 0x00, 0x31, 0x55, 0x00,
    0x11, 0x01, 0x00, 0x10, 0x0D, 0x00, 0x00, 0x01, 0x00, 0x01, 0xBD, 0x00, 0x11, 0x0A, 0x00, 0x33,
    0x01, 0x00, 0x31, 0x55, 0x00, 0x11, 0x01, 0x00, 0x10, 0x0D, 0x00, 0x00, 0x01, 0x00, 0x01, 0xBD,
    0x00, 0x11, 0x0A, 0x00, 0x33, 0x01, 0x00, 0x31, 0x55, 0x00, 0x11, 0x01, 0x00, 0x10, 0x0D, 0x00,
    0x00, 0x01, 0x00, 0x01, 0xBD, 0x00, 0x11, 0x0A, 0x00, 0x33, 0x01, 0x00, 0x31, 0x55, 0x00, 0x11,
    0x01, 0x00, 0x10, 0x0D, 0x00, 0x00, 0x01, 0x00, 0x01, 0xBD, 0x00, 0x11, 0x0A, 0x00, 0x33, 0x01,
    0x00, 0x31, 0x55, 0x00, 0x11, 0x01, 0x00, 0x10, 0x0D, 0x00, 0x00, 0x01, 0x00, 0x01, 0xBD, 0x00,
    0x11, 0x0A, 0x00, 0x33, 0x01, 0x00, 0x31, 0x55, 0x00, 0x11, 0x01, 0x00, 0x10, 0x0D, 0x00, 0x00,
    0x01, 0x00, 0x01, 0xBD, 0x00, 0x11, 0x0A, 0x00, 0x33, 0x01, 0x00, 0x31, 0x55, 0x00, 0x11, 0x01,
    0x00, 0x10, 0x0D, 0x00, 0x00, 0x01, 0x00, 0x01, 0xBD, 0x00, 0x11, 0x0A, 0x00, 0x33, 0x01, 0x00,
    0x31, 0x55, 0x00, 0x11, 0x01, 0x00, 0x10, 0x0D, 0x00, 0x00, 0x01, 0x00, 0x01, 0xBD, 0x00, 0x11,
    0x0A, 0x00, 0x33, 0x01, 0x00, 0x31, 0x55, 0x00, 0x11, 0x01, 0x00, 0x10, 0x0D, 0x00, 0x00, 0x01,
    0x00, 0x01, 0xBD, 0x00, 0x11, 0x0A, 0x00, 0x33, 0x01, 0x00, 0x31, 0x55, 0x00, 0x11, 0x01, 0x00,
    0x10, 0x0D, 0x00, 0x00, 0x01, 0x00, 0x01, 0xBD, 0x00, 0x11, 0x0A, 0x00, 0x33, 0x01, 0x00, 0x31,
    0x55, 0x00, 0x11, 0x01, 0x00, 0x10, 0x0D, 0x00, 0x00, 0x01, 0x00, 0x01, 0xBD, 0x00, 0x11, 0x0A,
    0x00, 0x33, 0x01, 0x00, 0x31, 0x55, 0x00, 0x11, 0x01, 0x00, 0x10, 0x0D, 0x00, 0x00, 0x01, 0x00,
    0x01, 0xBD, 0x00, 0x11, 0x0A, 0x00, 0x33, 0x01, 0x00, 0x31, 0x55, 0x00, 0x11, 0x01, 0x00, 0x10,
    0x0D, 0x00, 0x00, 0x01, 0x00, 0x01, 0xBD, 0x00, 0x11, 0x0A, 0x00, 0x33, 0x01, 0x00, 0x31, 0x55,
    0x00, 0x11, 0x01, 0x00, 0x10, 0x0D, 0x00, 0x00, 0x01, 0x00, 0x01, 0xBD, 0x00, 0x11, 0x0A, 0x00,
    0x33, 0x01, 0x00, 0x31, 0x55, 0x00, 0x11, 0x01, 0x00, 0x10, 0x0D, 0x00, 0x00, 0x01, 0x00, 0x01,
    0xBD, 0x00, 0x11, 0x0A, 0x00, 0x33, 0x01, 0x00, 0x31, 0x55, 0x00, 0x11, 0x01, 0x00, 0x10, 0x0D,
    0x00, 0x00, 0x01, 0x00, 0x01, 0xBD, 0x00, 0x11, 0x0A, 0x00, 0x33, 0x01, 0x00, 0x31, 0x55, 0x00,
    0x11, 0x01, 0x00, 0x10, 0x0D, 0x00, 0x00, 0x01, 0x00, 0x01, 0xBD, 0x00, 0x11, 0x0A, 0x00, 0x33,
    0x01, 0x00, 0x31, 0x55, 0x00, 0x11, 0x01, 0x00, 0x10, 0x0D, 0x00, 0x00, 0x01, 0x00, 0x01, 0xBD,
    0x00, 0x11, 0x0A, 0x00, 0x33, 0x01, 0x00, 0x31, 0x55, 0x00, 0x11, 0x01, 0x00, 0x10, 0x0D, 0x00,
    0x00, 0x01, 0x00, 0x01, 0xBD, 0x00, 0x11, 0x0A, 0x00, 0x33, 0x01, 0x00, 0x31, 0x55, 0x00, 0x11,
    0x01, 0x00, 0x10, 0x0D, 0x00, 0x00, 0x01, 0x00, 0x01, 0xBD, 0x00, 0x11, 0x0A, 0x00, 0x33, 0x01,
    0x00, 0x31, 0x55, 0x00, 0x11, 0x01, 0x00, 0x10, 0x0D, 0x00, 0x00, 0x01, 0x00, 0x01, 0xBD, 0x00,
    0x11, 0x0A, 0x00, 0x33, 0x01, 0x00, 0x31, 0x55, 0x00, 0x11, 0x01, 0x00, 0x10, 0x0D, 0x00, 0x00,
    0x01, 0x00, 0x01, 0xBD, 0x00, 0x11, 0x0A, 0x00, 0x33, 0x01, 0x00, 0x31, 0x55, 0x00, 0x11, 0x01,
    0x00, 0x10, 0x0D, 0x00, 0x00, 0x01, 0x00, 0x01, 0xBD, 0x00, 0x11, 0x0A, 0x00, 0x33, 0x01, 0x00,
    0x31, 0x55, 0x00, 0x11, 0x01, 0x00, 0x10, 0x0D, 0x00, 0x00, 0x01, 0x00, 0x01, 0xBD, 0x00, 0x11,
    0x0A, 0x00, 0x33, 0x01, 0x00, 0x31, 0x55, 0x00, 0x11, 0x01, 0x00, 0x10, 0x0D, 0x00, 0x00, 0x01,
    0x00, 0x01, 0xBD, 0x00, 0x11, 0x0A, 0x00, 0x33, 0x01, 0x00, 0x31, 0x55, 0x00, 0x11, 0x01, 0x00,
    0x10, 0x0D, 0x00, 0x00, 0x01, 0x00, 0x01, 0xBD, 0x00, 0x11, 0x0A, 0x00, 0x33, 0x01, 0x00, 0x31,
    0x55, 0x00, 0x11, 0x01, 0x00, 0x10, 0x0D, 0x00, 0x00, 0x01, 0x00, 0x01, 0xBD, 0x00, 0x11, 0x0A,
    0x00, 0x33, 0x01, 0x00, 0x31, 0x55, 0x00, 0x11, 0x01, 0x00, 0x10, 0x0D, 0x00, 0x00, 0x01, 0x00,
    0x01, 0xBD, 0x00, 0x11, 0x0A, 0x00, 0x33, 0x01, 0x00, 0x31, 0x55, 0x00, 0x11, 0x01, 0x00, 0x10,
    0x0D, 0x00, 0x00, 0x01, 0x00, 0x01, 0xBD, 0x00, 0x11, 0x0A, 0x00, 0x33, 0x01, 0x00, 0x31, 0x55,
    0x00, 0x11, 0x01, 0x00, 0x10, 0x0D, 0x00, 0x00, 0x01, 0x00, 0x01, 0xBD, 0x00, 0x11, 0x0A, 0x00,
    0x33, 0x01, 0x00, 0x31, 0x55, 0x00, 0x11, 0x01, 0x00, 0x10, 0x0D, 0x00, 0x00, 0x01, 0x00, 0x01,
    0xBD, 0x00, 0x11, 0x0A, 0x00, 0x33, 0x01, 0x00, 0x31, 0x55, 0x00, 0x11, 0x01, 0x00, 0x10, 0x0D,
    0x00, 0x00, 0x01, 0x00, 0x01, 0xBD, 0x00, 0x11, 0x0A, 0x00, 0x33, 0x01, 0x00, 0x31, 0x55, 0x00,
    0x11, 0x01, 0x00, 0x10, 0x0D, 0x00, 0x00, 0x01, 0x00, 0x01, 0xBD, 0x00, 0x11, 0x0A, 0x00, 0x33,
    0x01, 0x00, 0x31, 0x55, 0x00, 0x11, 0x01, 0x00, 0x10, 0x0D, 0x00, 0x00, 0x01, 0x00, 0x01, 0xBD,
    0x00, 0x11, 0x0A, 0x00, 0x33, 0x01, 0x00, 0x31, 0x55, 0x00, 0x11, 0x01, 0x00, 0x10, 0x0D, 0x00,
    0x00, 0x01, 0x00, 0x01, 0xBD, 0x00, 0x11, 0x0A, 0x00, 0x33, 0x01, 0x00, 0x31, 0x55, 0x00, 0x11,
    0x01, 0x00, 0x10, 0x0D, 0x00, 0x00, 0x01, 0x00, 0x01, 0xBD, 0x00, 0x11, 0x0A, 0x00, 0x33, 0x01,
    0x00, 0x31, 0x55, 0x00, 0x11, 0x01, 0x00, 0x10, 0x0D, 0x00, 0x00, 0x01, 0x00, 0x01, 0xBD, 0x00,
    0x11, 0x0A, 0x00, 0x33, 0x01, 0x00, 0x31, 0x55, 0x00, 0x11, 0x01, 0x00, 0x10, 0x0D, 0x00, 0x00,
    0x01, 0x00, 0x01, 0xBD, 0x00, 0x11, 0x0A, 0x00, 0x33, 0x01, 0x00, 0x31, 0x55, 0x00, 0x11, 0x01,
    0x00, 0x10, 0x0D, 0x00, 0x00, 0x01, 0x00, 0x01, 0xBD, 0x00, 0x11, 0x0A, 0x00, 0x33, 0x01, 0x00,
    0x31, 0x55, 0x00, 0x11, 0x01, 0x00, 0x10, 0x0D, 0x00, 0x00, 0x01, 0x00, 0x01, 0xBD, 0x00, 0x11,
    0x0A, 0x00, 0x33, 0x01, 0x00, 0x31, 0x55, 0x00, 0x11, 0x01, 0x00, 0x10, 0x0D, 0x00, 0x00, 0x01,
    0x00, 0x01, 0xBD, 0x00, 0x11, 0x0A, 0x00, 0x33, 0x01, 0x00, 0x31, 0x55, 0x00, 0x11, 0x01, 0x00,
    0x10, 0x0D, 0x00, 0x00, 0x01, 0x00, 0x01, 0xBD, 0x00, 0x11, 0x0A, 0x00, 0x33, 0x01, 0x00, 0x31,
    0x55, 0x00, 0x11, 0x01, 0x00, 0x10, 0x0D, 0x00, 0x00, 0x01, 0x00, 0x01, 0xBD, 0x00, 0x11, 0x0A,
    0x00, 0x33, 0x01, 0x00, 0x31, 0x55, 0x00, 0x11, 0x01, 0x00, 0x10, 0x0D, 0x00, 0x00, 0x01, 0x00,
    0x01, 0xBD, 0x00, 0x11, 0x0A, 0x00, 0x33, 0x01, 0x00, 0x31, 0x55, 0x00, 0x11, 0x01, 0x00, 0x10,
    0x0D, 0x00, 0x00, 0x01, 0x00, 0x01, 0xBD, 0x00, 0x11, 0x0A, 0x00, 0x33, 0x01, 0x00, 0x31, 0x55,
    0x00, 0x11, 0x01, 0x00, 0x10, 0x0D, 0x00, 0x00, 0x01, 0x00, 0x01, 0xBD, 0x00, 0x11, 0x0A, 0x00,
    0x33, 0x01, 0x00, 0x31, 0x55, 0x00, 0x11, 0x01, 0x00, 0x10, 0x0D, 0x00, 0x00, 0x01, 0x00, 0x01,
    0xBD, 0x00, 0x11, 0x0A, 0x00, 0x33, 0x01, 0x00, 0x31, 0x55, 0x00, 0x11, 0x01, 0x00, 0x10, 0x0D,
    0x00, 0x00, 0x01, 0x00, 0x01, 0xBD, 0x00, 0x11, 0x0A, 0x00, 0x33, 0x01, 0x00, 0x31, 0x55, 0x00,
    0x11, 0x01, 0x00, 0x10, 0x0D, 0x00, 0x00, 0x01, 0x00, 0x01, 0xBD, 0x00, 0x11, 0x0A, 0x00, 0x33,
    0x01, 0x00, 0x31, 0x55, 0x00, 0x11, 0x01, 0x00, 0x10, 0x0D, 0x00, 0x00, 0x01, 0x00, 0x01, 0xBD,
    0x00, 0x11, 0x0A, 0x00, 0x33, 0x01, 0x00, 0x31, 0x55, 0x00, 0x11, 0x01, 0x00, 0x10, 0x0D, 0x00,
    0x00, 0x01, 0x00, 0x01, 0xBD, 0x00, 0x11, 0x0A, 0x00, 0x33, 0x01, 0x00, 0x31, 0x55, 0x00, 0x11,
    0x01, 0x00, 0x10, 0x0D, 0x00, 0x00, 0x01, 0x00, 0x01, 0xBD, 0x00, 0x11, 0x0A, 0x00, 0x33, 0x01,
    0x00, 0x31, 0x55, 0x00, 0x11, 0x01, 0x00, 0x10, 0x0D, 0x00, 0x00, 0x01, 0x00, 0x01, 0xBD, 0x00,
    0x11, 0x0A, 0x00, 0x33, 0x01, 0x00, 0x31, 0x55, 0x00, 0x11, 0x01, 0x00, 0x10, 0x0D, 0x00, 0x00,
    0x01, 0x00, 0x01, 0xBD, 0x00, 0x11, 0x0A, 0x00, 0x33, 0x01, 0x00, 0x31, 0x55, 0x00, 0x11, 0x01,
    0x00, 0x10, 0x0D, 0x00, 0x00, 0x01, 0x00, 0x01, 0xBD, 0x00, 0x11, 0x0A, 0x00, 0x33, 0x01, 0x00,
    0x31, 0x55, 0x00, 0x11, 0x01, 0x00, 0x10, 0x0D, 0x00, 0x00, 0x01, 0x00, 0x01, 0xBD, 0x00, 0x11,
    0x0A, 0x00, 0x33, 0x01, 0x00, 0x31, 0x55, 0x00, 0x11, 0x01, 0x00, 0x10, 0x0D, 0x00, 0x00, 0x01,
    0x00, 0x01, 0xBD, 0x00, 0x11, 0x0A, 0x00, 0x33, 0x01, 0x00, 0x31, 0x55, 0x00, 0x11, 0x01, 0x00,
    0x10, 0x0D, 0x00, 0x00, 0x01, 0x00, 0x01, 0xBD, 0x00, 0x11, 0x0A, 0x00, 0x33, 0x01, 0x00, 0x31,
    0x55, 0x00, 0x11, 0x01, 0x00, 0x10, 0x0D, 0x00, 0x00, 0x01, 0x00, 0x01, 0xBD, 0x00, 0x11, 0x0A,
    0x00, 0x33, 0x01, 0x00, 0x31, 0x55, 0x00, 0x11, 0x01, 0x00, 0x10, 0x0D, 0x00, 0x00, 0x01, 0x00,
    0x01, 0xBD, 0x00, 0x11, 0x0A, 0x00, 0x33, 0x01, 0x00, 0x31, 0x55, 0x00, 0x11, 0x01, 0x00, 0x10,
    0x0D, 0x00, 0x00, 0x01, 0x00, 0x01, 0xBD, 0x00, 0x11, 0x0A, 0x00, 0x33, 0x01, 0x00, 0x31, 0x55,
    0x00, 0x11, 0x01, 0x00, 0x10, 0x0D, 0x00, 0x00, 0x01, 0x00, 0x01, 0xBD, 0x00, 0x11, 0x0A, 0x00,
    0x33, 0x01, 0x00, 0x31, 0x55, 0x00, 0x11, 0x01, 0x00, 0x10, 0x0D, 0x00, 0x00, 0x01, 0x00, 0x01,
    0xBD, 0x00, 0x11, 0x0A, 0x00, 0x33, 0x01, 0x00, 0x31, 0x55, 0x00, 0x11, 0x01, 0x00, 0x10, 0x0D,
    0x00, 0x00, 0x01, 0x00, 0x01, 0xBD, 0x00, 0x11, 0x0A, 0x00, 0x33, 0x01, 0x00, 0x31, 0x55, 0x00,
    0x11, 0x01, 0x00, 0x10, 0x0D, 0x00, 0x00, 0x01, 0x00, 0x01, 0xBD, 0x00, 0x11, 0x0A, 0x00, 0x33,
    0x01, 0x00, 0x31, 0x55, 0x00, 0x11, 0x01, 0x00, 0x10, 0x0D, 0x00, 0x00, 0x01, 0x00, 0x01, 0xBD,
    0x00, 0x11, 0x0A, 0x00, 0x33, 0x01, 0x00, 0x31, 0x55, 0x00, 0x11, 0x01, 0x00, 0x10, 0x0D, 0x00,
    0x00, 0x01, 0x00, 0x01, 0xBD, 0x00, 0x11, 0x0A, 0x00, 0x33, 0x01, 0x00, 0x31, 0x55, 0x00, 0x11,
    0x01, 0x00, 0x10, 0x0D, 0x00, 0x00, 0x01, 0x00, 0x01, 0xBD, 0x00, 0x11, 0x0A, 0x00, 0x33, 0x01,
    0x00, 0x31, 0x55, 0x00, 0x11, 0x01, 0x00, 0x10, 0x0D, 0x00, 0x00, 0x01, 0x00, 0x01, 0xBD, 0x00,
    0x11, 0x0A, 0x00, 0x33, 0x01, 0x00, 0x31, 0x55, 0x00, 0x11, 0x01, 0x00, 0x10, 0x0D, 0x00, 0x00,
    0x01, 0x00, 0x01, 0xBD, 0x00, 0x11, 0x0A, 0x00, 0x33, 0x01, 0x00, 0x31, 0x55, 0x00, 0x11, 0x01,
    0x00, 0x10, 0x0D, 0x00, 0x00, 0x01, 0x00, 0x01, 0xBD, 0x00, 0x11, 0x0A, 0x00, 0x33, 0x01, 0x00,
    0x31, 0x55, 0x00, 0x11, 0x01, 0x00, 0x10, 0x0D, 0x00, 0x00, 0x01, 0x00, 0x01, 0xBD, 0x00, 0x11,
    0x0A, 0x00, 0x33, 0x01, 0x00, 0x31, 0x55, 0x00, 0x11, 0x01, 0x00, 0x10, 0x0D, 0x00, 0x00, 0x01,
    0x00, 0x01, 0xBD, 0x00, 0x11, 0x0A, 0x00, 0x33, 0x01, 0x00, 0x31, 0x55, 0x00, 0x11, 0x01, 0x00,
    0x10, 0x0D, 0x00, 0x00, 0x01, 0x00, 0x01, 0xBD, 0x00, 0x11, 0x0A, 0x00, 0x33, 0x01, 0x00, 0x31,
    0x55, 0x00, 0x11, 0x01, 0x00, 0x10, 0x0D, 0x00, 0x00, 0x01, 0x00, 0x01, 0xBD, 0x00, 0x11, 0x0A,
    0x00, 0x33, 0x01, 0x00, 0x31, 0x55, 0x00, 0x11, 0x01, 0x00, 0x10, 0x0D, 0x00, 0x00, 0x01, 0x00,
    0x01, 0xBD, 0x00, 0x11, 0x0A, 0x00, 0x33, 0x01, 0x00, 0x31, 0x55, 0x00, 0x11, 0x01, 0x00, 0x10,
    0x0D, 0x00, 0x00, 0x01, 0x00, 0x01, 0xBD, 0x00, 0x11, 0x0A, 0x00, 0x33, 0x01, 0x00, 0x31, 0x55,
    0x00, 0x11, 0x01, 0x00, 0x10, 0x0D, 0x00, 0x00, 0x01, 0x00, 0x01, 0xBD, 0x00, 0x11, 0x0A, 0x00,
    0x33, 0x01, 0x00, 0x31, 0x55, 0x00, 0x11, 0x01, 0x00, 0x10, 0x0D, 0x00, 0x00, 0x01, 0x00, 0x01,
    0xBD, 0x00, 0x11, 0x0A, 0x00, 0x33, 0x01, 0x00, 0x31, 0x55, 0x00, 0x11, 0x01, 0x00, 0x10, 0x0D,
    0x00, 0x00, 0x01, 0x00, 0x01, 0xBD, 0x00, 0x11, 0x0A, 0x00, 0x33, 0x01, 0x00, 0x31, 0x55, 0x00,
    0x11, 0x01, 0x00, 0x10, 0x0D, 0x00, 0x00, 0x01, 0x00, 0x01, 0xBD, 0x00, 0x11, 0x0A, 0x00, 0x33,
    0x01, 0x00, 0x31, 0x55, 0x00, 0x11, 0x01, 0x00, 0x10, 0x0D, 0x00, 0x00, 0x01, 0x00, 0x01, 0xBD,
    0x00, 0x11, 0x0A, 0x00, 0x33, 0x01, 0x00, 0x31, 0x55, 0x00, 0x11, 0x01, 0x00, 0x10, 0x0D, 0x00,
    0x00, 0x01, 0x00, 0x01, 0xBD, 0x00, 0x11, 0x0A, 0x00, 0x33, 0x01, 0x00, 0x31, 0x55, 0x00, 0x11,
    0x01, 0x00, 0x10, 0x0D, 0x00, 0x00, 0x01, 0x00, 0x01, 0xBD, 0x00, 0x11, 0x0A, 0x00, 0x33, 0x01,
    0x00, 0x31, 0x55, 0x00, 0x11, 0x01, 0x00, 0x10, 0x0D, 0x00, 0x00, 0x01, 0x00, 0x01, 0xBD, 0x00,
    0x11, 0x0A, 0x00, 0x33, 0x01, 0x00, 0x31, 0x55, 0x00, 0x11, 0x01, 0x00, 0x10, 0x0D, 0x00, 0x00,
    0x01, 0x00, 0x01, 0xBD, 0x00, 0x11, 0x0A, 0x00, 0x33, 0x01, 0x00, 0x31, 0x55, 0x00, 0x11, 0x01,
    0x00, 0x10, 0x0D, 0x00, 0x00, 0x01, 0x00, 0x01, 0xBD, 0x00, 0x11, 0x0A, 0x00, 0x33, 0x01, 0x00,
    0x31, 0x55, 0x00, 0x11, 0x01, 0x00, 0x10, 0x0D, 0x00, 0x00, 0x01, 0x00, 0x01, 0xBD, 0x00, 0x11,
    0x0A, 0x00, 0x33, 0x01, 0x00, 0x31, 0x55, 0x00, 0x11, 0x01, 0x00, 0x10, 0x0D, 0x00, 0x00, 0x01,
    0x00, 0x01, 0xBD, 0x00, 0x11, 0x0A, 0x00, 0x33, 0x01, 0x00, 0x31, 0x55, 0x00, 0x11, 0x01, 0x00,
    0x10, 0x0D, 0x00, 0x00, 0x01, 0x00, 0x01, 0xBD, 0x00, 0x11, 0x0A, 0x00, 0x33, 0x01, 0x00, 0x31,
    0x55, 0x00, 0x11, 0x01, 0x00, 0x10, 0x0D, 0x00, 0x00, 0x01, 0x00, 0x01, 0xBD, 0x00, 0x11, 0x0A,
    0x00, 0x33, 0x01, 0x00, 0x31, 0x55, 0x00, 0x11, 0x01, 0x00, 0x10, 0x0D, 0x00, 0x00, 0x01, 0x00,
    0x01, 0xBD, 0x00, 0x11, 0x0A, 0x00, 0x33, 0x01, 0x00, 0x31, 0x55, 0x00, 0x11, 0x01, 0x00, 0x10,
    0x0D, 0x00, 0x00, 0x01, 0x00, 0x01, 0xBD, 0x00, 0x11, 0x0A, 0x00, 0x33, 0x01, 0x00, 0x31, 0x55,
    0x00, 0x11, 0x01, 0x00, 0x10, 0x0D, 0x00, 0x00, 0x01, 0x00, 0x01, 0xBD, 0x00, 0x11, 0x0A, 0x00,
    0x33, 0x01, 0x00, 0x31, 0x55, 0x00, 0x11, 0x01, 0x00, 0x10, 0x0D, 0x00, 0x00, 0x01, 0x00, 0x01,
    0xBD, 0x00, 0x11, 0x0A, 0x00, 0x33, 0x01, 0x00, 0x31, 0x55, 0x00, 0x11, 0x01, 0x00, 0x10, 0x0D,
    0x00, 0x00, 0x01, 0x00, 0x01, 0xBD, 0x00, 0x11, 0x0A, 0x00, 0x33, 0x01, 0x00, 0x31, 0x55, 0x00,
    0x11, 0x01, 0x00, 0x10, 0x0D, 0x00, 0x00, 0x01, 0x00, 0x01, 0xBD, 0x00, 0x11, 0x0A, 0x00, 0x33,
    0x01, 0x00, 0x31, 0x55, 0x00, 0x11, 0x01, 0x00, 0x10, 0x0D, 0x00, 0x00, 0x01, 0x00, 0x01, 0xBD,
    0x00, 0x11, 0x0A, 0x00, 0x33, 0x01, 0x00, 0x31, 0x55, 0x00, 0x11, 0x01, 0x00, 0x10, 0x0D, 0x00,
    0x00, 0x01, 0x00, 0x01, 0xBD, 0x00, 0x11, 0x0A, 0x00, 0x33, 0x01, 0x00, 0x31, 0x55, 0x00, 0x11,
    0x01, 0x00, 0x10, 0x0D, 0x00, 0x00, 0x01, 0x00, 0x01, 0xBD, 0x00, 0x11, 0x0A, 0x00, 0x33, 0x01,
    0x00, 0x31, 0x55, 0x00, 0x11, 0x01, 0x00, 0x10, 0x0D, 0x00, 0x00, 0x01, 0x00, 0x01, 0xBD, 0x00,
    0x11, 0x0A, 0x00, 0x33, 0x01, 0x00, 0x31, 0x55, 0x00, 0x11, 0x01, 0x00, 0x10, 0x0D, 0x00, 0x00,
    0x01, 0x00, 0x01, 0xBD, 0x00, 0x11, 0x0A, 0x00, 0x33, 0x01, 0x00, 0x31, 0x55, 0x00, 0x11, 0x01,
    0x00, 0x10, 0x0D, 0x00, 0x00, 0x01, 0x00, 0x01, 0xBD, 0x00, 0x11, 0x0A, 0x00, 0x33, 0x01, 0x00,
    0x31, 0x55, 0x00, 0x11, 0x01, 0x00, 0x10, 0x0D, 0x00, 0x00, 0x01, 0x00, 0x01, 0xBD, 0x00, 0x11,
    0x0A, 0x00, 0x33, 0x01, 0x00, 0x31, 0x55, 0x00, 0x11, 0x01, 0x00, 0x10, 0x0D, 0x00, 0x00, 0x01,
    0x00, 0x01, 0xBD, 0x00, 0x11, 0x0A, 0x00, 0x33, 0x01, 0x00, 0x31, 0x55, 0x00, 0x11, 0x01, 0x00,
    0x10, 0x0D, 0x00, 0x00, 0x01, 0x00, 0x01, 0xBD, 0x00, 0x11, 0x0A, 0x00, 0x33, 0x01, 0x00, 0x31,
    0x55, 0x00, 0x11, 0x01, 0x00, 0x10, 0x0D, 0x00, 0x00, 0x01, 0x00, 0x01, 0xBD, 0x00, 0x11, 0x0A,
    0x00, 0x33, 0x01, 0x00, 0x31, 0x55, 0x00, 0x11, 0x01, 0x00, 0x10, 0x0D, 0x00, 0x00, 0x01, 0x00,
    0x01, 0xBD, 0x00, 0x11, 0x0A, 0x00, 0x33, 0x01, 0x00, 0x31, 0x55, 0x00, 0x11, 0x01, 0x00, 0x10,
    0x0D, 0x00, 0x00, 0x01, 0x00, 0x01, 0xBD, 0x00, 0x11, 0x0A, 0x00, 0x33, 0x01, 0x00, 0x31, 0x55,
    0x00, 0x11, 0x01, 0x00, 0x10, 0x0D, 0x00, 0x00, 0x01, 0x00, 0x01, 0xBD, 0x00, 0x11, 0x0A, 0x00,
    0x33, 0x01, 0x00, 0x31, 0x55, 0x00, 0x11, 0x01, 0x00, 0x10, 0x0D, 0x00, 0x00, 0x01, 0x00, 0x01,
    0xBD, 0x00, 0x11, 0x0A, 0x00, 0x33, 0x01, 0x00, 0x31, 0x55, 0x00, 0x11, 0x01, 0x00, 0x10, 0x0D,
    0x00, 0x00, 0x01, 0x00, 0x01, 0xBD, 0x00, 0x11, 0x0A, 0x00, 0x33, 0x01, 0x00, 0x31, 0x55, 0x00,
    0x11, 0x01, 0x00, 0x10, 0x0D, 0x00, 0x00, 0x01, 0x00, 0x01, 0xBD, 0x00, 0x11, 0x0A, 0x00, 0x33,
    0x01, 0x00, 0x31, 0x55, 0x00, 0x11, 0x01, 0x00, 0x10, 0x0D, 0x00, 0x00, 0x01, 0x00, 0x01, 0xBD,
    0x00, 0x11, 0x0A, 0x00, 0x33, 0x01, 0x00, 0x31, 0x55, 0x00, 0x11, 0x01, 0x00, 0x10, 0x0D, 0x00,
    0x00, 0x01, 0x00, 0x01, 0xBD, 0x00, 0x11, 0x0A, 0x00, 0x33, 0x01, 0x00, 0x31, 0x55, 0x00, 0x11,
    0x01, 0x00, 0x10, 0x0D, 0x00, 0x00, 0x01, 0x00, 0x01, 0xBD, 0x00, 0x11, 0x0A, 0x00, 0x33, 0x01,
    0x00, 0x31, 0x55, 0x00, 0x11, 0x01, 0x00, 0x10, 0x0D, 0x00, 0x00, 0x01, 0x00, 0x01, 0xBD, 0x00,
    0x11, 0x0A, 0x00, 0x33, 0x01, 0x00, 0x31, 0x55, 0x00, 0x11, 0x01, 0x00, 0x10, 0x0D, 0x00, 0x00,
    0x01, 0x00, 0x01, 0xBD, 0x00, 0x11, 0x0A, 0x00, 0x33, 0x01, 0x00, 0x31, 0x55, 0x00, 0x11, 0x01,
    0x00, 0x10, 0x0D, 0x00, 0x00, 0x01, 0x00, 0x01, 0xBD, 0x00, 0x11, 0x0A, 0x00, 0x33, 0x01, 0x00,
    0x31, 0x55, 0x00, 0x11, 0x01, 0x00, 0x10, 0x0D, 0x00, 0x00, 0x01, 0x00, 0x01, 0xBD, 0x00, 0x11,
    0x0A, 0x00, 0x33, 0x01, 0x00, 0x31, 0x55, 0x00, 0x11, 0x01, 0x00, 0x10, 0x0D, 0x00, 0x00, 0x01,
    0x00, 0x01, 0xBD, 0x00, 0x11, 0x0A, 0x00, 0x33, 0x01, 0x00, 0x31, 0x55, 0x00, 0x11, 0x01, 0x00,
    0x10, 0x0D, 0x00, 0x00, 0x01, 0x00, 0x01, 0xBD, 0x00, 0x11, 0x0A, 0x00, 0x33, 0x01, 0x00, 0x31,
    0x55, 0x00, 0x11, 0x01, 0x00, 0x10, 0x0D, 0x00, 0x00, 0x01, 0x00, 0x01, 0xBD, 0x00, 0x11, 0x0A,
    0x00, 0x33, 0x01, 0x00, 0x31, 0x55, 0x00, 0x11, 0x01, 0x00, 0x10, 0x0D, 0x00, 0x00, 0x01, 0x00,
    0x01, 0xBD, 0x00, 0x11, 0x0A, 0x00, 0x33, 0x01, 0x00, 0x31, 0x55, 0x00, 0x11, 0x01, 0x00, 0x10,
    0x0D, 0x00, 0x00, 0x01, 0x00, 0x01, 0xBD, 0x00, 0x11, 0x0A, 0x00, 0x33, 0x01, 0x00, 0x31, 0x55,
    0x00, 0x11, 0x01, 0x00, 0x10, 0x0D, 0x00, 0x00, 0x01, 0x00, 0x01, 0xBD, 0x00, 0x11, 0x0A, 0x00,
    0x33, 0x01, 0x00, 0x31, 0x55, 0x00, 0x11, 0x01, 0x00, 0x10, 0x0D, 0x00, 0x00, 0x01, 0x00, 0x01,
    0xBD, 0x00, 0x11, 0x0A, 0x00, 0x33, 0x01, 0x00, 0x31, 0x55, 0x00, 0x11, 0x01, 0x00, 0x10, 0x0D,
    0x00, 0x00, 0x01, 0x00, 0x01, 0xBD, 0x00, 0x11, 0x0A, 0x00, 0x33, 0x01, 0x00, 0x31, 0x55, 0x00,
    0x11, 0x01, 0x00, 0x10, 0x0D, 0x00, 0x00, 0x01, 0x00, 0x01, 0xBD, 0x00, 0x11, 0x0A, 0x00, 0x33,
    0x01, 0x00, 0x31, 0x55, 0x00, 0x11, 0x01, 0x00, 0x10, 0x0D, 0x00, 0x00, 0x01, 0x00, 0x01, 0xBD,
    0x00, 0x11, 0x0A, 0x00, 0x33, 0x01, 0x00, 0x31, 0x55, 0x00, 0x11, 0x01, 0x00, 0x10, 0x0D, 0x00,
    0x00, 0x01, 0x00, 0x01, 0xBD, 0x00, 0x11, 0x0A, 0x00, 0x33, 0x01, 0x00, 0x31, 0x55, 0x00, 0x11,
    0x01, 0x00, 0x10, 0x0D, 0x00, 0x00, 0x01, 0x00, 0x01, 0xBD, 0x00, 0x11, 0x0A, 0x00, 0x33, 0x01,
    0x00, 0x31, 0x55, 0x00, 0x11, 0x01, 0x00, 0x10, 0x0D, 0x00, 0x00, 0x01, 0x00, 0x01, 0xBD, 0x00,
    0x11, 0x0A, 0x00, 0x33, 0x01, 0x00, 0x31, 0x55, 0x00, 0x11, 0x01, 0x00, 0x10, 0x0D, 0x00, 0x00,
    0x01, 0x00, 0x01, 0xBD, 0x00, 0x11, 0x0A, 0x00, 0x33, 0x01, 0x00, 0x31, 0x55, 0x00, 0x11, 0x01,
    0x00, 0x10, 0x0D, 0x00, 0x00, 0x01, 0x00, 0x01, 0xBD, 0x00, 0x11, 0x0A, 0x00, 0x33, 0x01, 0x00,
    0x31, 0x55, 0x00, 0x11, 0x01, 0x00, 0x10, 0x0D, 0x00, 0x00, 0x01, 0x00, 0x01, 0xBD, 0x00, 0x11,
    0x0A, 0x00, 0x33, 0x01, 0x00, 0x31, 0x55, 0x00, 0x11, 0x01, 0x00, 0x10, 0x0D, 0x00, 0x00, 0x01,
    0x00, 0x01, 0xBD, 0x00, 0x11, 0x0A, 0x00, 0x33, 0x01, 0x00, 0x31, 0x55, 0x00, 0x11, 0x01, 0x00,
    0x10, 0x0D, 0x00, 0x00, 0x01, 0x00, 0x01, 0xBD, 0x00, 0x11, 0x0A, 0x00, 0x33, 0x01, 0x00, 0x31,
    0x55, 0x00, 0x11, 0x01, 0x00, 0x10, 0x0D, 0x00, 0x00, 0x01, 0x00, 0x01, 0xBD, 0x00, 0x11, 0x0A,
    0x00, 0x33, 0x01, 0x00, 0x31, 0x55, 0x00, 0x11, 0x01, 0x00, 0x10, 0x0D, 0x00, 0x00, 0x01, 0x00,
    0x01, 0xBD, 0x00, 0x11, 0x0A, 0x00, 0x33, 0x01, 0x00, 0x31, 0x55, 0x00, 0x11, 0x01, 0x00, 0x10,
    0x0D, 0x00, 0x00, 0x01, 0x00, 0x01, 0xBD, 0x00, 0x11, 0x0A, 0x00, 0x33, 0x01, 0x00, 0x31, 0x55,
    0x00, 0x11, 0x01, 0x00, 0x10, 0x0D, 0x00, 0x00, 0x01, 0x00, 0x01, 0xBD, 0x00, 0x11, 0x0A, 0x00,
    0x33, 0x01, 0x00, 0x31, 0x55, 0x00, 0x11, 0x01, 0x00, 0x10, 0x0D, 0x00, 0x00, 0x01, 0x00, 0x01,
    0xBD, 0x00, 0x11, 0x0A, 0x00, 0x33, 0x01, 0x00, 0x31, 0x55, 0x00, 0x11, 0x01, 0x00, 0x10, 0x0D,
    0x00, 0x00, 0x01, 0x00, 0x01, 0xBD, 0x00, 0x11, 0x0A, 0x00, 0x33, 0x01, 0x00, 0x31, 0x55, 0x00,
    0x11, 0x01, 0x00, 0x10, 0x0D, 0x00, 0x00, 0x01, 0x00, 0x01, 0xBD, 0x00, 0x11, 0x0A, 0x00, 0x33,
    0x01, 0x00, 0x31, 0x55, 0x00, 0x11, 0x01, 0x00, 0x10, 0x0D, 0x00, 0x00, 0x01, 0x00, 0x01, 0xBD,
    0x00, 0x11, 0x0A, 0x00, 0x33, 0x01, 0x00, 0x31, 0x55, 0x00, 0x11, 0x01, 0x00, 0x10, 0x0D, 0x00,
    0x00, 0x01, 0x00, 0x01, 0xBD, 0x00, 0x11, 0x0A, 0x00, 0x33, 0x01, 0x00, 0x31, 0x55, 0x00, 0x11,
    0x01, 0x00, 0x10, 0x0D, 0x00, 0x00, 0x01, 0x00, 0x01, 0xBD, 0x00, 0x11, 0x0A, 0x00, 0x33, 0x01,
    0x00, 0x31, 0x55, 0x00, 0x11, 0x01, 0x00, 0x10, 0x0D, 0x00, 0x00, 0x01, 0x00, 0x01, 0xBD, 0x00,
    0x11, 0x0A, 0x00, 0x33, 0x01, 0x00, 0x31, 0x55, 0x00, 0x11, 0x01, 0x00, 0x10, 0x0D, 0x00, 0x00,
    0x01, 0x00, 0x01, 0xBD, 0x00, 0x11, 0x0A, 0x00, 0x33, 0x01, 0x00, 0x31, 0x55, 0x00, 0x11, 0x01,
    0x00, 0x10, 0x0D, 0x00, 0x00, 0x01, 0x00, 0x01, 0xBD, 0x00, 0x11, 0x0A, 0x00, 0x33, 0x01, 0x00,
    0x31, 0x55, 0x00, 0x11, 0x01, 0x00, 0x10, 0x0D, 0x00, 0x00, 0x01, 0x00, 0x01, 0xBD, 0x00, 0x11,
    0x0A, 0x00, 0x33, 0x56, 0x00, 0x11, 0x01, 0x00, 0x10, 0x0D, 0x00, 0x00, 0x01, 0x00, 0x01, 0xBD,
    0x00, 0x11, 0x0A, 0x00, 0x33, 0x56, 0x00, 0x11, 0x01, 0x00, 0x10, 0x0D, 0x00, 0x00, 0x01, 0x00,
    0x01, 0xBD, 0x00, 0x11, 0x0A, 0x00, 0x33, 0x56, 0x00, 0x11, 0x01, 0x00, 0x10, 0x0D, 0x00, 0x00,
    0x01, 0x00, 0x01, 0xBD, 0x00, 0x11, 0x09, 0x00, 0x33, 0x01, 0x00, 0x31, 0x56, 0x00, 0x11, 0x01,
    0x00, 0x10, 0x0D, 0x00, 0x00, 0x01, 0x00, 0x01, 0xBD, 0x00, 0x11, 0x09, 0x00, 0x33, 0x01, 0x00,
    0x31, 0x56, 0x00, 0x11, 0x01, 0x00, 0x10, 0x0D, 0x00, 0x00, 0x01, 0x00, 0x01, 0xBD, 0x00, 0x11,
    0x09, 0x00, 0x33, 0x57, 0x00, 0x11, 0x01, 0x00, 0x10, 0x0D, 0x00, 0x00, 0x01, 0x00, 0x01, 0xBD,
    0x00, 0x11, 0x08, 0x00, 0x33, 0x01, 0x00, 0x31, 0x57, 0x00, 0x11, 0x01, 0x00, 0x10, 0x0D, 0x00,
    0x00, 0x01, 0x00, 0x01, 0xBD, 0x00, 0x11, 0x08, 0x00, 0x33, 0x01, 0x00, 0x31, 0x57, 0x00, 0x11,
    0x01, 0x00, 0x10, 0x0D, 0x00, 0x00, 0x01, 0x00, 0x01, 0xBD, 0x00, 0x11, 0x08, 0x00, 0x33, 0x58,
    0x00, 0x11, 0x01, 0x00, 0x10, 0x0D, 0x00, 0x00, 0x01, 0x00, 0x01, 0xBD, 0x00, 0x11, 0x07, 0x00,
    0x33, 0x59, 0x00, 0x11, 0x01, 0x00, 0x10, 0x0D, 0x00, 0x00, 0x01, 0x00, 0x01, 0xBD, 0x00, 0x11,
    0x06, 0x00, 0x33, 0x01, 0x00, 0x31, 0x59, 0x00, 0x11, 0x01, 0x00, 0x10, 0x0D, 0x00, 0x00, 0x01,
    0x00, 0x01, 0xBD, 0x00, 0x11, 0x05, 0x00, 0x33, 0x01, 0x00, 0x31, 0x5A, 0x00, 0x11, 0x01, 0x00,
    0x10, 0x0D, 0x00, 0x00, 0x01, 0x00, 0x01, 0xBD, 0x00, 0x11, 0x04, 0x00, 0x33, 0x5C, 0x00, 0x11,
    0x01, 0x00, 0x10, 0x0D, 0x00, 0x00, 0x01, 0x00, 0x01, 0x1D, 0x01, 0x11, 0x01, 0x00, 0x10, 0x0D,
    0x00, 0x00, 0x01, 0x00, 0x01, 0x1D, 0x01, 0x11, 0x01, 0x00, 0x10, 0x0D, 0x00, 0x00, 0x01, 0x00,
    0x01, 0x1D, 0x01, 0x11, 0x01, 0x00, 0x10, 0x0D, 0x00, 0x00, 0x01, 0x00, 0x01, 0x1D, 0x01, 0x11,
    0x01, 0x00, 0x10, 0x0D, 0x00, 0x00, 0x01, 0x00, 0x01, 0x1D, 0x01, 0x11, 0x01, 0x00, 0x10, 0x0D,
    0x00, 0x00, 0x01, 0x00, 0x01, 0x1D, 0x01, 0x11, 0x01, 0x00, 0x10, 0x0D, 0x00, 0x00, 0x01, 0x00,
    0x01, 0x1D, 0x01, 0x11, 0x01, 0x00, 0x10, 0x0D, 0x00, 0x00, 0x01, 0x00, 0x01, 0x1D, 0x01, 0x11,
    0x01, 0x00, 0x10, 0x0D, 0x00, 0x00, 0x01, 0x00, 0x01, 0x1D, 0x01, 0x11, 0x01, 0x00, 0x10, 0x0D,
    0x00, 0x00, 0x01, 0x00, 0x01, 0x1D, 0x01, 0x11, 0x01, 0x00, 0x10, 0x0D, 0x00, 0x00, 0x01, 0x00,
    0x01, 0x1D, 0x01, 0x11, 0x01, 0x00, 0x10, 0x0D, 0x00, 0x00, 0x01, 0x00, 0x01, 0x1D, 0x01, 0x11,
    0x01, 0x00, 0x10, 0x0D, 0x00, 0x00, 0x01, 0x00, 0x01, 0x1D, 0x01, 0x11, 0x01, 0x00, 0x10, 0x0D,
    0x00, 0x00, 0x01, 0x00, 0x01, 0x1D, 0x01, 0x11, 0x01, 0x00, 0x10, 0x0D, 0x00, 0x00, 0x01, 0x00,
    0x01, 0x1D, 0x01, 0x11, 0x01, 0x00, 0x10, 0x0D, 0x00, 0x00, 0x01, 0x00, 0x01, 0x1D, 0x01, 0x11,
    0x01, 0x00, 0x10, 0x0D, 0x00, 0x00, 0x01, 0x00, 0x01, 0x1D, 0x01, 0x11, 0x01, 0x00, 0x10, 0x0D,
    0x00, 0x00, 0x01, 0x00, 0x01, 0x1D, 0x01, 0x11, 0x01, 0x00, 0x10, 0x0D, 0x00, 0x00, 0x01, 0x00,
    0x01, 0x1D, 0x01, 0x11, 0x01, 0x00, 0x10, 0x0D, 0x00, 0x00, 0x01, 0x00, 0x01, 0x1D, 0x01, 0x11,
    0x01, 0x00, 0x10, 0x0D, 0x00, 0x00, 0x01, 0x00, 0x01, 0x1D, 0x01, 0x11, 0x01, 0x00, 0x10, 0x0D,
    0x00, 0x00, 0x01, 0x00, 0x01, 0x1D, 0x01, 0x11, 0x01, 0x00, 0x10, 0x0D, 0x00, 0x00, 0x01, 0x00,
    0x01, 0x1D, 0x01, 0x11, 0x01, 0x00, 0x10, 0x0D, 0x00, 0x00, 0x01, 0x00, 0x01, 0x1D, 0x01, 0x11,
    0x01, 0x00, 0x10, 0x0D, 0x00, 0x00, 0x01, 0x00, 0x01, 0x1D, 0x01, 0x11, 0x01, 0x00, 0x10, 0x0D,
    0x00, 0x00, 0x01, 0x00, 0x01, 0x1D, 0x01, 0x11, 0x01, 0x00, 0x10, 0x0D, 0x00, 0x00, 0x01, 0x00,
    0x01, 0x1D, 0x01, 0x11, 0x01, 0x00, 0x10, 0x0D, 0x00, 0x00, 0x01, 0x00, 0x01, 0x1D, 0x01, 0x11,
    0x01, 0x00, 0x10, 0x0D, 0x00, 0x00, 0x01, 0x00, 0x01, 0x1D, 0x01, 0x11, 0x01, 0x00, 0x10, 0x0D,
    0x00, 0x00, 0x01, 0x00, 0x01, 0x1D, 0x01, 0x11, 0x01, 0x00, 0x10, 0x0D, 0x00, 0x00, 0x01, 0x00,
    0x01, 0x1D, 0x01, 0x11, 0x01, 0x00, 0x10, 0x0D, 0x00, 0x00, 0x01, 0x00, 0x01, 0x1D, 0x01, 0x11,
    0x01, 0x00, 0x10, 0x0D, 0x00, 0x00, 0x01, 0x00, 0x01, 0x1D, 0x01, 0x11, 0x01, 0x00, 0x10, 0x0D,
    0x00, 0x00, 0x01, 0x00, 0x01, 0x1D, 0x01, 0x11, 0x01, 0x00, 0x10, 0x0D, 0x00, 0x00, 0x01, 0x00,
    0x01, 0x1D, 0x01, 0x11, 0x01, 0x00, 0x10, 0x0D, 0x00, 0x00, 0x01, 0x00, 0x01, 0x1D, 0x01, 0x11,
    0x01, 0x00, 0x10, 0x0D, 0x00, 0x00, 0x01, 0x00, 0x01, 0x1D, 0x01, 0x11, 0x01, 0x00, 0x10, 0x0D,
    0x00, 0x00, 0x01, 0x00, 0x01, 0x1D, 0x01, 0x11, 0x01, 0x00, 0x10, 0x0D, 0x00, 0x00, 0x01, 0x00,
    0x01, 0x1D, 0x01, 0x11, 0x01, 0x00, 0x10, 0x0D, 0x00, 0x00, 0x01, 0x00, 0x01, 0xBD, 0x00, 0x11,
    0x02, 0x00, 0x33, 0x01, 0x00, 0x31, 0x5D, 0x00, 0x11, 0x01, 0x00, 0x10, 0x0D, 0x00, 0x00, 0x01,
    0x00, 0x01, 0xBD, 0x00, 0x11, 0x04, 0x00, 0x33, 0x5C, 0x00, 0x11, 0x01, 0x00, 0x10, 0x0D, 0x00,
    0x00, 0x01, 0x00, 0x01, 0xBD, 0x00, 0x11, 0x05, 0x00, 0x33, 0x01, 0x00, 0x31, 0x5A, 0x00, 0x11,
    0x01, 0x00, 0x10, 0x0D, 0x00, 0x00, 0x01, 0x00, 0x01, 0xBD, 0x00, 0x11, 0x06, 0x00, 0x33, 0x5A,
    0x00, 0x11, 0x01, 0x00, 0x10, 0x0D, 0x00, 0x00, 0x01, 0x00, 0x01, 0xBD, 0x00, 0x11, 0x07, 0x00,
    0x33, 0x59, 0x00, 0x11, 0x01, 0x00, 0x10, 0x0D, 0x00, 0x00, 0x01, 0x00, 0x01, 0xBD, 0x00, 0x11,
    0x07, 0x00, 0x33, 0x01, 0x00, 0x31, 0x58, 0x00, 0x11, 0x01, 0x00, 0x10, 0x0D, 0x00, 0x00, 0x01,
    0x00, 0x01, 0xBD, 0x00, 0x11, 0x08, 0x00, 0x33, 0x58, 0x00, 0x11, 0x01, 0x00, 0x10, 0x0D, 0x00,
    0x00, 0x01, 0x00, 0x01, 0xBD, 0x00, 0x11, 0x08, 0x00, 0x33, 0x01, 0x00, 0x31, 0x57, 0x00, 0x11,
    0x01, 0x00, 0x10, 0x0D, 0x00, 0x00, 0x01, 0x00, 0x01, 0xBD, 0x00, 0x11, 0x09, 0x00, 0x33, 0x57,
    0x00, 0x11, 0x01, 0x00, 0x10, 0x0D, 0x00, 0x00, 0x01, 0x00, 0x01, 0xBD, 0x00, 0x11, 0x09, 0x00,
    0x33, 0x01, 0x00, 0x31, 0x56, 0x00, 0x11, 0x01, 0x00, 0x10, 0x0D, 0x00, 0x00, 0x01, 0x00, 0x01,
    0xBD, 0x00, 0x11, 0x09, 0x00, 0x33, 0x01, 0x00, 0x31, 0x56, 0x00, 0x11, 0x01, 0x00, 0x10, 0x0D,
    0x00, 0x00, 0x01, 0x00, 0x01, 0xBD, 0x00, 0x11, 0x0A, 0x00, 0x33, 0x56, 0x00, 0x11, 0x01, 0x00,
    0x10, 0x0D, 0x00, 0x00, 0x01, 0x00, 0x01, 0xBD, 0x00, 0x11, 0x0A, 0x00, 0x33, 0x01, 0x00, 0x31,
    0x55, 0x00, 0x11, 0x01, 0x00, 0x10, 0x0D, 0x00, 0x00, 0x01, 0x00, 0x01, 0xBD, 0x00, 0x11, 0x0A,
    0x00, 0x33, 0x01, 0x00, 0x31, 0x55, 0x00, 0x11, 0x01, 0x00, 0x10, 0x0D, 0x00, 0x00, 0x01, 0x00,
    0x01, 0xBD, 0x00, 0x11, 0x0A, 0x00, 0x33, 0x01, 0x00, 0x31, 0x55, 0x00, 0x11, 0x01, 0x00, 0x10,
    0x0D, 0x00, 0x00, 0x01, 0x00, 0x01, 0xBD, 0x00, 0x11, 0x0B, 0x00, 0x33, 0x55, 0x00, 0x11, 0x01,
    0x00, 0x10, 0x0D, 0x00, 0x00, 0x01, 0x00, 0x01, 0xBD, 0x00, 0x11, 0x0B, 0x00, 0x33, 0x55, 0x00,
    0x11, 0x01, 0x00, 0x10, 0x0D, 0x00, 0x00, 0x01, 0x00, 0x01, 0xBD, 0x00, 0x11, 0x0B, 0x00, 0x33,
    0x55, 0x00, 0x11, 0x01, 0x00, 0x10, 0x0D, 0x00, 0x00, 0x01, 0x00, 0x01, 0xBD, 0x00, 0x11, 0x0B,
    0x00, 0x33, 0x01, 0x00, 0x31, 0x54, 0x00, 0x11, 0x01, 0x00, 0x10, 0x0D, 0x00, 0x00, 0x01, 0x00,
    0x01, 0xBD, 0x00, 0x11, 0x0B, 0x00, 0x33, 0x01, 0x00, 0x31, 0x54, 0x00, 0x11, 0x01, 0x00, 0x10,
    0x0D, 0x00, 0x00, 0x01, 0x00, 0x01, 0xBD, 0x00, 0x11, 0x0B, 0x00, 0x33, 0x01, 0x00, 0x31, 0x54,
    0x00, 0x11, 0x01, 0x00, 0x10, 0x0D, 0x00, 0x00, 0x01, 0x00, 0x01, 0xBD, 0x00, 0x11, 0x0B, 0x00,
    0x33, 0x01, 0x00, 0x31, 0x54, 0x00, 0x11, 0x01, 0x00, 0x10, 0x0D, 0x00, 0x00, 0x01, 0x00, 0x01,
    0xBD, 0x00, 0x11, 0x0B, 0x00, 0x33, 0x01, 0x00, 0x31, 0x54, 0x00, 0x11, 0x01, 0x00, 0x10, 0x0D,
    0x00, 0x00, 0x01, 0x00, 0x01, 0xBD, 0x00, 0x11, 0x0B, 0x00, 0x33, 0x01, 0x00, 0x31, 0x54, 0x00,
    0x11, 0x01, 0x00, 0x10, 0x0D, 0x00, 0x00, 0x01, 0x00, 0x01, 0xBD, 0x00, 0x11, 0x0B, 0x00, 0x33,
    0x01, 0x00, 0x31, 0x54, 0x00, 0x11, 0x01, 0x00, 0x10, 0x0D, 0x00, 0x00, 0x01, 0x00, 0x01, 0xBD,
    0x00, 0x11, 0x0B, 0x00, 0x33, 0x01, 0x00, 0x31, 0x54, 0x00, 0x11, 0x01, 0x00, 0x10, 0x0D, 0x00,
    0x00, 0x01, 0x00, 0x01, 0xBD, 0x00, 0x11, 0x0B, 0x00, 0x33, 0x01, 0x00, 0x31, 0x54, 0x00, 0x11,
    0x01, 0x00, 0x10, 0x0D, 0x00, 0x00, 0x01, 0x00, 0x01, 0xBD, 0x00, 0x11, 0x0B, 0x00, 0x33, 0x55,
    0x00, 0x11, 0x01, 0x00, 0x10, 0x0D, 0x00, 0x00, 0x01, 0x00, 0x01, 0xBD, 0x00, 0x11, 0x0B, 0x00,
    0x33, 0x55, 0x00, 0x11, 0x01, 0x00, 0x10, 0x0D, 0x00, 0x00, 0x01, 0x00, 0x01, 0xBD, 0x00, 0x11,
    0x0B, 0x00, 0x33, 0x55, 0x00, 0x11, 0x01, 0x00, 0x10, 0x0D, 0x00, 0x00, 0x01, 0x00, 0x01, 0xBD,
    0x00, 0x11, 0x0A, 0x00, 0x33, 0x01, 0x00, 0x31, 0x55, 0x00, 0x11, 0x01, 0x00, 0x10, 0x0D, 0x00,
    0x00, 0x01, 0x00, 0x01, 0xBD, 0x00, 0x11, 0x0A, 0x00, 0x33, 0x01, 0x00, 0x31, 0x55, 0x00, 0x11,
    0x01, 0x00, 0x10, 0x0D, 0x00, 0x00, 0x01, 0x00, 0x01, 0xBD, 0x00, 0x11, 0x0A, 0x00, 0x33, 0x01,
    0x00, 0x31, 0x55, 0x00, 0x11, 0x01, 0x00, 0x10, 0x0D, 0x00, 0x00, 0x01, 0x00, 0x01, 0xBD, 0x00,
    0x11, 0x0A, 0x00, 0x33, 0x56, 0x00, 0x11, 0x01, 0x00, 0x10, 0x0D, 0x00, 0x00, 0x01, 0x00, 0x01,
    0xBD, 0x00, 0x11, 0x09, 0x00, 0x33, 0x01, 0x00, 0x31, 0x56, 0x00, 0x11, 0x01, 0x00, 0x10, 0x0D,
    0x00, 0x00, 0x01, 0x00, 0x01, 0xBD, 0x00, 0x11, 0x09, 0x00, 0x33, 0x01, 0x00, 0x31, 0x56, 0x00,
    0x11, 0x01, 0x00, 0x10, 0x0D, 0x00, 0x00, 0x01, 0x00, 0x01, 0xBD, 0x00, 0x11, 0x09, 0x00, 0x33,
    0x57, 0x00, 0x11, 0x01, 0x00, 0x10, 0x0D, 0x00, 0x00, 0x01, 0x00, 0x01, 0xBD, 0x00, 0x11, 0x08,
    0x00, 0x33, 0x01, 0x00, 0x31, 0x57, 0x00, 0x11, 0x01, 0x00, 0x10, 0x0D, 0x00, 0x00, 0x01, 0x00,
    0x01, 0xBD, 0x00, 0x11, 0x08, 0x00, 0x33, 0x58, 0x00, 0x11, 0x01, 0x00, 0x10, 0x0D, 0x00, 0x00,
    0x01, 0x00, 0x01, 0xBD, 0x00, 0x11, 0x07, 0x00, 0x33, 0x01, 0x00, 0x31, 0x58, 0x00, 0x11, 0x01,
    0x00, 0x10, 0x0D, 0x00, 0x00, 0x01, 0x00, 0x01, 0xBD, 0x00, 0x11, 0x07, 0x00, 0x33, 0x59, 0x00,
    0x11, 0x01, 0x00, 0x10, 0x0D, 0x00, 0x00, 0x01, 0x00, 0x01, 0xBD, 0x00, 0x11, 0x06, 0x00, 0x33,
    0x5A, 0x00, 0x11, 0x01, 0x00, 0x10, 0x0D, 0x00, 0x00, 0x01, 0x00, 0x01, 0xBD, 0x00, 0x11, 0x05,
    0x00, 0x33, 0x01, 0x00, 0x31, 0x5A, 0x00, 0x11, 0x01, 0x00, 0x10, 0x0D, 0x00, 0x00, 0x01, 0x00,
    0x01, 0xBD, 0x00, 0x11, 0x04, 0x00, 0x33, 0x5C, 0x00, 0x11, 0x01, 0x00, 0x10, 0x0D, 0x00, 0x00,
    0x01, 0x00, 0x01, 0xBD, 0x00, 0x11, 0x02, 0x00, 0x33, 0x01, 0x00, 0x31, 0x5D, 0x00, 0x11, 0x01,
    0x00, 0x10, 0x0D, 0x00, 0x00, 0x01, 0x00, 0x01, 0x1D, 0x01, 0x11, 0x01, 0x00, 0x10, 0x0D, 0x00,
    0x00, 0x01, 0x00, 0x01, 0x1D, 0x01, 0x11, 0x01, 0x00, 0x10, 0x0D, 0x00, 0x00, 0x01, 0x00, 0x01,
    0x1D, 0x01, 0x11, 0x01, 0x00, 0x10, 0x0D, 0x00, 0x00, 0x01, 0x00, 0x01, 0x1D, 0x01, 0x11, 0x01,
    0x00, 0x10, 0x0D, 0x00, 0x00, 0x01, 0x00, 0x01, 0x1D, 0x01, 0x11, 0x01, 0x00, 0x10, 0x0D, 0x00,
    0x00, 0x01, 0x00, 0x01, 0x1D, 0x01, 0x11, 0x01, 0x00, 0x10, 0x0D, 0x00, 0x00, 0x01, 0x00, 0x01,
    0x1D, 0x01, 0x11, 0x01, 0x00, 0x10, 0x0D, 0x00, 0x00, 0x01, 0x00, 0x01, 0x1D, 0x01, 0x11, 0x01,
    0x00, 0x10, 0x0D, 0x00, 0x00, 0x01, 0x00, 0x01, 0x1D, 0x01, 0x11, 0x01, 0x00, 0x10, 0x0D, 0x00,
    0x00, 0x01, 0x00, 0x01, 0x1D, 0x01, 0x11, 0x01, 0x00, 0x10, 0x0D, 0x00, 0x00, 0x01, 0x00, 0x01,
    0x1D, 0x01, 0x11, 0x01, 0x00, 0x10, 0x0D, 0x00, 0x00, 0x01, 0x00, 0x01, 0x1D, 0x01, 0x11, 0x01,
    0x00, 0x10, 0x0D, 0x00, 0x00, 0x01, 0x00, 0x01, 0x1D, 0x01, 0x11, 0x01, 0x00, 0x10, 0x0D, 0x00,
    0x00, 0x01, 0x00, 0x01, 0x1D, 0x01, 0x11, 0x01, 0x00, 0x10, 0x0D, 0x00, 0x00, 0x01, 0x00, 0x01,
    0x1D, 0x01, 0x11, 0x01, 0x00, 0x10, 0x0D, 0x00, 0x00, 0x01, 0x00, 0x01, 0x1D, 0x01, 0x11, 0x01,
    0x00, 0x10, 0x0D, 0x00, 0x00, 0x01, 0x00, 0x01, 0x1D, 0x01, 0x11, 0x01, 0x00, 0x10, 0x0D, 0x00,
    0x00, 0x01, 0x00, 0x01, 0x1D, 0x01, 0x11, 0x01, 0x00, 0x10, 0x0D, 0x00, 0x00, 0x01, 0x00, 0x01,
    0x1D, 0x01, 0x11, 0x01, 0x00, 0x10, 0x0D, 0x00, 0x00, 0x01, 0x00, 0x01, 0x1D, 0x01, 0x11, 0x01,
    0x00, 0x10, 0x0D, 0x00, 0x00, 0x01, 0x00, 0x01, 0x1D, 0x01, 0x11, 0x01, 0x00, 0x10, 0x0D, 0x00,
    0x00, 0x01, 0x00, 0x01, 0x1D, 0x01, 0x11, 0x01, 0x00, 0x10, 0x0D, 0x00, 0x00, 0x01, 0x00, 0x01,
    0x1D, 0x01, 0x11, 0x01, 0x00, 0x10, 0x0D, 0x00, 0x00, 0x01, 0x00, 0x01, 0x1D, 0x01, 0x11, 0x01,
    0x00, 0x10, 0x0D, 0x00, 0x00, 0x01, 0x00, 0x01, 0x1D, 0x01, 0x11, 0x01, 0x00, 0x10, 0x0D, 0x00,
    0x00, 0x01, 0x00, 0x01, 0x1D, 0x01, 0x11, 0x01, 0x00, 0x10, 0x0D, 0x00, 0x00, 0x01, 0x00, 0x01,
    0x1D, 0x01, 0x11, 0x01, 0x00, 0x10, 0x0D, 0x00, 0x00, 0x01, 0x00, 0x01, 0x1D, 0x01, 0x11, 0x01,
    0x00, 0x10, 0x0D, 0x00, 0x00, 0x01, 0x00, 0x01, 0x1D, 0x01, 0x11, 0x01, 0x00, 0x10, 0x0D, 0x00,
    0x00, 0x01, 0x00, 0x01, 0x1D, 0x01, 0x11, 0x01, 0x00, 0x10, 0x0D, 0x00, 0x00, 0x01, 0x00, 0x01,
    0x1D, 0x01, 0x11, 0x01, 0x00, 0x10, 0x0D, 0x00, 0x00, 0x01, 0x00, 0x01, 0x1D, 0x01, 0x11, 0x01,
    0x00, 0x10, 0x0D, 0x00, 0x00, 0x01, 0x00, 0x01, 0x1D, 0x01, 0x11, 0x01, 0x00, 0x10, 0x0D, 0x00,
    0x00, 0x01, 0x00, 0x01, 0x1D, 0x01, 0x11, 0x01, 0x00, 0x10, 0x0D, 0x00, 0x00, 0x01, 0x00, 0x01,
    0x1D, 0x01, 0x11, 0x01, 0x00, 0x10, 0x0D, 0x00, 0x00, 0x01, 0x00, 0x01, 0x1D, 0x01, 0x11, 0x01,
    0x00, 0x10, 0x0D, 0x00, 0x00, 0x01, 0x00, 0x01, 0x1D, 0x01, 0x11, 0x01, 0x00, 0x10, 0x0D, 0x00,
    0x00, 0x01, 0x00, 0x01, 0x1D, 0x01, 0x11, 0x01, 0x00, 0x10, 0x0D, 0x00, 0x00, 0x01, 0x00, 0x01,
    0x1D, 0x01, 0x11, 0x01, 0x00, 0x10, 0x0D, 0x00, 0x00, 0x01, 0x00, 0x01, 0x1D, 0x01, 0x11, 0x01,
    0x00, 0x10, 0x0D, 0x00, 0x00, 0x01, 0x00, 0x01, 0x1D, 0x01, 0x11, 0x01, 0x00, 0x10, 0x0D, 0x00,
    0x00, 0x01, 0x00, 0x01, 0x1D, 0x01, 0x11, 0x01, 0x00, 0x10, 0x0D, 0x00, 0x00, 0x01, 0x00, 0x01,
    0x1D, 0x01, 0x11, 0x01, 0x00, 0x10, 0x0D, 0x00, 0x00, 0x01, 0x00, 0x01, 0x1D, 0x01, 0x11, 0x01,
    0x00, 0x10, 0x0D, 0x00, 0x00, 0x01, 0x00, 0x01, 0x1D, 0x01, 0x11, 0x01, 0x00, 0x10, 0x0D, 0x00,
    0x00, 0x01, 0x00, 0x01, 0x1D, 0x01, 0x11, 0x01, 0x00, 0x10, 0x0D, 0x00, 0x00, 0x01, 0x00, 0x01,
    0x1D, 0x01, 0x11, 0x01, 0x00, 0x10, 0x0D, 0x00, 0x00, 0x01, 0x00, 0x01, 0x1D, 0x01, 0x11, 0x01,
    0x00, 0x10, 0x0D, 0x00, 0x00, 0x01, 0x00, 0x01, 0x1D, 0x01, 0x11, 0x01, 0x00, 0x10, 0x0D, 0x00,
    0x00, 0x01, 0x00, 0x01, 0x1D, 0x01, 0x11, 0x01, 0x00, 0x10, 0x0D, 0x00, 0x00, 0x01, 0x00, 0x01,
    0x1D, 0x01, 0x11, 0x01, 0x00, 0x10, 0x0D, 0x00, 0x00, 0x01, 0x00, 0x01, 0x1D, 0x01, 0x11, 0x01,
    0x00, 0x10, 0x0D, 0x00, 0x00, 0x01, 0x00, 0x01, 0x1D, 0x01, 0x11, 0x01, 0x00, 0x10, 0x0D, 0x00,
    0x00, 0x01, 0x00, 0x01, 0x1D, 0x01, 0x11, 0x01, 0x00, 0x10, 0x0D, 0x00, 0x00, 0x01, 0x00, 0x01,
    0x1D, 0x01, 0x11, 0x01, 0x00, 0x10, 0x0D, 0x00, 0x00, 0x01, 0x00, 0x01, 0x1D, 0x01, 0x11, 0x01,
    0x00, 0x10, 0x0D, 0x00, 0x00, 0x01, 0x00, 0x01, 0x1D, 0x01, 0x11, 0x01, 0x00, 0x10, 0x0D, 0x00,
    0x00, 0x01, 0x00, 0x01, 0x1D, 0x01, 0x11, 0x01, 0x00, 0x10, 0x0D, 0x00, 0x00, 0x01, 0x00, 0x01,
    0x1D, 0x01, 0x11, 0x01, 0x00, 0x10, 0x0D, 0x00, 0x00, 0x01, 0x00, 0x01, 0x1D, 0x01, 0x11, 0x01,
    0x00, 0x10, 0x0D, 0x00, 0x00, 0x01, 0x00, 0x01, 0x1D, 0x01, 0x11, 0x01, 0x00, 0x10, 0x0D, 0x00,
    0x00, 0x01, 0x00, 0x01, 0x1D, 0x01, 0x11, 0x01, 0x00, 0x10, 0x0D, 0x00, 0x00, 0x01, 0x00, 0x01,
    0x1D, 0x01, 0x11, 0x01, 0x00, 0x10, 0x0D, 0x00, 0x00, 0x01, 0x00, 0x01, 0x1D, 0x01, 0x11, 0x01,
    0x00, 0x10, 0x0D, 0x00, 0x00, 0x01, 0x00, 0x01, 0x1D, 0x01, 0x11, 0x01, 0x00, 0x10, 0x0D, 0x00,
    0x00, 0x01, 0x00, 0x01, 0x1D, 0x01, 0x11, 0x01, 0x00, 0x10, 0x0D, 0x00, 0x00, 0x01, 0x00, 0x01,
    0x1D, 0x01, 0x11, 0x01, 0x00, 0x10, 0x0D, 0x00, 0x00, 0x01, 0x00, 0x01, 0x1D, 0x01, 0x11, 0x01,
    0x00, 0x10, 0x0D, 0x00, 0x00, 0x01, 0x00, 0x01, 0x1D, 0x01, 0x11, 0x01, 0x00, 0x10, 0x0D, 0x00,
    0x00, 0x01, 0x00, 0x01, 0x1D, 0x01, 0x11, 0x01, 0x00, 0x10, 0x0D, 0x00, 0x00, 0x01, 0x00, 0x01,
    0x1D, 0x01, 0x11, 0x01, 0x00, 0x10, 0x0D, 0x00, 0x00, 0x01, 0x00, 0x01, 0x1D, 0x01, 0x11, 0x01,
    0x00, 0x10, 0x0D, 0x00, 0x00, 0x01, 0x00, 0x01, 0x1D, 0x01, 0x11, 0x01, 0x00, 0x10, 0x0D, 0x00,
    0x00, 0x01, 0x00, 0x01, 0x1D, 0x01, 0x11, 0x01, 0x00, 0x10, 0x0D, 0x00, 0x00, 0x01, 0x00, 0x01,
    0x1D, 0x01, 0x11, 0x01, 0x00, 0x10, 0x0D, 0x00, 0x00, 0x01, 0x00, 0x01, 0x1D, 0x01, 0x11, 0x01,
    0x00, 0x10, 0x0D, 0x00, 0x00, 0x01, 0x00, 0x01, 0x1D, 0x01, 0x11, 0x01, 0x00, 0x10, 0x0D, 0x00,
    0x00, 0x01, 0x00, 0x01, 0x1D, 0x01, 0x11, 0x01, 0x00, 0x10, 0x0D, 0x00, 0x00, 0x01, 0x00, 0x01,
    0x1D, 0x01, 0x11, 0x01, 0x00, 0x10, 0x0D, 0x00, 0x00, 0x01, 0x00, 0x01, 0x1D, 0x01, 0x11, 0x01,
    0x00, 0x10, 0x0D, 0x00, 0x00, 0x01, 0x00, 0x01, 0x1D, 0x01, 0x11, 0x01, 0x00, 0x10, 0x0D, 0x00,
    0x00, 0x01, 0x00, 0x01, 0x1D, 0x01, 0x11, 0x01, 0x00, 0x10, 0x0D, 0x00, 0x00, 0x01, 0x00, 0x01,
    0x1D, 0x01, 0x11, 0x01, 0x00, 0x10, 0x0D, 0x00, 0x00, 0x01, 0x00, 0x01, 0x1D, 0x01, 0x11, 0x01,
    0x00, 0x10, 0x0D, 0x00, 0x00, 0x01, 0x00, 0x01, 0x1D, 0x01, 0x11, 0x01, 0x00, 0x10, 0x0D, 0x00,
    0x00, 0x01, 0x00, 0x01, 0x1D, 0x01, 0x11, 0x01, 0x00, 0x10, 0x0D, 0x00, 0x00, 0x01, 0x00, 0x01,
    0x1D, 0x01, 0x11, 0x01, 0x00, 0x10, 0x0D, 0x00, 0x00, 0x01, 0x00, 0x01, 0xBD, 0x00, 0x11, 0x5A,
    0x00, 0x33, 0x01, 0x00, 0x31, 0x05, 0x00, 0x11, 0x01, 0x00, 0x10, 0x0D, 0x00, 0x00, 0x01, 0x00,
    0x01, 0xBD, 0x00, 0x11, 0x5A, 0x00, 0x33, 0x01, 0x00, 0x31, 0x05, 0x00, 0x11, 0x01, 0x00, 0x10,
    0x0D, 0x00, 0x00, 0x01, 0x00, 0x01, 0xBD, 0x00, 0x11, 0x5A, 0x00, 0x33, 0x01, 0x00, 0x31, 0x05,
    0x00, 0x11, 0x01, 0x00, 0x10, 0x0D, 0x00, 0x00, 0x01, 0x00, 0x01, 0xBD, 0x00, 0x11, 0x5A, 0x00,
    0x33, 0x01, 0x00, 0x31, 0x05, 0x00, 0x11, 0x01, 0x00, 0x10, 0x0D, 0x00, 0x00, 0x01, 0x00, 0x01,
    0xBD, 0x00, 0x11, 0x5A, 0x00, 0x33, 0x01, 0x00, 0x31, 0x05, 0x00, 0x11, 0x01, 0x00, 0x10, 0x0D,
    0x00, 0x00, 0x01, 0x00, 0x01, 0xBD, 0x00, 0x11, 0x5A, 0x00, 0x33, 0x01, 0x00, 0x31, 0x05, 0x00,
    0x11, 0x01, 0x00, 0x10, 0x0D, 0x00, 0x00, 0x01, 0x00, 0x01, 0xBD, 0x00, 0x11, 0x5A, 0x00, 0x33,
    0x01, 0x00, 0x31, 0x05, 0x00, 0x11, 0x01, 0x00, 0x10, 0x0D, 0x00, 0x00, 0x01, 0x00, 0x01, 0xBD,
    0x00, 0x11, 0x5A, 0x00, 0x33, 0x01, 0x00, 0x31, 0x05, 0x00, 0x11, 0x01, 0x00, 0x10, 0x0D, 0x00,
    0x00, 0x01, 0x00, 0x01, 0xBD, 0x00, 0x11, 0x5A, 0x00, 0x33, 0x01, 0x00, 0x31, 0x05, 0x00, 0x11,
    0x01, 0x00, 0x10, 0x0D, 0x00, 0x00, 0x01, 0x00, 0x01, 0xBD, 0x00, 0x11, 0x5A, 0x00, 0x33, 0x01,
    0x00, 0x31, 0x05, 0x00, 0x11, 0x01, 0x00, 0x10, 0x0D, 0x00, 0x00, 0x01, 0x00, 0x01, 0xBD, 0x00,
    0x11, 0x5A, 0x00, 0x33, 0x01, 0x00, 0x31, 0x05, 0x00, 0x11, 0x01, 0x00, 0x10, 0x0D, 0x00, 0x00,
    0x01, 0x00, 0x01, 0xBD, 0x00, 0x11, 0x5A, 0x00, 0x33, 0x01, 0x00, 0x31, 0x05, 0x00, 0x11, 0x01,
    0x00, 0x10, 0x0D, 0x00, 0x00, 0x01, 0x00, 0x01, 0xBD, 0x00, 0x11, 0x5A, 0x00, 0x33, 0x01, 0x00,
    0x31, 0x05, 0x00, 0x11, 0x01, 0x00, 0x10, 0x0D, 0x00, 0x00, 0x01, 0x00, 0x01, 0xBD, 0x00, 0x11,
    0x5A, 0x00, 0x33, 0x01, 0x00, 0x31, 0x05, 0x00, 0x11, 0x01, 0x00, 0x10, 0x0D, 0x00, 0x00, 0x01,
    0x00, 0x01, 0xBD, 0x00, 0x11, 0x5A, 0x00, 0x33, 0x01, 0x00, 0x31, 0x05, 0x00, 0x11, 0x01, 0x00,
    0x10, 0x0D, 0x00, 0x00, 0x01, 0x00, 0x01, 0xBD, 0x00, 0x11, 0x5A, 0x00, 0x33, 0x01, 0x00, 0x31,
    0x05, 0x00, 0x11, 0x01, 0x00, 0x10, 0x0D, 0x00, 0x00, 0x01, 0x00, 0x01, 0xBD, 0x00, 0x11, 0x5A,
    0x00, 0x33, 0x01, 0x00, 0x31, 0x05, 0x00, 0x11, 0x01, 0x00, 0x10, 0x0D, 0x00, 0x00, 0x01, 0x00,
    0x01, 0xBD, 0x00, 0x11, 0x5A, 0x00, 0x33, 0x01, 0x00, 0x31, 0x05, 0x00, 0x11, 0x01, 0x00, 0x10,
    0x0D, 0x00, 0x00, 0x01, 0x00, 0x01, 0xBD, 0x00, 0x11, 0x5A, 0x00, 0x33, 0x01, 0x00, 0x31, 0x05,
    0x00, 0x11, 0x01, 0x00, 0x10, 0x0D, 0x00, 0x00, 0x01, 0x00, 0x01, 0xBD, 0x00, 0x11, 0x5A, 0x00,
    0x33, 0x01, 0x00, 0x31, 0x05, 0x00, 0x11, 0x01, 0x00, 0x10, 0x0D, 0x00, 0x00, 0x01, 0x00, 0x01,
    0xBD, 0x00, 0x11, 0x5A, 0x00, 0x33, 0x01, 0x00, 0x31, 0x05, 0x00, 0x11, 0x01, 0x00, 0x10, 0x0D,
    0x00, 0x00, 0x01, 0x00, 0x01, 0xBD, 0x00, 0x11, 0x5A, 0x00, 0x33, 0x01, 0x00, 0x31, 0x05, 0x00,
    0x11, 0x01, 0x00, 0x10, 0x0D, 0x00, 0x00, 0x01, 0x00, 0x01, 0xBD, 0x00, 0x11, 0x5A, 0x00, 0x33,
    0x01, 0x00, 0x31, 0x05, 0x00, 0x11, 0x01, 0x00, 0x10, 0x0D, 0x00, 0x00, 0x01, 0x00, 0x01, 0xBD,
    0x00, 0x11, 0x5A, 0x00, 0x33, 0x01, 0x00, 0x31, 0x05, 0x00, 0x11, 0x01, 0x00, 0x10, 0x0D, 0x00,
    0x00, 0x01, 0x00, 0x01, 0xBD, 0x00, 0x11, 0x5A, 0x00, 0x33, 0x01, 0x00, 0x31, 0x05, 0x00, 0x11,
    0x01, 0x00, 0x10, 0x0D, 0x00, 0x00, 0x01, 0x00, 0x01, 0xBD, 0x00, 0x11, 0x5A, 0x00, 0x33, 0x01,
    0x00, 0x31, 0x05, 0x00, 0x11, 0x01, 0x00, 0x10, 0x0D, 0x00, 0x00, 0x01, 0x00, 0x01, 0xBD, 0x00,
    0x11, 0x5A, 0x00, 0x33, 0x01, 0x00, 0x31, 0x05, 0x00, 0x11, 0x01, 0x00, 0x10, 0x0D, 0x00, 0x00,
    0x01, 0x00, 0x01, 0xBD, 0x00, 0x11, 0x5A, 0x00, 0x33, 0x01, 0x00, 0x31, 0x05, 0x00, 0x11, 0x01,
    0x00, 0x10, 0x0D, 0x00, 0x00, 0x01, 0x00, 0x01, 0xBD, 0x00, 0x11, 0x5A, 0x00, 0x33, 0x01, 0x00,
    0x31, 0x05, 0x00, 0x11, 0x01, 0x00, 0x10, 0x0D, 0x00, 0x00, 0x01, 0x00, 0x01, 0xBD, 0x00, 0x11,
    0x5A, 0x00, 0x33, 0x01, 0x00, 0x31, 0x05, 0x00, 0x11, 0x01, 0x00, 0x10, 0x0D, 0x00, 0x00, 0x01,
    0x00, 0x01, 0xBD, 0x00, 0x11, 0x5A, 0x00, 0x33, 0x01, 0x00, 0x31, 0x05, 0x00, 0x11, 0x01, 0x00,
    0x10, 0x0D, 0x00, 0x00, 0x01, 0x00, 0x01, 0xBD, 0x00, 0x11, 0x5A, 0x00, 0x33, 0x01, 0x00, 0x31,
    0x05, 0x00, 0x11, 0x01, 0x00, 0x10, 0x0D, 0x00, 0x00, 0x01, 0x00, 0x01, 0xBD, 0x00, 0x11, 0x5A,
    0x00, 0x33, 0x01, 0x00, 0x31, 0x05, 0x00, 0x11, 0x01, 0x00, 0x10, 0x0D, 0x00, 0x00, 0x01, 0x00,
    0x01, 0xBD, 0x00, 0x11, 0x5A, 0x00, 0x33, 0x01, 0x00, 0x31, 0x05, 0x00, 0x11, 0x01, 0x00, 0x10,
    0x0D, 0x00, 0x00, 0x01, 0x00, 0x01, 0xBD, 0x00, 0x11, 0x5A, 0x00, 0x33, 0x01, 0x00, 0x31, 0x05,
    0x00, 0x11, 0x01, 0x00, 0x10, 0x0D, 0x00, 0x00, 0x01, 0x00, 0x01, 0xBD, 0x00, 0x11, 0x5A, 0x00,
    0x33, 0x01, 0x00, 0x31, 0x05, 0x00, 0x11, 0x01, 0x00, 0x10, 0x0D, 0x00, 0x00, 0x01, 0x00, 0x01,
    0xBD, 0x00, 0x11, 0x5A, 0x00, 0x33, 0x01, 0x00, 0x31, 0x05, 0x00, 0x11, 0x01, 0x00, 0x10, 0x0D,
    0x00, 0x00, 0x01, 0x00, 0x01, 0xBD, 0x00, 0x11, 0x5A, 0x00, 0x33, 0x01, 0x00, 0x31, 0x05, 0x00,
    0x11, 0x01, 0x00, 0x10, 0x0D, 0x00, 0x00, 0x01, 0x00, 0x01, 0xBD, 0x00, 0x11, 0x5A, 0x00, 0x33,
    0x01, 0x00, 0x31, 0x05, 0x00, 0x11, 0x01, 0x00, 0x10, 0x0D, 0x00, 0x00, 0x01, 0x00, 0x01, 0xBD,
    0x00, 0x11, 0x5A, 0x00, 0x33, 0x01, 0x00, 0x31, 0x05, 0x00, 0x11, 0x01, 0x00, 0x10, 0x0D, 0x00,
    0x00, 0x01, 0x00, 0x01, 0xBD, 0x00, 0x11, 0x5A, 0x00, 0x33, 0x01, 0x00, 0x31, 0x05, 0x00, 0x11,
    0x01, 0x00, 0x10, 0x0D, 0x00, 0x00, 0x01, 0x00, 0x01, 0xBD, 0x00, 0x11, 0x5A, 0x00, 0x33, 0x01,
    0x00, 0x31, 0x05, 0x00, 0x11, 0x01, 0x00, 0x10, 0x0D, 0x00, 0x00, 0x01, 0x00, 0x01, 0xBD, 0x00,
    0x11, 0x5A, 0x00, 0x33, 0x01, 0x00, 0x31, 0x05, 0x00, 0x11, 0x01, 0x00, 0x10, 0x0D, 0x00, 0x00,
    0x01, 0x00, 0x01, 0xBD, 0x00, 0x11, 0x5A, 0x00, 0x33, 0x01, 0x00, 0x31, 0x05, 0x00, 0x11, 0x01,
    0x00, 0x10, 0x0D, 0x00, 0x00, 0x01, 0x00, 0x01, 0xBD, 0x00, 0x11, 0x5A, 0x00, 0x33, 0x01, 0x00,
    0x31, 0x05, 0x00, 0x11, 0x01, 0x00, 0x10, 0x0D, 0x00, 0x00, 0x01, 0x00, 0x01, 0xBD, 0x00, 0x11,
    0x5A, 0x00, 0x33, 0x01, 0x00, 0x31, 0x05, 0x00, 0x11, 0x01, 0x00, 0x10, 0x0D, 0x00, 0x00, 0x01,
    0x00, 0x01, 0xBD, 0x00, 0x11, 0x5A, 0x00, 0x33, 0x01, 0x00, 0x31, 0x05, 0x00, 0x11, 0x01, 0x00,
    0x10, 0x0D, 0x00, 0x00, 0x01, 0x00, 0x01, 0xBD, 0x00, 0x11, 0x5A, 0x00, 0x33, 0x01, 0x00, 0x31,
    0x05, 0x00, 0x11, 0x01, 0x00, 0x10, 0x0D, 0x00, 0x00, 0x01, 0x00, 0x01, 0xBD, 0x00, 0x11, 0x5A,
    0x00, 0x33, 0x01, 0x00, 0x31, 0x05, 0x00, 0x11, 0x01, 0x00, 0x10, 0x0D, 0x00, 0x00, 0x01, 0x00,
    0x01, 0xBD, 0x00, 0x11, 0x5A, 0x00, 0x33, 0x01, 0x00, 0x31, 0x05, 0x00, 0x11, 0x01, 0x00, 0x10,
    0x0D, 0x00, 0x00, 0x01, 0x00, 0x01, 0xBD, 0x00, 0x11, 0x5A, 0x00, 0x33, 0x01, 0x00, 0x31, 0x05,
    0x00, 0x11, 0x01, 0x00, 0x10, 0x0D, 0x00, 0x00, 0x01, 0x00, 0x01, 0xBD, 0x00, 0x11, 0x5A, 0x00,
    0x33, 0x01, 0x00, 0x31, 0x05, 0x00, 0x11, 0x01, 0x00, 0x10, 0x0D, 0x00, 0x00, 0x01, 0x00, 0x01,
    0xBD, 0x00, 0x11, 0x5A, 0x00, 0x33, 0x01, 0x00, 0x31, 0x05, 0x00, 0x11, 0x01, 0x00, 0x10, 0x0D,
    0x00, 0x00, 0x01, 0x00, 0x01, 0xBD, 0x00, 0x11, 0x5A, 0x00, 0x33, 0x01, 0x00, 0x31, 0x05, 0x00,
    0x11, 0x01, 0x00, 0x10, 0x0D, 0x00, 0x00, 0x01, 0x00, 0x01, 0xBD, 0x00, 0x11, 0x5A, 0x00, 0x33,
    0x01, 0x00, 0x31, 0x05, 0x00, 0x11, 0x01, 0x00, 0x10, 0x0D, 0x00, 0x00, 0x01, 0x00, 0x01, 0xBD,
    0x00, 0x11, 0x5A, 0x00, 0x33, 0x01, 0x00, 0x31, 0x05, 0x00, 0x11, 0x01, 0x00, 0x10, 0x0D, 0x00,
    0x00, 0x01, 0x00, 0x01, 0xBD, 0x00, 0x11, 0x5A, 0x00, 0x33, 0x01, 0x00, 0x31, 0x05, 0x00, 0x11,
    0x01, 0x00, 0x10, 0x0D, 0x00, 0x00, 0x01, 0x00, 0x01, 0xBD, 0x00, 0x11, 0x5A, 0x00, 0x33, 0x01,
    0x00, 0x31, 0x05, 0x00, 0x11, 0x01, 0x00, 0x10, 0x0D, 0x00, 0x00, 0x01, 0x00, 0x01, 0xBD, 0x00,
    0x11, 0x5A, 0x00, 0x33, 0x01, 0x00, 0x31, 0x05, 0x00, 0x11, 0x01, 0x00, 0x10, 0x0D, 0x00, 0x00,
    0x01, 0x00, 0x01, 0xBD, 0x00, 0x11, 0x5A, 0x00, 0x33, 0x01, 0x00, 0x31, 0x05, 0x00, 0x11, 0x01,
    0x00, 0x10, 0x0D, 0x00, 0x00, 0x01, 0x00, 0x01, 0xBD, 0x00, 0x11, 0x5A, 0x00, 0x33, 0x01, 0x00,
    0x31, 0x05, 0x00, 0x11, 0x01, 0x00, 0x10, 0x0D, 0x00, 0x00, 0x01, 0x00, 0x01, 0xBD, 0x00, 0x11,
    0x5A, 0x00, 0x33, 0x01, 0x00, 0x31, 0x05, 0x00, 0x11, 0x01, 0x00, 0x10, 0x0D, 0x00, 0x00, 0x01,
    0x00, 0x01, 0xBD, 0x00, 0x11, 0x5A, 0x00, 0x33, 0x01, 0x00, 0x31, 0x05, 0x00, 0x11, 0x01, 0x00,
    0x10, 0x0D, 0x00, 0x00, 0x01, 0x00, 0x01, 0xBD, 0x00, 0x11, 0x5A, 0x00, 0x33, 0x01, 0x00, 0x31,
    0x05, 0x00, 0x11, 0x01, 0x00, 0x10, 0x0D, 0x00, 0x00, 0x01, 0x00, 0x01, 0xBD, 0x00, 0x11, 0x5A,
    0x00, 0x33, 0x01, 0x00, 0x31, 0x05, 0x00, 0x11, 0x01, 0x00, 0x10, 0x0D, 0x00, 0x00, 0x01, 0x00,
    0x01, 0xBD, 0x00, 0x11, 0x5A, 0x00, 0x33, 0x01, 0x00, 0x31, 0x05, 0x00, 0x11, 0x01, 0x00, 0x10,
    0x0D, 0x00, 0x00, 0x01, 0x00, 0x01, 0xBD, 0x00, 0x11, 0x5A, 0x00, 0x33, 0x01, 0x00, 0x31, 0x05,
    0x00, 0x11, 0x01, 0x00, 0x10, 0x0D, 0x00, 0x00, 0x01, 0x00, 0x01, 0xBD, 0x00, 0x11, 0x5A, 0x00,
    0x33, 0x01, 0x00, 0x31, 0x05, 0x00, 0x11, 0x01, 0x00, 0x10, 0x0D, 0x00, 0x00, 0x01, 0x00, 0x01,
    0xBD, 0x00, 0x11, 0x5A, 0x00, 0x33, 0x01, 0x00, 0x31, 0x05, 0x00, 0x11, 0x01, 0x00, 0x10, 0x0D,
    0x00, 0x00, 0x01, 0x00, 0x01, 0x1D, 0x01, 0x11, 0x01, 0x00, 0x10, 0x0D, 0x00, 0x00, 0x01, 0x00,
    0x01, 0x1D, 0x01, 0x11, 0x01, 0x00, 0x10, 0x0D, 0x00, 0x00, 0x01, 0x00, 0x01, 0x1D, 0x01, 0x11,
    0x01, 0x00, 0x10, 0x0D, 0x00, 0x00, 0x01, 0x00, 0x01, 0x1D, 0x01, 0x11, 0x01, 0x00, 0x10, 0x0D,
    0x00, 0x00, 0x01, 0x00, 0x01, 0x1D, 0x01, 0x11, 0x01, 0x00, 0x10, 0x0D, 0x00, 0x00, 0x01, 0x00,
    0x01, 0x1D, 0x01, 0x11, 0x01, 0x00, 0x10, 0x0D, 0x00, 0x00, 0x01, 0x00, 0x01, 0x1D, 0x01, 0x11,
    0x01, 0x00, 0x10, 0x0D, 0x00, 0x00, 0x01, 0x00, 0x01, 0x1D, 0x01, 0x11, 0x01, 0x00, 0x10, 0x0D,
    0x00, 0x00, 0x01, 0x00, 0x01, 0x1D, 0x01, 0x11, 0x01, 0x00, 0x10, 0x0D, 0x00, 0x00, 0x01, 0x00,
    0x01, 0x1D, 0x01, 0x11, 0x01, 0x00, 0x10, 0x0D, 0x00, 0x00, 0x01, 0x00, 0x01, 0x1D, 0x01, 0x11,
    0x01, 0x00, 0x10, 0x0D, 0x00, 0x00, 0x01, 0x00, 0x01, 0x1D, 0x01, 0x11, 0x01, 0x00, 0x10, 0x0D,
    0x00, 0x00, 0x01, 0x00, 0x01, 0xBD, 0x00, 0x11, 0x6E, 0x00, 0x00, 0x01, 0x00, 0x01, 0xBD, 0x00,
    0x11, 0x6E, 0x00, 0x00, 0x01, 0x00, 0x01, 0xBD, 0x00, 0x11, 0x6E, 0x00, 0x00, 0x01, 0x00, 0x01,
    0xBD, 0x00, 0x11, 0x6E, 0x00, 0x00, 0x01, 0x00, 0x01, 0xBD, 0x00, 0x11, 0x6E, 0x00, 0x00, 0x01,
    0x00, 0x01, 0xBD, 0x00, 0x11, 0x6E, 0x00, 0x00, 0x01, 0x00, 0x01, 0xBD, 0x00, 0x11, 0x6E, 0x00,
    0x00, 0x01, 0x00, 0x01, 0xBD, 0x00, 0x11, 0x6E, 0x00, 0x00, 0x01, 0x00, 0x01, 0xBD, 0x00, 0x11,
    0x6E, 0x00, 0x00, 0x01, 0x00, 0x01, 0xBD, 0x00, 0x11, 0x6E, 0x00, 0x00, 0x01, 0x00, 0x01, 0xBD,
    0x00, 0x11, 0x6E, 0x00, 0x00, 0x01, 0x00, 0x01, 0xBD, 0x00, 0x11, 0x6E, 0x00, 0x00, 0x01, 0x00,
    0x01, 0xBD, 0x00, 0x11, 0x6E, 0x00, 0x00, 0x01, 0x00, 0x01, 0xBD, 0x00, 0x11, 0x6E, 0x00, 0x00,
    0x01, 0x00, 0x01, 0xBD, 0x00, 0x11, 0x6E, 0x00, 0x00, 0x01, 0x00, 0x01, 0xBD, 0x00, 0x11, 0x6E,
    0x00, 0x00, 0x01, 0x00, 0x01, 0xBD, 0x00, 0x11, 0x6E, 0x00, 0x00, 0x01, 0x00, 0x01, 0xBD, 0x00,
    0x11, 0x6E, 0x00, 0x00, 0x01, 0x00, 0x01, 0xBD, 0x00, 0x11, 0x6E, 0x00, 0x00, 0x01, 0x00, 0x01,
    0xBD, 0x00, 0x11, 0x6E, 0x00, 0x00, 0x01, 0x00, 0x01, 0xBD, 0x00, 0x11, 0x6E, 0x00, 0x00, 0x01,
    0x00, 0x01, 0xBD, 0x00, 0x11, 0x6E, 0x00, 0x00, 0x01, 0x00, 0x01, 0xBD, 0x00, 0x11, 0x6E, 0x00,
    0x00, 0x01, 0x00, 0x01, 0xBD, 0x00, 0x11, 0x6E, 0x00, 0x00, 0x01, 0x00, 0x01, 0xBD, 0x00, 0x11,
    0x6E, 0x00, 0x00, 0x01, 0x00, 0x01, 0xBD, 0x00, 0x11, 0x6E, 0x00, 0x00, 0x01, 0x00, 0x01, 0xBD,
    0x00, 0x11, 0x6E, 0x00, 0x00, 0x01, 0x00, 0x01, 0xBD, 0x00, 0x11, 0x6E, 0x00, 0x00, 0x01, 0x00,
    0x01, 0x16, 0x69, 0x11, 0x1A, 0x00, 0x00, 0x01, 0x00, 0x11, 0x1A, 0x00, 0x00, 0x03, 0x00, 0x11,
    0x01, 0x00, 0x10, 0x17, 0x00, 0x00, 0x06, 0x00, 0x11, 0x01, 0x00, 0x10, 0x11, 0x00, 0x00, 0x01,
    0x00, 0x01, 0x09, 0x00, 0x11, 0x01, 0x00, 0x10, 0x04, 0x00, 0x00, 0x01, 0x00, 0x01, 0x11, 0x00,
    0x11, 0x01, 0x00, 0x10, 0x04, 0x00, 0x00, 0x01, 0x00, 0x01, 0x90, 0x00, 0x11, 0x04, 0x00, 0x00,
    0x09, 0x00, 0x11, 0x1A, 0x00, 0x00, 0x01, 0x00, 0x11, 0x1A, 0x00, 0x00, 0x03, 0x00, 0x11, 0x01,
    0x00, 0x10, 0x17, 0x00, 0x00, 0x06, 0x00, 0x11, 0x01, 0x00, 0x10, 0x13, 0x00, 0x00, 0x01, 0x00,
    0x01, 0x08, 0x00, 0x11, 0x05, 0x00, 0x00, 0x11, 0x00, 0x11, 0x05, 0x00, 0x00, 0x91, 0x00, 0x11,
    0x04, 0x00, 0x00, 0x09, 0x00, 0x11, 0x1A, 0x00, 0x00, 0x01, 0x00, 0x11, 0x1A, 0x00, 0x00, 0x03,
    0x00, 0x11, 0x01, 0x00, 0x10, 0x17, 0x00, 0x00, 0x06, 0x00, 0x11, 0x01, 0x00, 0x10, 0x14, 0x00,
    0x00, 0x01, 0x00, 0x01, 0x07, 0x00, 0x11, 0x05, 0x00, 0x00, 0x10, 0x00, 0x11, 0x01, 0x00, 0x10,
    0x05, 0x00, 0x00, 0x91, 0x00, 0x11, 0x04, 0x00, 0x00, 0x01, 0x00, 0x01, 0x08, 0x00, 0x11, 0x1A,
    0x00, 0x00, 0x01, 0x00, 0x11, 0x1A, 0x00, 0x00, 0x03, 0x00, 0x11, 0x01, 0x00, 0x10, 0x17, 0x00,
    0x00, 0x06, 0x00, 0x11, 0x01, 0x00, 0x10, 0x15, 0x00, 0x00, 0x01, 0x00, 0x01, 0x06, 0x00, 0x11,
    0x01, 0x00, 0x10, 0x04, 0x00, 0x00, 0x01, 0x00, 0x01, 0x0F, 0x00, 0x11, 0x01, 0x00, 0x10, 0x04,
    0x00, 0x00, 0x01, 0x00, 0x01, 0x91, 0x00, 0x11, 0x04, 0x00, 0x00, 0x01, 0x00, 0x01, 0x08, 0x00,
    0x11, 0x1A, 0x00, 0x00, 0x01, 0x00, 0x11, 0x1A, 0x00, 0x00, 0x03, 0x00, 0x11, 0x01, 0x00, 0x10,
    0x17, 0x00, 0x00, 0x06, 0x00, 0x11, 0x01, 0x00, 0x10, 0x16, 0x00, 0x00, 0x06, 0x00, 0x11, 0x01,
    0x00, 0x10, 0x05, 0x00, 0x00, 0x0F, 0x00, 0x11, 0x05, 0x00, 0x00, 0x92, 0x00, 0x11, 0x05, 0x00,
    0x00, 0x08, 0x00, 0x11, 0x1A, 0x00, 0x00, 0x01, 0x00, 0x11, 0x1A, 0x00, 0x00, 0x03, 0x00, 0x11,
    0x01, 0x00, 0x10, 0x17, 0x00, 0x00, 0x06, 0x00, 0x11, 0x01, 0x00, 0x10, 0x16, 0x00, 0x00, 0x01,
    0x00, 0x01, 0x06, 0x00, 0x11, 0x05, 0x00, 0x00, 0x0F, 0x00, 0x11, 0x05, 0x00, 0x00, 0x92, 0x00,
    0x11, 0x05, 0x00, 0x00, 0x08, 0x00, 0x11, 0x1A, 0x00, 0x00, 0x01, 0x00, 0x11, 0x1A, 0x00, 0x00,
    0x03, 0x00, 0x11, 0x01, 0x00, 0x10, 0x17, 0x00, 0x00, 0x06, 0x00, 0x11, 0x01, 0x00, 0x10, 0x17,
    0x00, 0x00, 0x06, 0x00, 0x11, 0x01, 0x00, 0x10, 0x04, 0x00, 0x00, 0x01, 0x00, 0x01, 0x0D, 0x00,
    0x11, 0x01, 0x00, 0x10, 0x04, 0x00, 0x00, 0x01, 0x00, 0x01, 0x92, 0x00, 0x11, 0x05, 0x00, 0x00,
    0x08, 0x00, 0x11, 0x1A, 0x00, 0x00, 0x01, 0x00, 0x11, 0x1A, 0x00, 0x00, 0x03, 0x00, 0x11, 0x01,
    0x00, 0x10, 0x17, 0x00, 0x00, 0x06, 0x00, 0x11, 0x01, 0x00, 0x10, 0x17, 0x00, 0x00, 0x06, 0x00,
    0x11, 0x01, 0x00, 0x10, 0x04, 0x00, 0x00, 0x01, 0x00, 0x01, 0x0D, 0x00, 0x11, 0x05, 0x00, 0x00,
    0x01, 0x00, 0x01, 0x92, 0x00, 0x11, 0x05, 0x00, 0x00, 0x01, 0x00, 0x01, 0x11, 0x00, 0x11, 0x01,
    0x00, 0x10, 0x04, 0x00, 0x00, 0x01, 0x00, 0x01, 0x15, 0x00, 0x11, 0x01, 0x00, 0x10, 0x04, 0x00,
    0x00, 0x01, 0x00, 0x01, 0x0D, 0x00, 0x11, 0x01, 0x00, 0x10, 0x04, 0x00, 0x00, 0x19, 0x00, 0x11,
    0x01, 0x00, 0x10, 0x03, 0x00, 0x00, 0x01, 0x00, 0x01, 0x0C, 0x00, 0x11, 0x07, 0x00, 0x00, 0x01,
    0x00, 0x01, 0x06, 0x00, 0x11, 0x05, 0x00, 0x00, 0x0D, 0x00, 0x11, 0x05, 0x00, 0x00, 0x93, 0x00,
    0x11, 0x05, 0x00, 0x00, 0x01, 0x00, 0x01, 0x11, 0x00, 0x11, 0x01, 0x00, 0x10, 0x04, 0x00, 0x00,
    0x01, 0x00, 0x01, 0x15, 0x00, 0x11, 0x01, 0x00, 0x10, 0x04, 0x00, 0x00, 0x01, 0x00, 0x01, 0x0D,
    0x00, 0x11, 0x01, 0x00, 0x10, 0x04, 0x00, 0x00, 0x19, 0x00, 0x11, 0x01, 0x00, 0x10, 0x03, 0x00,
    0x00, 0x01, 0x00, 0x01, 0x0D, 0x00, 0x11, 0x01, 0x00, 0x10, 0x05, 0x00, 0x00, 0x01, 0x00, 0x01,
    0x06, 0x00, 0x11, 0x01, 0x00, 0x10, 0x04, 0x00, 0x00, 0x01, 0x00, 0x01, 0x0B, 0x00, 0x11, 0x01,
    0x00, 0x10, 0x04, 0x00, 0x00, 0x01, 0x00, 0x01, 0x93, 0x00, 0x11, 0x05, 0x00, 0x00, 0x01, 0x00,
    0x01, 0x11, 0x00, 0x11, 0x01, 0x00, 0x10, 0x04, 0x00, 0x00, 0x01, 0x00, 0x01, 0x15, 0x00, 0x11,
    0x01, 0x00, 0x10, 0x04, 0x00, 0x00, 0x01, 0x00, 0x01, 0x0D, 0x00, 0x11, 0x01, 0x00, 0x10, 0x04,
    0x00, 0x00, 0x19, 0x00, 0x11, 0x01, 0x00, 0x10, 0x03, 0x00, 0x00, 0x01, 0x00, 0x01, 0x0E, 0x00,
    0x11, 0x01, 0x00, 0x10, 0x05, 0x00, 0x00, 0x06, 0x00, 0x11, 0x01, 0x00, 0x10, 0x04, 0x00, 0x00,
    0x01, 0x00, 0x01, 0x0B, 0x00, 0x11, 0x01, 0x00, 0x10, 0x04, 0x00, 0x00, 0x01, 0x00, 0x01, 0x93,
    0x00, 0x11, 0x01, 0x00, 0x00, 0x01, 0x00, 0x10, 0x04, 0x00, 0x00, 0x11, 0x00, 0x11, 0x01, 0x00,
    0x10, 0x04, 0x00, 0x00, 0x01, 0x00, 0x01, 0x15, 0x00, 0x11, 0x01, 0x00, 0x10, 0x04, 0x00, 0x00,
    0x01, 0x00, 0x01, 0x0D, 0x00, 0x11, 0x01, 0x00, 0x10, 0x04, 0x00, 0x00, 0x19, 0x00, 0x11, 0x01,
    0x00, 0x10, 0x03, 0x00, 0x00, 0x01, 0x00, 0x01, 0x0F, 0x00, 0x11, 0x05, 0x00, 0x00, 0x07, 0x00,
    0x11, 0x05, 0x00, 0x00, 0x0B, 0x00, 0x11, 0x05, 0x00, 0x00, 0x94, 0x00, 0x11, 0x01, 0x00, 0x00,
    0x01, 0x00, 0x10, 0x04, 0x00, 0x00, 0x11, 0x00, 0x11, 0x01, 0x00, 0x10, 0x04, 0x00, 0x00, 0x01,
    0x00, 0x01, 0x15, 0x00, 0x11, 0x01, 0x00, 0x10, 0x04, 0x00, 0x00, 0x01, 0x00, 0x01, 0x0D, 0x00,
    0x11, 0x01, 0x00, 0x10, 0x04, 0x00, 0x00, 0x19, 0x00, 0x11, 0x01, 0x00, 0x10, 0x03, 0x00, 0x00,
    0x01, 0x00, 0x01, 0x0F, 0x00, 0x11, 0x01, 0x00, 0x10, 0x04, 0x00, 0x00, 0x07, 0x00, 0x11, 0x05,
    0x00, 0x00, 0x0A, 0x00, 0x11, 0x01, 0x00, 0x10, 0x04, 0x00, 0x00, 0x01, 0x00, 0x01, 0x94, 0x00,
    0x11, 0x01, 0x00, 0x01, 0x01, 0x00, 0x10, 0x04, 0x00, 0x00, 0x11, 0x00, 0x11, 0x01, 0x00, 0x10,
    0x04, 0x00, 0x00, 0x01, 0x00, 0x01, 0x15, 0x00, 0x11, 0x01, 0x00, 0x10, 0x04, 0x00, 0x00, 0x01,
    0x00, 0x01, 0x0D, 0x00, 0x11, 0x01, 0x00, 0x10, 0x04, 0x00, 0x00, 0x19, 0x00, 0x11, 0x01, 0x00,
    0x10, 0x03, 0x00, 0x00, 0x01, 0x00, 0x01, 0x0F, 0x00, 0x11, 0x01, 0x00, 0x10, 0x04, 0x00, 0x00,
    0x01, 0x00, 0x01, 0x06, 0x00, 0x11, 0x01, 0x00, 0x10, 0x04, 0x00, 0x00, 0x01, 0x00, 0x01, 0x09,
    0x00, 0x11, 0x01, 0x00, 0x10, 0x04, 0x00, 0x00, 0x01, 0x00, 0x01, 0x94, 0x00, 0x11, 0x01, 0x00,
    0x01, 0x01, 0x00, 0x11, 0x04, 0x00, 0x00, 0x01, 0x00, 0x01, 0x10, 0x00, 0x11, 0x01, 0x00, 0x10,
    0x04, 0x00, 0x00, 0x01, 0x00, 0x01, 0x15, 0x00, 0x11, 0x01, 0x00, 0x10, 0x04, 0x00, 0x00, 0x01,
    0x00, 0x01, 0x0D, 0x00, 0x11, 0x01, 0x00, 0x10, 0x04, 0x00, 0x00, 0x19, 0x00, 0x11, 0x01, 0x00,
    0x10, 0x03, 0x00, 0x00, 0x01, 0x00, 0x01, 0x0F, 0x00, 0x11, 0x01, 0x00, 0x10, 0x04, 0x00, 0x00,
    0x01, 0x00, 0x01, 0x07, 0x00, 0x11, 0x05, 0x00, 0x00, 0x09, 0x00, 0x11, 0x05, 0x00, 0x00, 0x95,
    0x00, 0x11, 0x01, 0x00, 0x01, 0x01, 0x00, 0x11, 0x04, 0x00, 0x00, 0x01, 0x00, 0x01, 0x10, 0x00,
    0x11, 0x01, 0x00, 0x10, 0x04, 0x00, 0x00, 0x01, 0x00, 0x01, 0x15, 0x00, 0x11, 0x01, 0x00, 0x10,
    0x04, 0x00, 0x00, 0x01, 0x00, 0x01, 0x0D, 0x00, 0x11, 0x01, 0x00, 0x10, 0x04, 0x00, 0x00, 0x19,
    0x00, 0x11, 0x01, 0x00, 0x10, 0x03, 0x00, 0x00, 0x01, 0x00, 0x01, 0x10, 0x00, 0x11, 0x04, 0x00,
    0x00, 0x01, 0x00, 0x01, 0x07, 0x00, 0x11, 0x05, 0x00, 0x00, 0x09, 0x00, 0x11, 0x05, 0x00, 0x00,
    0x97, 0x00, 0x11, 0x01, 0x00, 0x10, 0x04, 0x00, 0x00, 0x10, 0x00, 0x11, 0x01, 0x00, 0x10, 0x04,
    0x00, 0x00, 0x01, 0x00, 0x01, 0x15, 0x00, 0x11, 0x01, 0x00, 0x10, 0x04, 0x00, 0x00, 0x01, 0x00,
    0x01, 0x0D, 0x00, 0x11, 0x01, 0x00, 0x10, 0x04, 0x00, 0x00, 0x19, 0x00, 0x11, 0x01, 0x00, 0x10,
    0x03, 0x00, 0x00, 0x01, 0x00, 0x01, 0x10, 0x00, 0x11, 0x04, 0x00, 0x00, 0x01, 0x00, 0x01, 0x07,
    0x00, 0x11, 0x01, 0x00, 0x10, 0x04, 0x00, 0x00, 0x01, 0x00, 0x01, 0x07, 0x00, 0x11, 0x01, 0x00,
    0x10, 0x04, 0x00, 0x00, 0x01, 0x00, 0x01, 0x97, 0x00, 0x11, 0x01, 0x00, 0x10, 0x04, 0x00, 0x00,
    0x10, 0x00, 0x11, 0x01, 0x00, 0x10, 0x04, 0x00, 0x00, 0x01, 0x00, 0x01, 0x15, 0x00, 0x11, 0x01,
    0x00, 0x10, 0x04, 0x00, 0x00, 0x01, 0x00, 0x01, 0x0D, 0x00, 0x11, 0x01, 0x00, 0x10, 0x04, 0x00,
    0x00, 0x19, 0x00, 0x11, 0x01, 0x00, 0x10, 0x03, 0x00, 0x00, 0x01, 0x00, 0x01, 0x10, 0x00, 0x11,
    0x04, 0x00, 0x00, 0x01, 0x00, 0x01, 0x08, 0x00, 0x11, 0x04, 0x00, 0x00, 0x01, 0x00, 0x01, 0x07,
    0x00, 0x11, 0x01, 0x00, 0x10, 0x04, 0x00, 0x00, 0x98, 0x00, 0x11, 0x01, 0x00, 0x10, 0x04, 0x00,
    0x00, 0x10, 0x00, 0x11, 0x01, 0x00, 0x10, 0x04, 0x00, 0x00, 0x01, 0x00, 0x01, 0x15, 0x00, 0x11,
    0x01, 0x00, 0x10, 0x04, 0x00, 0x00, 0x01, 0x00, 0x01, 0x0D, 0x00, 0x11, 0x01, 0x00, 0x10, 0x04,
    0x00, 0x00, 0x19, 0x00, 0x11, 0x01, 0x00, 0x10, 0x03, 0x00, 0x00, 0x01, 0x00, 0x01, 0x10, 0x00,
    0x11, 0x04, 0x00, 0x00, 0x01, 0x00, 0x01, 0x08, 0x00, 0x11, 0x05, 0x00, 0x00, 0x07, 0x00, 0x11,
    0x05, 0x00, 0x00, 0x99, 0x00, 0x11, 0x04, 0x00, 0x00, 0x01, 0x00, 0x01, 0x0F, 0x00, 0x11, 0x01,
    0x00, 0x10, 0x04, 0x00, 0x00, 0x01, 0x00, 0x01, 0x15, 0x00, 0x11, 0x01, 0x00, 0x10, 0x04, 0x00,
    0x00, 0x01, 0x00, 0x01, 0x0D, 0x00, 0x11, 0x01, 0x00, 0x10, 0x04, 0x00, 0x00, 0x19, 0x00, 0x11,
    0x01, 0x00, 0x10, 0x03, 0x00, 0x00, 0x01, 0x00, 0x01, 0x10, 0x00, 0x11, 0x04, 0x00, 0x00, 0x01,
    0x00, 0x01, 0x08, 0x00, 0x11, 0x01, 0x00, 0x10, 0x04, 0x00, 0x00, 0x06, 0x00, 0x11, 0x01, 0x00,
    0x10, 0x04, 0x00, 0x00, 0x01, 0x00, 0x01, 0x99, 0x00, 0x11, 0x04, 0x00, 0x00, 0x01, 0x00, 0x01,
    0x0F, 0x00, 0x11, 0x01, 0x00, 0x10, 0x04, 0x00, 0x00, 0x01, 0x00, 0x01, 0x15, 0x00, 0x11, 0x01,
    0x00, 0x10, 0x04, 0x00, 0x00, 0x01, 0x00, 0x01, 0x0D, 0x00, 0x11, 0x01, 0x00, 0x10, 0x04, 0x00,
    0x00, 0x19, 0x00, 0x11, 0x01, 0x00, 0x10, 0x03, 0x00, 0x00, 0x01, 0x00, 0x01, 0x10, 0x00, 0x11,
    0x04, 0x00, 0x00, 0x01, 0x00, 0x01, 0x08, 0x00, 0x11, 0x01, 0x00, 0x10, 0x04, 0x00, 0x00, 0x01,
    0x00, 0x01, 0x05, 0x00, 0x11, 0x01, 0x00, 0x10, 0x04, 0x00, 0x00, 0x9A, 0x00, 0x11, 0x04, 0x00,
    0x00, 0x01, 0x00, 0x01, 0x0F, 0x00, 0x11, 0x01, 0x00, 0x10, 0x04, 0x00, 0x00, 0x01, 0x00, 0x01,
    0x15, 0x00, 0x11, 0x01, 0x00, 0x10, 0x04, 0x00, 0x00, 0x01, 0x00, 0x01, 0x0D, 0x00, 0x11, 0x01,
    0x00, 0x10, 0x04, 0x00, 0x00, 0x19, 0x00, 0x11, 0x01, 0x00, 0x10, 0x03, 0x00, 0x00, 0x01, 0x00,
    0x01, 0x10, 0x00, 0x11, 0x04, 0x00, 0x00, 0x01, 0x00, 0x01, 0x09, 0x00, 0x11, 0x05, 0x00, 0x00,
    0x05, 0x00, 0x11, 0x05, 0x00, 0x00, 0x9A, 0x00, 0x11, 0x01, 0x00, 0x10, 0x04, 0x00, 0x00, 0x0F,
    0x00, 0x11, 0x01, 0x00, 0x10, 0x04, 0x00, 0x00, 0x01, 0x00, 0x01, 0x15, 0x00, 0x11, 0x01, 0x00,
    0x10, 0x04, 0x00, 0x00, 0x01, 0x00, 0x01, 0x0D, 0x00, 0x11, 0x01, 0x00, 0x10, 0x04, 0x00, 0x00,
    0x19, 0x00, 0x11, 0x01, 0x00, 0x10, 0x03, 0x00, 0x00, 0x01, 0x00, 0x01, 0x0F, 0x00, 0x11, 0x01,
    0x00, 0x10, 0x04, 0x00, 0x00, 0x0A, 0x00, 0x11, 0x01, 0x00, 0x10, 0x04, 0x00, 0x00, 0x05, 0x00,
    0x11, 0x04, 0x00, 0x00, 0x01, 0x00, 0x01, 0x9A, 0x00, 0x11, 0x01, 0x00, 0x10, 0x04, 0x00, 0x00,
    0x0F, 0x00, 0x11, 0x01, 0x00, 0x10, 0x04, 0x00, 0x00, 0x01, 0x00, 0x01, 0x15, 0x00, 0x11, 0x01,
    0x00, 0x10, 0x04, 0x00, 0x00, 0x01, 0x00, 0x01, 0x0D, 0x00, 0x11, 0x01, 0x00, 0x10, 0x04, 0x00,
    0x00, 0x19, 0x00, 0x11, 0x01, 0x00, 0x10, 0x03, 0x00, 0x00, 0x01, 0x00, 0x01, 0x0F, 0x00, 0x11,
    0x01, 0x00, 0x10, 0x04, 0x00, 0x00, 0x0A, 0x00, 0x11, 0x01, 0x00, 0x10, 0x04, 0x00, 0x00, 0x01,
    0x00, 0x01, 0x03, 0x00, 0x11, 0x01, 0x00, 0x10, 0x04, 0x00, 0x00, 0x01, 0x00, 0x01, 0x9A, 0x00,
    0x11, 0x01, 0x00, 0x10, 0x04, 0x00, 0x00, 0x0F, 0x00, 0x11, 0x01, 0x00, 0x10, 0x04, 0x00, 0x00,
    0x01, 0x00, 0x01, 0x15, 0x00, 0x11, 0x01, 0x00, 0x10, 0x04, 0x00, 0x00, 0x01, 0x00, 0x01, 0x0D,
    0x00, 0x11, 0x01, 0x00, 0x10, 0x04, 0x00, 0x00, 0x19, 0x00, 0x11, 0x01, 0x00, 0x10, 0x03, 0x00,
    0x00, 0x01, 0x00, 0x01, 0x0F, 0x00, 0x11, 0x05, 0x00, 0x00, 0x0B, 0x00, 0x11, 0x04, 0x00, 0x00,
    0x01, 0x00, 0x01, 0x03, 0x00, 0x11, 0x05, 0x00, 0x00, 0x9C, 0x00, 0x11, 0x04, 0x00, 0x00, 0x01,
    0x00, 0x01, 0x0E, 0x00, 0x11, 0x01, 0x00, 0x10, 0x04, 0x00, 0x00, 0x01, 0x00, 0x01, 0x15, 0x00,
    0x11, 0x01, 0x00, 0x10, 0x04, 0x00, 0x00, 0x01, 0x00, 0x01, 0x0D, 0x00, 0x11, 0x01, 0x00, 0x10,
    0x04, 0x00, 0x00, 0x19, 0x00, 0x11, 0x01, 0x00, 0x10, 0x03, 0x00, 0x00, 0x01, 0x00, 0x01, 0x0F,
    0x00, 0x11, 0x04, 0x00, 0x00, 0x01, 0x00, 0x01, 0x0B, 0x00, 0x11, 0x01, 0x00, 0x10, 0x04, 0x00,
    0x00, 0x03, 0x00, 0x11, 0x04, 0x00, 0x00, 0x01, 0x00, 0x01, 0x9C, 0x00, 0x11, 0x04, 0x00, 0x00,
    0x01, 0x00, 0x01, 0x0E, 0x00, 0x11, 0x01, 0x00, 0x10, 0x04, 0x00, 0x00, 0x01, 0x00, 0x01, 0x15,
    0x00, 0x11, 0x01, 0x00, 0x10, 0x04, 0x00, 0x00, 0x01, 0x00, 0x01, 0x0D, 0x00, 0x11, 0x01, 0x00,
    0x10, 0x04, 0x00, 0x00, 0x19, 0x00, 0x11, 0x01, 0x00, 0x10, 0x03, 0x00, 0x00, 0x01, 0x00, 0x01,
    0x0E, 0x00, 0x11, 0x05, 0x00, 0x00, 0x01, 0x00, 0x01, 0x0B, 0x00, 0x11, 0x01, 0x00, 0x10, 0x04,
    0x00, 0x00, 0x01, 0x00, 0x01, 0x01, 0x00, 0x11, 0x01, 0x00, 0x10, 0x04, 0x00, 0x00, 0x01, 0x00,
    0x01, 0x9C, 0x00, 0x11, 0x05, 0x00, 0x00, 0x0E, 0x00, 0x11, 0x01, 0x00, 0x10, 0x04, 0x00, 0x00,
    0x01, 0x00, 0x01, 0x15, 0x00, 0x11, 0x01, 0x00, 0x10, 0x04, 0x00, 0x00, 0x01, 0x00, 0x01, 0x0D,
    0x00, 0x11, 0x01, 0x00, 0x10, 0x15, 0x00, 0x00, 0x01, 0x00, 0x01, 0x07, 0x00, 0x11, 0x01, 0x00,
    0x10, 0x03, 0x00, 0x00, 0x01, 0x00, 0x01, 0x0D, 0x00, 0x11, 0x01, 0x00, 0x10, 0x05, 0x00, 0x00,
    0x0D, 0x00, 0x11, 0x04, 0x00, 0x00, 0x01, 0x00, 0x01, 0x01, 0x00, 0x11, 0x01, 0x00, 0x10, 0x04,
    0x00, 0x00, 0x9D, 0x00, 0x11, 0x01, 0x00, 0x10, 0x04, 0x00, 0x00, 0x0E, 0x00, 0x11, 0x01, 0x00,
    0x10, 0x04, 0x00, 0x00, 0x01, 0x00, 0x01, 0x15, 0x00, 0x11, 0x01, 0x00, 0x10, 0x04, 0x00, 0x00,
    0x01, 0x00, 0x01, 0x0D, 0x00, 0x11, 0x01, 0x00, 0x10, 0x15, 0x00, 0x00, 0x01, 0x00, 0x01, 0x07,
    0x00, 0x11, 0x01, 0x00, 0x10, 0x03, 0x00, 0x00, 0x01, 0x00, 0x01, 0x0B, 0x00, 0x11, 0x01, 0x00,
    0x10, 0x06, 0x00, 0x00, 0x01, 0x00, 0x01, 0x0D, 0x00, 0x11, 0x05, 0x00, 0x00, 0x01, 0x00, 0x11,
    0x04, 0x00, 0x00, 0x01, 0x00, 0x01, 0x9D, 0x00, 0x11, 0x01, 0x00, 0x10, 0x04, 0x00, 0x00, 0x0E,
    0x00, 0x11, 0x01, 0x00, 0x10, 0x04, 0x00, 0x00, 0x01, 0x00, 0x01, 0x15, 0x00, 0x11, 0x01, 0x00,
    0x10, 0x04, 0x00, 0x00, 0x01, 0x00, 0x01, 0x0D, 0x00, 0x11, 0x01, 0x00, 0x10, 0x15, 0x00, 0x00,
    0x01, 0x00, 0x01, 0x07, 0x00, 0x11, 0x01, 0x00, 0x10, 0x16, 0x00, 0x00, 0x0E, 0x00, 0x11, 0x01,
    0x00, 0x10, 0x04, 0x00, 0x00, 0x01, 0x00, 0x10, 0x04, 0x00, 0x00, 0x01, 0x00, 0x01, 0x9D, 0x00,
    0x11, 0x01, 0x00, 0x10, 0x04, 0x00, 0x00, 0x01, 0x00, 0x01, 0x0D, 0x00, 0x11, 0x01, 0x00, 0x10,
    0x04, 0x00, 0x00, 0x01, 0x00, 0x01, 0x15, 0x00, 0x11, 0x01, 0x00, 0x10, 0x04, 0x00, 0x00, 0x01,
    0x00, 0x01, 0x0D, 0x00, 0x11, 0x01, 0x00, 0x10, 0x15, 0x00, 0x00, 0x01, 0x00, 0x01, 0x07, 0x00,
    0x11, 0x01, 0x00, 0x10, 0x15, 0x00, 0x00, 0x01, 0x00, 0x01, 0x0F, 0x00, 0x11, 0x09, 0x00, 0x00,
    0x9F, 0x00, 0x11, 0x04, 0x00, 0x00, 0x01, 0x00, 0x01, 0x0D, 0x00, 0x11, 0x01, 0x00, 0x10, 0x04,
    0x00, 0x00, 0x01, 0x00, 0x01, 0x15, 0x00, 0x11, 0x01, 0x00, 0x10, 0x04, 0x00, 0x00, 0x01, 0x00,
    0x01, 0x0D, 0x00, 0x11, 0x01, 0x00, 0x10, 0x15, 0x00, 0x00, 0x01, 0x00, 0x01, 0x07, 0x00, 0x11,
    0x01, 0x00, 0x10, 0x15, 0x00, 0x00, 0x10, 0x00, 0x11, 0x09, 0x00, 0x00, 0x9F, 0x00, 0x11, 0x04,
    0x00, 0x00, 0x01, 0x00, 0x01, 0x0D, 0x00, 0x11, 0x01, 0x00, 0x10, 0x04, 0x00, 0x00, 0x01, 0x00,
    0x01, 0x15, 0x00, 0x11, 0x01, 0x00, 0x10, 0x04, 0x00, 0x00, 0x01, 0x00, 0x01, 0x0D, 0x00, 0x11,
    0x01, 0x00, 0x10, 0x15, 0x00, 0x00, 0x01, 0x00, 0x01, 0x07, 0x00, 0x11, 0x01, 0x00, 0x10, 0x14,
    0x00, 0x00, 0x01, 0x00, 0x01, 0x10, 0x00, 0x11, 0x01, 0x00, 0x10, 0x07, 0x00, 0x00, 0x01, 0x00,
    0x01, 0x9F, 0x00, 0x11, 0x05, 0x00, 0x00, 0x0D, 0x00, 0x11, 0x01, 0x00, 0x10, 0x04, 0x00, 0x00,
    0x01, 0x00, 0x01, 0x15, 0x00, 0x11, 0x01, 0x00, 0x10, 0x04, 0x00, 0x00, 0x01, 0x00, 0x01, 0x0D,
    0x00, 0x11, 0x01, 0x00, 0x10, 0x15, 0x00, 0x00, 0x01, 0x00, 0x01, 0x07, 0x00, 0x11, 0x01, 0x00,
    0x10, 0x15, 0x00, 0x00, 0x11, 0x00, 0x11, 0x07, 0x00, 0x00, 0xA0, 0x00, 0x11, 0x01, 0x00, 0x10,
    0x04, 0x00, 0x00, 0x0D, 0x00, 0x11, 0x01, 0x00, 0x10, 0x04, 0x00, 0x00, 0x01, 0x00, 0x01, 0x15,
    0x00, 0x11, 0x01, 0x00, 0x10, 0x04, 0x00, 0x00, 0x01, 0x00, 0x01, 0x0D, 0x00, 0x11, 0x01, 0x00,
    0x10, 0x15, 0x00, 0x00, 0x01, 0x00, 0x01, 0x07, 0x00, 0x11, 0x01, 0x00, 0x10, 0x15, 0x00, 0x00,
    0x01, 0x00, 0x01, 0x10, 0x00, 0x11, 0x07, 0x00, 0x00, 0xA0, 0x00, 0x11, 0x01, 0x00, 0x10, 0x04,
    0x00, 0x00, 0x0D, 0x00, 0x11, 0x01, 0x00, 0x10, 0x04, 0x00, 0x00, 0x01, 0x00, 0x01, 0x15, 0x00,
    0x11, 0x01, 0x00, 0x10, 0x04, 0x00, 0x00, 0x01, 0x00, 0x01, 0x0D, 0x00, 0x11, 0x01, 0x00, 0x10,
    0x04, 0x00, 0x00, 0x19, 0x00, 0x11, 0x01, 0x00, 0x10, 0x16, 0x00, 0x00, 0x01, 0x00, 0x01, 0x0F,
    0x00, 0x11, 0x01, 0x00, 0x10, 0x05, 0x00, 0x00, 0x01, 0x00, 0x01, 0xA0, 0x00, 0x11, 0x01, 0x00,
    0x10, 0x04, 0x00, 0x00, 0x01, 0x00, 0x01, 0x0C, 0x00, 0x11, 0x01, 0x00, 0x10, 0x04, 0x00, 0x00,
    0x01, 0x00, 0x01, 0x15, 0x00, 0x11, 0x01, 0x00, 0x10, 0x04, 0x00, 0x00, 0x01, 0x00, 0x01, 0x0D,
    0x00, 0x11, 0x01, 0x00, 0x10, 0x04, 0x00, 0x00, 0x19, 0x00, 0x11, 0x01, 0x00, 0x10, 0x16, 0x00,
    0x00, 0x01, 0x00, 0x01, 0x0F, 0x00, 0x11, 0x01, 0x00, 0x10, 0x05, 0x00, 0x00, 0xA2, 0x00, 0x11,
    0x04, 0x00, 0x00, 0x01, 0x00, 0x01, 0x0C, 0x00, 0x11, 0x01, 0x00, 0x10, 0x04, 0x00, 0x00, 0x01,
    0x00, 0x01, 0x15, 0x00, 0x11, 0x01, 0x00, 0x10, 0x04, 0x00, 0x00, 0x01, 0x00, 0x01, 0x0D, 0x00,
    0x11, 0x01, 0x00, 0x10, 0x04, 0x00, 0x00, 0x19, 0x00, 0x11, 0x01, 0x00, 0x10, 0x03, 0x00, 0x00,
    0x01, 0x00, 0x01, 0x0B, 0x00, 0x11, 0x01, 0x00, 0x10, 0x07, 0x00, 0x00, 0x10, 0x00, 0x11, 0x05,
    0x00, 0x00, 0x9C, 0x00, 0x11, 0x0B, 0x00, 0x00, 0x0C, 0x00, 0x11, 0x01, 0x00, 0x10, 0x04, 0x00,
    0x00, 0x01, 0x00, 0x01, 0x15, 0x00, 0x11, 0x01, 0x00, 0x10, 0x04, 0x00, 0x00, 0x01, 0x00, 0x01,
    0x0D, 0x00, 0x11, 0x01, 0x00, 0x10, 0x04, 0x00, 0x00, 0x19, 0x00, 0x11, 0x01, 0x00, 0x10, 0x03,
    0x00, 0x00, 0x01, 0x00, 0x01, 0x0D, 0x00, 0x11, 0x01, 0x00, 0x10, 0x05, 0x00, 0x00, 0x01, 0x00,
    0x01, 0x0F, 0x00, 0x11, 0x04, 0x00, 0x00, 0x01, 0x00, 0x01, 0x9C, 0x00, 0x11, 0x0B, 0x00, 0x00,
    0x0C, 0x00, 0x11, 0x01, 0x00, 0x10, 0x04, 0x00, 0x00, 0x01, 0x00, 0x01, 0x15, 0x00, 0x11, 0x01,
    0x00, 0x10, 0x04, 0x00, 0x00, 0x01, 0x00, 0x01, 0x0D, 0x00, 0x11, 0x01, 0x00, 0x10, 0x04, 0x00,
    0x00, 0x19, 0x00, 0x11, 0x01, 0x00, 0x10, 0x03, 0x00, 0x00, 0x01, 0x00, 0x01, 0x0E, 0x00, 0x11,
    0x05, 0x00, 0x00, 0x01, 0x00, 0x01, 0x0F, 0x00, 0x11, 0x04, 0x00, 0x00, 0x01, 0x00, 0x01, 0x9C,
    0x00, 0x11, 0x0B, 0x00, 0x00, 0x0C, 0x00, 0x11, 0x01, 0x00, 0x10, 0x04, 0x00, 0x00, 0x01, 0x00,
    0x01, 0x15, 0x00, 0x11, 0x01, 0x00, 0x10, 0x04, 0x00, 0x00, 0x01, 0x00, 0x01, 0x0D, 0x00, 0x11,
    0x01, 0x00, 0x10, 0x04, 0x00, 0x00, 0x19, 0x00, 0x11, 0x01, 0x00, 0x10, 0x03, 0x00, 0x00, 0x01,
    0x00, 0x01, 0x0E, 0x00, 0x11, 0x01, 0x00, 0x10, 0x04, 0x00, 0x00, 0x01, 0x00, 0x01, 0x0F, 0x00,
    0x11, 0x04, 0x00, 0x00, 0x01, 0x00, 0x01, 0x9C, 0x00, 0x11, 0x0B, 0x00, 0x00, 0x01, 0x00, 0x01,
    0x0B, 0x00, 0x11, 0x01, 0x00, 0x10, 0x04, 0x00, 0x00, 0x01, 0x00, 0x01, 0x15, 0x00, 0x11, 0x01,
    0x00, 0x10, 0x04, 0x00, 0x00, 0x01, 0x00, 0x01, 0x0D, 0x00, 0x11, 0x01, 0x00, 0x10, 0x04, 0x00,
    0x00, 0x19, 0x00, 0x11, 0x01, 0x00, 0x10, 0x03, 0x00, 0x00, 0x01, 0x00, 0x01, 0x0F, 0x00, 0x11,
    0x04, 0x00, 0x00, 0x01, 0x00, 0x01, 0x0F, 0x00, 0x11, 0x04, 0x00, 0x00, 0x01, 0x00, 0x01, 0x9C,
    0x00, 0x11, 0x0B, 0x00, 0x00, 0x01, 0x00, 0x01, 0x0B, 0x00, 0x11, 0x01, 0x00, 0x10, 0x04, 0x00,
    0x00, 0x01, 0x00, 0x01, 0x15, 0x00, 0x11, 0x01, 0x00, 0x10, 0x04, 0x00, 0x00, 0x01, 0x00, 0x01,
    0x0D, 0x00, 0x11, 0x01, 0x00, 0x10, 0x04, 0x00, 0x00, 0x19, 0x00, 0x11, 0x01, 0x00, 0x10, 0x03,
    0x00, 0x00, 0x01, 0x00, 0x01, 0x0F, 0x00, 0x11, 0x05, 0x00, 0x00, 0x0F, 0x00, 0x11, 0x04, 0x00,
    0x00, 0x01, 0x00, 0x01, 0x9C, 0x00, 0x11, 0x0B, 0x00, 0x00, 0x01, 0x00, 0x01, 0x0B, 0x00, 0x11,
    0x01, 0x00, 0x10, 0x04, 0x00, 0x00, 0x01, 0x00, 0x01, 0x15, 0x00, 0x11, 0x01, 0x00, 0x10, 0x04,
    0x00, 0x00, 0x01, 0x00, 0x01, 0x0D, 0x00, 0x11, 0x01, 0x00, 0x10, 0x04, 0x00, 0x00, 0x19, 0x00,
    0x11, 0x01, 0x00, 0x10, 0x03, 0x00, 0x00, 0x01, 0x00, 0x01, 0x0F, 0x00, 0x11, 0x05, 0x00, 0x00,
    0x0F, 0x00, 0x11, 0x04, 0x00, 0x00, 0x01, 0x00, 0x01, 0x9C, 0x00, 0x11, 0x0C, 0x00, 0x00, 0x0B,
    0x00, 0x11, 0x01, 0x00, 0x10, 0x04, 0x00, 0x00, 0x01, 0x00, 0x01, 0x15, 0x00, 0x11, 0x01, 0x00,
    0x10, 0x04, 0x00, 0x00, 0x01, 0x00, 0x01, 0x0D, 0x00, 0x11, 0x01, 0x00, 0x10, 0x04, 0x00, 0x00,
    0x19, 0x00, 0x11, 0x01, 0x00, 0x10, 0x03, 0x00, 0x00, 0x01, 0x00, 0x01, 0x0F, 0x00, 0x11, 0x01,
    0x00, 0x10, 0x04, 0x00, 0x00, 0x0F, 0x00, 0x11, 0x04, 0x00, 0x00, 0x01, 0x00, 0x01, 0xA3, 0x00,
    0x11, 0x01, 0x00, 0x10, 0x04, 0x00, 0x00, 0x0B, 0x00, 0x11, 0x01, 0x00, 0x10, 0x04, 0x00, 0x00,
    0x01, 0x00, 0x01, 0x15, 0x00, 0x11, 0x01, 0x00, 0x10, 0x04, 0x00, 0x00, 0x01, 0x00, 0x01, 0x0D,
    0x00, 0x11, 0x01, 0x00, 0x10, 0x04, 0x00, 0x00, 0x19, 0x00, 0x11, 0x01, 0x00, 0x10, 0x03, 0x00,
    0x00, 0x01, 0x00, 0x01, 0x0F, 0x00, 0x11, 0x01, 0x00, 0x10, 0x04, 0x00, 0x00, 0x0F, 0x00, 0x11,
    0x04, 0x00, 0x00, 0x01, 0x00, 0x01, 0xA3, 0x00, 0x11, 0x01, 0x00, 0x10, 0x04, 0x00, 0x00, 0x0B,
    0x00, 0x11, 0x01, 0x00, 0x10, 0x04, 0x00, 0x00, 0x01, 0x00, 0x01, 0x15, 0x00, 0x11, 0x01, 0x00,
    0x10, 0x04, 0x00, 0x00, 0x01, 0x00, 0x01, 0x0D, 0x00, 0x11, 0x01, 0x00, 0x10, 0x04, 0x00, 0x00,
    0x19, 0x00, 0x11, 0x01, 0x00, 0x10, 0x03, 0x00, 0x00, 0x01, 0x00, 0x01, 0x0F, 0x00, 0x11, 0x01,
    0x00, 0x10, 0x04, 0x00, 0x00, 0x0F, 0x00, 0x11, 0x04, 0x00, 0x00, 0x01, 0x00, 0x01, 0xA3, 0x00,
    0x11, 0x01, 0x00, 0x10, 0x04, 0x00, 0x00, 0x01, 0x00, 0x01, 0x0A, 0x00, 0x11, 0x01, 0x00, 0x10,
    0x04, 0x00, 0x00, 0x01, 0x00, 0x01, 0x15, 0x00, 0x11, 0x01, 0x00, 0x10, 0x04, 0x00, 0x00, 0x01,
    0x00, 0x01, 0x0D, 0x00, 0x11, 0x01, 0x00, 0x10, 0x04, 0x00, 0x00, 0x19, 0x00, 0x11, 0x01, 0x00,
    0x10, 0x03, 0x00, 0x00, 0x01, 0x00, 0x01, 0x0F, 0x00, 0x11, 0x01, 0x00, 0x10, 0x04, 0x00, 0x00,
    0x0F, 0x00, 0x11, 0x04, 0x00, 0x00, 0x01, 0x00, 0x01, 0xA4, 0x00, 0x11, 0x04, 0x00, 0x00, 0x01,
    0x00, 0x01, 0x0A, 0x00, 0x11, 0x01, 0x00, 0x10, 0x04, 0x00, 0x00, 0x01, 0x00, 0x01, 0x15, 0x00,
    0x11, 0x01, 0x00, 0x10, 0x04, 0x00, 0x00, 0x01, 0x00, 0x01, 0x0D, 0x00, 0x11, 0x01, 0x00, 0x10,
    0x04, 0x00, 0x00, 0x19, 0x00, 0x11, 0x01, 0x00, 0x10, 0x03, 0x00, 0x00, 0x01, 0x00, 0x01, 0x0F,
    0x00, 0x11, 0x01, 0x00, 0x10, 0x04, 0x00, 0x00, 0x0F, 0x00, 0x11, 0x04, 0x00, 0x00, 0x01, 0x00,
    0x01, 0xA4, 0x00, 0x11, 0x05, 0x00, 0x00, 0x0A, 0x00, 0x11, 0x01, 0x00, 0x10, 0x04, 0x00, 0x00,
    0x01, 0x00, 0x01, 0x15, 0x00, 0x11, 0x01, 0x00, 0x10, 0x04, 0x00, 0x00, 0x01, 0x00, 0x01, 0x0D,
    0x00, 0x11, 0x01, 0x00, 0x10, 0x04, 0x00, 0x00, 0x19, 0x00, 0x11, 0x01, 0x00, 0x10, 0x03, 0x00,
    0x00, 0x01, 0x00, 0x01, 0x0F, 0x00, 0x11, 0x01, 0x00, 0x10, 0x04, 0x00, 0x00, 0x0F, 0x00, 0x11,
    0x04, 0x00, 0x00, 0x01, 0x00, 0x01, 0xA4, 0x00, 0x11, 0x01, 0x00, 0x10, 0x04, 0x00, 0x00, 0x0A,
    0x00, 0x11, 0x01, 0x00, 0x10, 0x04, 0x00, 0x00, 0x01, 0x00, 0x01, 0x15, 0x00, 0x11, 0x01, 0x00,
    0x10, 0x04, 0x00, 0x00, 0x01, 0x00, 0x01, 0x0D, 0x00, 0x11, 0x01, 0x00, 0x10, 0x04, 0x00, 0x00,
    0x19, 0x00, 0x11, 0x01, 0x00, 0x10, 0x03, 0x00, 0x00, 0x01, 0x00, 0x01, 0x0F, 0x00, 0x11, 0x01,
    0x00, 0x10, 0x04, 0x00, 0x00, 0x0F, 0x00, 0x11, 0x04, 0x00, 0x00, 0x01, 0x00, 0x01, 0xA4, 0x00,
    0x11, 0x01, 0x00, 0x10, 0x04, 0x00, 0x00, 0x0A, 0x00, 0x11, 0x01, 0x00, 0x10, 0x04, 0x00, 0x00,
    0x01, 0x00, 0x01, 0x15, 0x00, 0x11, 0x01, 0x00, 0x10, 0x04, 0x00, 0x00, 0x01, 0x00, 0x01, 0x0D,
    0x00, 0x11, 0x01, 0x00, 0x10, 0x04, 0x00, 0x00, 0x19, 0x00, 0x11, 0x01, 0x00, 0x10, 0x03, 0x00,
    0x00, 0x01, 0x00, 0x01, 0x0F, 0x00, 0x11, 0x01, 0x00, 0x10, 0x04, 0x00, 0x00, 0x0F, 0x00, 0x11,
    0x04, 0x00, 0x00, 0x01, 0x00, 0x01, 0xA4, 0x00, 0x11, 0x01, 0x00, 0x10, 0x04, 0x00, 0x00, 0x01,
    0x00, 0x01, 0x09, 0x00, 0x11, 0x01, 0x00, 0x10, 0x04, 0x00, 0x00, 0x01, 0x00, 0x01, 0x15, 0x00,
    0x11, 0x01, 0x00, 0x10, 0x04, 0x00, 0x00, 0x01, 0x00, 0x01, 0x0D, 0x00, 0x11, 0x01, 0x00, 0x10,
    0x04, 0x00, 0x00, 0x19, 0x00, 0x11, 0x01, 0x00, 0x10, 0x03, 0x00, 0x00, 0x01, 0x00, 0x01, 0x0F,
    0x00, 0x11, 0x01, 0x00, 0x10, 0x04, 0x00, 0x00, 0x0F, 0x00, 0x11, 0x04, 0x00, 0x00, 0x01, 0x00,
    0x01, 0xA5, 0x00, 0x11, 0x04, 0x00, 0x00, 0x01, 0x00, 0x01, 0x09, 0x00, 0x11, 0x01, 0x00, 0x10,
    0x04, 0x00, 0x00, 0x01, 0x00, 0x01, 0x15, 0x00, 0x11, 0x01, 0x00, 0x10, 0x04, 0x00, 0x00, 0x01,
    0x00, 0x01, 0x0D, 0x00, 0x11, 0x01, 0x00, 0x10, 0x04, 0x00, 0x00, 0x19, 0x00, 0x11, 0x01, 0x00,
    0x10, 0x03, 0x00, 0x00, 0x01, 0x00, 0x01, 0x0F, 0x00, 0x11, 0x01, 0x00, 0x10, 0x04, 0x00, 0x00,
    0x0F, 0x00, 0x11, 0x04, 0x00, 0x00, 0x01, 0x00, 0x01, 0xA5, 0x00, 0x11, 0x04, 0x00, 0x00, 0x01,
    0x00, 0x01, 0x09, 0x00, 0x11, 0x01, 0x00, 0x10, 0x04, 0x00, 0x00, 0x01, 0x00, 0x01, 0x15, 0x00,
    0x11, 0x01, 0x00, 0x10, 0x04, 0x00, 0x00, 0x01, 0x00, 0x01, 0x0D, 0x00, 0x11, 0x01, 0x00, 0x10,
    0x04, 0x00, 0x00, 0x19, 0x00, 0x11, 0x01, 0x00, 0x10, 0x03, 0x00, 0x00, 0x01, 0x00, 0x01, 0x0F,
    0x00, 0x11, 0x01, 0x00, 0x10, 0x04, 0x00, 0x00, 0x0F, 0x00, 0x11, 0x04, 0x00, 0x00, 0x01, 0x00,
    0x01, 0xA5, 0x00, 0x11, 0x05, 0x00, 0x00, 0x09, 0x00, 0x11, 0x01, 0x00, 0x10, 0x04, 0x00, 0x00,
    0x01, 0x00, 0x01, 0x15, 0x00, 0x11, 0x01, 0x00, 0x10, 0x04, 0x00, 0x00, 0x01, 0x00, 0x01, 0x0D,
    0x00, 0x11, 0x01, 0x00, 0x10, 0x04, 0x00, 0x00, 0x19, 0x00, 0x11, 0x01, 0x00, 0x10, 0x03, 0x00,
    0x00, 0x01, 0x00, 0x01, 0x0F, 0x00, 0x11, 0x01, 0x00, 0x10, 0x04, 0x00, 0x00, 0x0F, 0x00, 0x11,
    0x04, 0x00, 0x00, 0x01, 0x00, 0x01, 0xA5, 0x00, 0x11, 0x01, 0x00, 0x10, 0x04, 0x00, 0x00, 0x09,
    0x00, 0x11, 0x01, 0x00, 0x10, 0x04, 0x00, 0x00, 0x01, 0x00, 0x01, 0x15, 0x00, 0x11, 0x01, 0x00,
    0x10, 0x04, 0x00, 0x00, 0x01, 0x00, 0x01, 0x0D, 0x00, 0x11, 0x01, 0x00, 0x10, 0x17, 0x00, 0x00,
    0x06, 0x00, 0x11, 0x01, 0x00, 0x10, 0x03, 0x00, 0x00, 0x01, 0x00, 0x01, 0x0F, 0x00, 0x11, 0x01,
    0x00, 0x10, 0x04, 0x00, 0x00, 0x0F, 0x00, 0x11, 0x04, 0x00, 0x00, 0x01, 0x00, 0x01, 0xA5, 0x00,
    0x11, 0x01, 0x00, 0x10, 0x04, 0x00, 0x00, 0x09, 0x00, 0x11, 0x01, 0x00, 0x10, 0x04, 0x00, 0x00,
    0x01, 0x00, 0x01, 0x15, 0x00, 0x11, 0x01, 0x00, 0x10, 0x04, 0x00, 0x00, 0x01, 0x00, 0x01, 0x0D,
    0x00, 0x11, 0x01, 0x00, 0x10, 0x17, 0x00, 0x00, 0x06, 0x00, 0x11, 0x01, 0x00, 0x10, 0x03, 0x00,
    0x00, 0x01, 0x00, 0x01, 0x0F, 0x00, 0x11, 0x01, 0x00, 0x10, 0x04, 0x00, 0x00, 0x0F, 0x00, 0x11,
    0x04, 0x00, 0x00, 0x01, 0x00, 0x01, 0xA5, 0x00, 0x11, 0x01, 0x00, 0x10, 0x04, 0x00, 0x00, 0x01,
    0x00, 0x01, 0x08, 0x00, 0x11, 0x01, 0x00, 0x10, 0x04, 0x00, 0x00, 0x01, 0x00, 0x01, 0x15, 0x00,
    0x11, 0x01, 0x00, 0x10, 0x04, 0x00, 0x00, 0x01, 0x00, 0x01, 0x0D, 0x00, 0x11, 0x01, 0x00, 0x10,
    0x17, 0x00, 0x00, 0x06, 0x00, 0x11, 0x01, 0x00, 0x10, 0x03, 0x00, 0x00, 0x01, 0x00, 0x01, 0x0F,
    0x00, 0x11, 0x01, 0x00, 0x10, 0x04, 0x00, 0x00, 0x01, 0x00, 0x01, 0x0E, 0x00, 0x11, 0x04, 0x00,
    0x00, 0x01, 0x00, 0x01, 0xA6, 0x00, 0x11, 0x04, 0x00, 0x00, 0x01, 0x00, 0x01, 0x08, 0x00, 0x11,
    0x01, 0x00, 0x10, 0x04, 0x00, 0x00, 0x01, 0x00, 0x01, 0x15, 0x00, 0x11, 0x01, 0x00, 0x10, 0x04,
    0x00, 0x00, 0x01, 0x00, 0x01, 0x0D, 0x00, 0x11, 0x01, 0x00, 0x10, 0x17, 0x00, 0x00, 0x06, 0x00,
    0x11, 0x01, 0x00, 0x10, 0x03, 0x00, 0x00, 0x01, 0x00, 0x01, 0x10, 0x00, 0x11, 0x04, 0x00, 0x00,
    0x01, 0x00, 0x01, 0x0E, 0x00, 0x11, 0x04, 0x00, 0x00, 0x01, 0x00, 0x01, 0xA6, 0x00, 0x11, 0x05,
    0x00, 0x00, 0x08, 0x00, 0x11, 0x01, 0x00, 0x10, 0x04, 0x00, 0x00, 0x01, 0x00, 0x01, 0x15, 0x00,
    0x11, 0x01, 0x00, 0x10, 0x04, 0x00, 0x00, 0x01, 0x00, 0x01, 0x0D, 0x00, 0x11, 0x01, 0x00, 0x10,
    0x17, 0x00, 0x00, 0x06, 0x00, 0x11, 0x01, 0x00, 0x10, 0x03, 0x00, 0x00, 0x01, 0x00, 0x01, 0x10,
    0x00, 0x11, 0x04, 0x00, 0x00, 0x01, 0x00, 0x01, 0x0E, 0x00, 0x11, 0x04, 0x00, 0x00, 0x01, 0x00,
    0x01, 0xA6, 0x00, 0x11, 0x05, 0x00, 0x00, 0x08, 0x00, 0x11, 0x01, 0x00, 0x10, 0x04, 0x00, 0x00,
    0x01, 0x00, 0x01, 0x15, 0x00, 0x11, 0x01, 0x00, 0x10, 0x04, 0x00, 0x00, 0x01, 0x00, 0x01, 0x0D,
    0x00, 0x11, 0x01, 0x00, 0x10, 0x17, 0x00, 0x00, 0x06, 0x00, 0x11, 0x01, 0x00, 0x10, 0x03, 0x00,
    0x00, 0x01, 0x00, 0x01, 0x10, 0x00, 0x11, 0x05, 0x00, 0x00, 0x0E, 0x00, 0x11, 0x04, 0x00, 0x00,
    0x01, 0x00, 0x01, 0xA6, 0x00, 0x11, 0x01, 0x00, 0x10, 0x04, 0x00, 0x00, 0x08, 0x00, 0x11, 0x01,
    0x00, 0x10, 0x04, 0x00, 0x00, 0x01, 0x00, 0x01, 0x15, 0x00, 0x11, 0x01, 0x00, 0x10, 0x04, 0x00,
    0x00, 0x01, 0x00, 0x01, 0x0D, 0x00, 0x11, 0x01, 0x00, 0x10, 0x17, 0x00, 0x00, 0x06, 0x00, 0x11,
    0x01, 0x00, 0x10, 0x03, 0x00, 0x00, 0x01, 0x00, 0x01, 0x10, 0x00, 0x11, 0x05, 0x00, 0x00, 0x01,
    0x00, 0x01, 0x0D, 0x00, 0x11, 0x04, 0x00, 0x00, 0x01, 0x00, 0x01, 0xA6, 0x00, 0x11, 0x01, 0x00,
    0x10, 0x04, 0x00, 0x00, 0x01, 0x00, 0x01, 0x07, 0x00, 0x11, 0x01, 0x00, 0x10, 0x04, 0x00, 0x00,
    0x01, 0x00, 0x01, 0x15, 0x00, 0x11, 0x01, 0x00, 0x10, 0x04, 0x00, 0x00, 0x01, 0x00, 0x01, 0x0D,
    0x00, 0x11, 0x01, 0x00, 0x10, 0x17, 0x00, 0x00, 0x06, 0x00, 0x11, 0x01, 0x00, 0x10, 0x03, 0x00,
    0x00, 0x01, 0x00, 0x01, 0x10, 0x00, 0x11, 0x05, 0x00, 0x00, 0x01, 0x00, 0x01, 0x0D, 0x00, 0x11,
    0x04, 0x00, 0x00, 0x01, 0x00, 0x01, 0x2C, 0x31, 0x11, 0x01, 0x00, 0x10, 0x01, 0x00, 0x00, 0x01,
    0x00, 0x01, 0xE7, 0x00, 0x11, 0x02, 0x00, 0x00, 0x01, 0x00, 0x01, 0x39, 0x00, 0x11, 0x02, 0x00,
    0x00, 0x01, 0x00, 0x01, 0x03, 0x00, 0x11, 0x01, 0x00, 0x10, 0x01, 0x00, 0x00, 0x01, 0x00, 0x01,
    0xE7, 0x00, 0x11, 0x02, 0x00, 0x00, 0x01, 0x00, 0x01, 0x39, 0x00, 0x11, 0x02, 0x00, 0x00, 0x01,
    0x00, 0x01, 0x03, 0x00, 0x11, 0x01, 0x00, 0x10, 0x01, 0x00, 0x00, 0x01, 0x00, 0x01, 0xE7, 0x00,
    0x11, 0x02, 0x00, 0x00, 0x01, 0x00, 0x01, 0x39, 0x00, 0x11, 0x02, 0x00, 0x00, 0x01, 0x00, 0x01,
    0x03, 0x00, 0x11, 0x01, 0x00, 0x10, 0x01, 0x00, 0x00, 0x01, 0x00, 0x01, 0xE7, 0x00, 0x11, 0x02,
    0x00, 0x00, 0x01, 0x00, 0x01, 0x39, 0x00, 0x11, 0x02, 0x00, 0x00, 0x01, 0x00, 0x01, 0xED, 0x00,
    0x11, 0x02, 0x00, 0x00, 0x01, 0x00, 0x01, 0x39, 0x00, 0x11, 0x02, 0x00, 0x00, 0x01, 0x00, 0x01,
    0xED, 0x00, 0x11, 0x02, 0x00, 0x00, 0x01, 0x00, 0x01, 0x39, 0x00, 0x11, 0x02, 0x00, 0x00, 0x01,
    0x00, 0x01, 0xAB, 0x00, 0x11, 0x03, 0x00, 0x00, 0x01, 0x00, 0x01, 0x07, 0x00, 0x11, 0x01, 0x00,
    0x10, 0x04, 0x00, 0x00, 0x08, 0x00, 0x11, 0x01, 0x00, 0x10, 0x01, 0x00, 0x00, 0x01, 0x00, 0x01,
    0x04, 0x00, 0x11, 0x03, 0x00, 0x00, 0x01, 0x00, 0x01, 0x08, 0x00, 0x11, 0x01, 0x00, 0x10, 0x03,
    0x00, 0x00, 0x09, 0x00, 0x11, 0x01, 0x00, 0x10, 0x01, 0x00, 0x00, 0x01, 0x00, 0x01, 0x07, 0x00,
    0x11, 0x02, 0x00, 0x00, 0x01, 0x00, 0x01, 0x06, 0x00, 0x11, 0x04, 0x00, 0x00, 0x0E, 0x00, 0x11,
    0x04, 0x00, 0x00, 0x07, 0x00, 0x11, 0x04, 0x00, 0x00, 0x09, 0x00, 0x11, 0x01, 0x00, 0x10, 0x03,
    0x00, 0x00, 0x01, 0x00, 0x01, 0x04, 0x00, 0x11, 0x02, 0x00, 0x00, 0x01, 0x00, 0x01, 0x0B, 0x00,
    0x11, 0x01, 0x00, 0x10, 0x03, 0x00, 0x00, 0x01, 0x00, 0x01, 0x13, 0x00, 0x11, 0x01, 0x00, 0x10,
    0x03, 0x00, 0x00, 0x84, 0x00, 0x11, 0x04, 0x00, 0x00, 0x01, 0x00, 0x01, 0x05, 0x00, 0x11, 0x01,
    0x00, 0x10, 0x06, 0x00, 0x00, 0x04, 0x00, 0x11, 0x02, 0x00, 0x00, 0x01, 0x00, 0x11, 0x02, 0x00,
    0x00, 0x01, 0x00, 0x01, 0x03, 0x00, 0x11, 0x05, 0x00, 0x00, 0x01, 0x00, 0x11, 0x02, 0x00, 0x00,
    0x04, 0x00, 0x11, 0x01, 0x00, 0x10, 0x05, 0x00, 0x00, 0x05, 0x00, 0x11, 0x02, 0x00, 0x00, 0x01,
    0x00, 0x11, 0x02, 0x00, 0x00, 0x01, 0x00, 0x01, 0x05, 0x00, 0x11, 0x01, 0x00, 0x10, 0x05, 0x00,
    0x00, 0x04, 0x00, 0x11, 0x06, 0x00, 0x00, 0x0C, 0x00, 0x11, 0x06, 0x00, 0x00, 0x05, 0x00, 0x11,
    0x06, 0x00, 0x00, 0x05, 0x00, 0x11, 0x02, 0x00, 0x00, 0x01, 0x00, 0x10, 0x05, 0x00, 0x00, 0x02,
    0x00, 0x11, 0x01, 0x00, 0x10, 0x05, 0x00, 0x00, 0x02, 0x00, 0x11, 0x01, 0x00, 0x10, 0x01, 0x00,
    0x00, 0x01, 0x00, 0x01, 0x02, 0x00, 0x11, 0x02, 0x00, 0x00, 0x01, 0x00, 0x10, 0x05, 0x00, 0x00,
    0x04, 0x00, 0x11, 0x01, 0x00, 0x10, 0x01, 0x00, 0x00, 0x01, 0x00, 0x01, 0x04, 0x00, 0x11, 0x01,
    0x00, 0x10, 0x01, 0x00, 0x00, 0x01, 0x00, 0x01, 0x04, 0x00, 0x11, 0x01, 0x00, 0x10, 0x05, 0x00,
    0x00, 0x83, 0x00, 0x11, 0x05, 0x00, 0x00, 0x05, 0x00, 0x11, 0x07, 0x00, 0x00, 0x01, 0x00, 0x01,
    0x03, 0x00, 0x11, 0x02, 0x00, 0x00, 0x01, 0x00, 0x10, 0x02, 0x00, 0x00, 0x01, 0x00, 0x01, 0x02,
    0x00, 0x11, 0x01, 0x00, 0x10, 0x08, 0x00, 0x00, 0x04, 0x00, 0x11, 0x06, 0x00, 0x00, 0x01, 0x00,
    0x01, 0x04, 0x00, 0x11, 0x02, 0x00, 0x00, 0x01, 0x00, 0x10, 0x02, 0x00, 0x00, 0x01, 0x00, 0x01,
    0x05, 0x00, 0x11, 0x01, 0x00, 0x10, 0x05, 0x00, 0x00, 0x03, 0x00, 0x11, 0x01, 0x00, 0x10, 0x06,
    0x00, 0x00, 0x01, 0x00, 0x01, 0x0A, 0x00, 0x11, 0x01, 0x00, 0x10, 0x06, 0x00, 0x00, 0x01, 0x00,
    0x01, 0x03, 0x00, 0x11, 0x01, 0x00, 0x10, 0x06, 0x00, 0x00, 0x01, 0x00, 0x01, 0x04, 0x00, 0x11,
    0x08, 0x00, 0x00, 0x01, 0x00, 0x01, 0x01, 0x00, 0x11, 0x01, 0x00, 0x10, 0x05, 0x00, 0x00, 0x02,
    0x00, 0x11, 0x01, 0x00, 0x10, 0x01, 0x00, 0x00, 0x01, 0x00, 0x01, 0x02, 0x00, 0x11, 0x08, 0x00,
    0x00, 0x01, 0x00, 0x01, 0x03, 0x00, 0x11, 0x01, 0x00, 0x10, 0x01, 0x00, 0x00, 0x01, 0x00, 0x01,
    0x04, 0x00, 0x11, 0x01, 0x00, 0x10, 0x01, 0x00, 0x00, 0x01, 0x00, 0x01, 0x04, 0x00, 0x11, 0x06,
    0x00, 0x00, 0x01, 0x00, 0x01, 0x82, 0x00, 0x11, 0x01, 0x00, 0x01, 0x01, 0x00, 0x11, 0x01, 0x00,
    0x10, 0x02, 0x00, 0x00, 0x01, 0x00, 0x01, 0x03, 0x00, 0x11, 0x01, 0x00, 0x10, 0x02, 0x00, 0x00,
    0x01, 0x00, 0x01, 0x01, 0x00, 0x11, 0x01, 0x00, 0x10, 0x03, 0x00, 0x00, 0x03, 0x00, 0x11, 0x05,
    0x00, 0x00, 0x01, 0x00, 0x01, 0x02, 0x00, 0x11, 0x03, 0x00, 0x00, 0x01, 0x00, 0x11, 0x01, 0x00,
    0x10, 0x04, 0x00, 0x00, 0x03, 0x00, 0x11, 0x01, 0x00, 0x10, 0x02, 0x00, 0x00, 0x02, 0x00, 0x11,
    0x03, 0x00, 0x00, 0x04, 0x00, 0x11, 0x05, 0x00, 0x00, 0x01, 0x00, 0x01, 0x05, 0x00, 0x11, 0x01,
    0x00, 0x10, 0x05, 0x00, 0x00, 0x03, 0x00, 0x11, 0x03, 0x00, 0x00, 0x02, 0x00, 0x11, 0x03, 0x00,
    0x00, 0x0A, 0x00, 0x11, 0x03, 0x00, 0x00, 0x02, 0x00, 0x11, 0x02, 0x00, 0x00, 0x01, 0x00, 0x01,
    0x03, 0x00, 0x11, 0x03, 0x00, 0x00, 0x02, 0x00, 0x11, 0x03, 0x00, 0x00, 0x04, 0x00, 0x11, 0x04,
    0x00, 0x00, 0x02, 0x00, 0x11, 0x03, 0x00, 0x00, 0x01, 0x00, 0x11, 0x01, 0x00, 0x10, 0x05, 0x00,
    0x00, 0x02, 0x00, 0x11, 0x01, 0x00, 0x10, 0x01, 0x00, 0x00, 0x01, 0x00, 0x01, 0x02, 0x00, 0x11,
    0x04, 0x00, 0x00, 0x02, 0x00, 0x11, 0x03, 0x00, 0x00, 0x03, 0x00, 0x11, 0x01, 0x00, 0x10, 0x01,
    0x00, 0x00, 0x01, 0x00, 0x01, 0x04, 0x00, 0x11, 0x01, 0x00, 0x10, 0x01, 0x00, 0x00, 0x01, 0x00,
    0x01, 0x03, 0x00, 0x11, 0x01, 0x00, 0x10, 0x02, 0x00, 0x00, 0x02, 0x00, 0x11, 0x03, 0x00, 0x00,
    0x85, 0x00, 0x11, 0x02, 0x00, 0x00, 0x01, 0x00, 0x01, 0x03, 0x00, 0x11, 0x02, 0x00, 0x00, 0x01,
    0x00, 0x01, 0x03, 0x00, 0x11, 0x01, 0x00, 0x10, 0x02, 0x00, 0x00, 0x03, 0x00, 0x11, 0x04, 0x00,
    0x00, 0x03, 0x00, 0x11, 0x01, 0x00, 0x10, 0x02, 0x00, 0x00, 0x03, 0x00, 0x11, 0x01, 0x00, 0x10,
    0x03, 0x00, 0x00, 0x03, 0x00, 0x11, 0x02, 0x00, 0x00, 0x01, 0x00, 0x01, 0x03, 0x00, 0x11, 0x02,
    0x00, 0x00, 0x01, 0x00, 0x01, 0x03, 0x00, 0x11, 0x04, 0x00, 0x00, 0x09, 0x00, 0x11, 0x02, 0x00,
    0x00, 0x01, 0x00, 0x01, 0x03, 0x00, 0x11, 0x01, 0x00, 0x10, 0x02, 0x00, 0x00, 0x04, 0x00, 0x11,
    0x02, 0x00, 0x00, 0x01, 0x00, 0x01, 0x08, 0x00, 0x11, 0x01, 0x00, 0x10, 0x02, 0x00, 0x00, 0x03,
    0x00, 0x11, 0x01, 0x00, 0x10, 0x02, 0x00, 0x00, 0x02, 0x00, 0x11, 0x01, 0x00, 0x10, 0x02, 0x00,
    0x00, 0x04, 0x00, 0x11, 0x02, 0x00, 0x00, 0x01, 0x00, 0x01, 0x03, 0x00, 0x11, 0x03, 0x00, 0x00,
    0x03, 0x00, 0x11, 0x01, 0x00, 0x10, 0x02, 0x00, 0x00, 0x03, 0x00, 0x11, 0x02, 0x00, 0x00, 0x01,
    0x00, 0x01, 0x03, 0x00, 0x11, 0x01, 0x00, 0x10, 0x01, 0x00, 0x00, 0x01, 0x00, 0x01, 0x02, 0x00,
    0x11, 0x03, 0x00, 0x00, 0x03, 0x00, 0x11, 0x01, 0x00, 0x10, 0x02, 0x00, 0x00, 0x03, 0x00, 0x11,
    0x01, 0x00, 0x10, 0x01, 0x00, 0x00, 0x01, 0x00, 0x01, 0x04, 0x00, 0x11, 0x01, 0x00, 0x10, 0x01,
    0x00, 0x00, 0x01, 0x00, 0x01, 0x03, 0x00, 0x11, 0x02, 0x00, 0x00, 0x01, 0x00, 0x01, 0x03, 0x00,
    0x11, 0x02, 0x00, 0x00, 0x01, 0x00, 0x01, 0x84, 0x00, 0x11, 0x01, 0x00, 0x10, 0x01, 0x00, 0x00,
    0x01, 0x00, 0x01, 0x03, 0x00, 0x11, 0x02, 0x00, 0x00, 0x05, 0x00, 0x11, 0x02, 0x00, 0x00, 0x03,
    0x00, 0x11, 0x03, 0x00, 0x00, 0x04, 0x00, 0x11, 0x01, 0x00, 0x10, 0x01, 0x00, 0x00, 0x01, 0x00,
    0x01, 0x04, 0x00, 0x11, 0x03, 0x00, 0x00, 0x02, 0x00, 0x11, 0x01, 0x00, 0x10, 0x02, 0x00, 0x00,
    0x04, 0x00, 0x11, 0x01, 0x00, 0x10, 0x01, 0x00, 0x00, 0x01, 0x00, 0x01, 0x03, 0x00, 0x11, 0x03,
    0x00, 0x00, 0x0A, 0x00, 0x11, 0x02, 0x00, 0x00, 0x01, 0x00, 0x01, 0x03, 0x00, 0x11, 0x01, 0x00,
    0x10, 0x01, 0x00, 0x00, 0x01, 0x00, 0x01, 0x04, 0x00, 0x11, 0x01, 0x00, 0x10, 0x01, 0x00, 0x00,
    0x01, 0x00, 0x01, 0x08, 0x00, 0x11, 0x01, 0x00, 0x10, 0x01, 0x00, 0x00, 0x01, 0x00, 0x01, 0x04,
    0x00, 0x11, 0x02, 0x00, 0x00, 0x02, 0x00, 0x11, 0x01, 0x00, 0x10, 0x01, 0x00, 0x00, 0x01, 0x00,
    0x01, 0x04, 0x00, 0x11, 0x01, 0x00, 0x10, 0x01, 0x00, 0x00, 0x01, 0x00, 0x01, 0x03, 0x00, 0x11,
    0x02, 0x00, 0x00, 0x01, 0x00, 0x01, 0x04, 0x00, 0x11, 0x02, 0x00, 0x00, 0x03, 0x00, 0x11, 0x02,
    0x00, 0x00, 0x01, 0x00, 0x01, 0x03, 0x00, 0x11, 0x01, 0x00, 0x10, 0x01, 0x00, 0x00, 0x01, 0x00,
    0x01, 0x02, 0x00, 0x11, 0x02, 0x00, 0x00, 0x01, 0x00, 0x01, 0x04, 0x00, 0x11, 0x02, 0x00, 0x00,
    0x03, 0x00, 0x11, 0x01, 0x00, 0x10, 0x01, 0x00, 0x00, 0x01, 0x00, 0x01, 0x04, 0x00, 0x11, 0x01,
    0x00, 0x10, 0x01, 0x00, 0x00, 0x01, 0x00, 0x01, 0x02, 0x00, 0x11, 0x01, 0x00, 0x10, 0x02, 0x00,
    0x00, 0x04, 0x00, 0x11, 0x01, 0x00, 0x10, 0x01, 0x00, 0x00, 0x01, 0x00, 0x01, 0x84, 0x00, 0x11,
    0x01, 0x00, 0x10, 0x02, 0x00, 0x00, 0x03, 0x00, 0x11, 0x02, 0x00, 0x00, 0x05, 0x00, 0x11, 0x02,
    0x00, 0x00, 0x03, 0x00, 0x11, 0x02, 0x00, 0x00, 0x01, 0x00, 0x01, 0x04, 0x00, 0x11, 0x02, 0x00,
    0x00, 0x01, 0x00, 0x01, 0x04, 0x00, 0x11, 0x01, 0x00, 0x10, 0x02, 0x00, 0x00, 0x02, 0x00, 0x11,
    0x01, 0x00, 0x10, 0x01, 0x00, 0x00, 0x01, 0x00, 0x01, 0x04, 0x00, 0x11, 0x01, 0x00, 0x10, 0x02,
    0x00, 0x00, 0x03, 0x00, 0x11, 0x02, 0x00, 0x00, 0x01, 0x00, 0x01, 0x0A, 0x00, 0x11, 0x02, 0x00,
    0x00, 0x01, 0x00, 0x01, 0x03, 0x00, 0x11, 0x02, 0x00, 0x00, 0x01, 0x00, 0x01, 0x04, 0x00, 0x11,
    0x01, 0x00, 0x10, 0x02, 0x00, 0x00, 0x08, 0x00, 0x11, 0x02, 0x00, 0x00, 0x01, 0x00, 0x01, 0x04,
    0x00, 0x11, 0x02, 0x00, 0x00, 0x01, 0x00, 0x01, 0x01, 0x00, 0x11, 0x02, 0x00, 0x00, 0x01, 0x00,
    0x01, 0x04, 0x00, 0x11, 0x01, 0x00, 0x10, 0x02, 0x00, 0x00, 0x03, 0x00, 0x11, 0x02, 0x00, 0x00,
    0x01, 0x00, 0x01, 0x04, 0x00, 0x11, 0x02, 0x00, 0x00, 0x01, 0x00, 0x01, 0x02, 0x00, 0x11, 0x02,
    0x00, 0x00, 0x01, 0x00, 0x01, 0x03, 0x00, 0x11, 0x01, 0x00, 0x10, 0x01, 0x00, 0x00, 0x01, 0x00,
    0x01, 0x02, 0x00, 0x11, 0x02, 0x00, 0x00, 0x01, 0x00, 0x01, 0x04, 0x00, 0x11, 0x02, 0x00, 0x00,
    0x01, 0x00, 0x01, 0x02, 0x00, 0x11, 0x01, 0x00, 0x10, 0x01, 0x00, 0x00, 0x01, 0x00, 0x01, 0x04,
    0x00, 0x11, 0x01, 0x00, 0x10, 0x01, 0x00, 0x00, 0x01, 0x00, 0x01, 0x02, 0x00, 0x11, 0x01, 0x00,
    0x10, 0x01, 0x00, 0x00, 0x01, 0x00, 0x01, 0x04, 0x00, 0x11, 0x01, 0x00, 0x10, 0x02, 0x00, 0x00,
    0x84, 0x00, 0x11, 0x01, 0x00, 0x10, 0x02, 0x00, 0x00, 0x03, 0x00, 0x11, 0x02, 0x00, 0x00, 0x05,
    0x00, 0x11, 0x02, 0x00, 0x00, 0x03, 0x00, 0x11, 0x02, 0x00, 0x00, 0x01, 0x00, 0x01, 0x04, 0x00,
    0x11, 0x02, 0x00, 0x00, 0x05, 0x00, 0x11, 0x01, 0x00, 0x10, 0x02, 0x00, 0x00, 0x02, 0x00, 0x11,
    0x02, 0x00, 0x00, 0x01, 0x00, 0x01, 0x05, 0x00, 0x11, 0x02, 0x00, 0x00, 0x03, 0x00, 0x11, 0x02,
    0x00, 0x00, 0x01, 0x00, 0x01, 0x0A, 0x00, 0x11, 0x02, 0x00, 0x00, 0x01, 0x00, 0x01, 0x03, 0x00,
    0x11, 0x02, 0x00, 0x00, 0x06, 0x00, 0x11, 0x02, 0x00, 0x00, 0x08, 0x00, 0x11, 0x02, 0x00, 0x00,
    0x05, 0x00, 0x11, 0x01, 0x00, 0x10, 0x01, 0x00, 0x00, 0x01, 0x00, 0x01, 0x01, 0x00, 0x11, 0x02,
    0x00, 0x00, 0x06, 0x00, 0x11, 0x02, 0x00, 0x00, 0x03, 0x00, 0x11, 0x02, 0x00, 0x00, 0x05, 0x00,
    0x11, 0x02, 0x00, 0x00, 0x01, 0x00, 0x01, 0x02, 0x00, 0x11, 0x02, 0x00, 0x00, 0x01, 0x00, 0x01,
    0x03, 0x00, 0x11, 0x01, 0x00, 0x10, 0x01, 0x00, 0x00, 0x01, 0x00, 0x01, 0x02, 0x00, 0x11, 0x02,
    0x00, 0x00, 0x05, 0x00, 0x11, 0x02, 0x00, 0x00, 0x01, 0x00, 0x01, 0x02, 0x00, 0x11, 0x01, 0x00,
    0x10, 0x01, 0x00, 0x00, 0x01, 0x00, 0x01, 0x04, 0x00, 0x11, 0x01, 0x00, 0x10, 0x01, 0x00, 0x00,
    0x01, 0x00, 0x01, 0x02, 0x00, 0x11, 0x02, 0x00, 0x00, 0x01, 0x00, 0x01, 0x05, 0x00, 0x11, 0x02,
    0x00, 0x00, 0x84, 0x00, 0x11, 0x01, 0x00, 0x10, 0x02, 0x00, 0x00, 0x0A, 0x00, 0x11, 0x02, 0x00,
    0x00, 0x03, 0x00, 0x11, 0x02, 0x00, 0x00, 0x05, 0x00, 0x11, 0x02, 0x00, 0x00, 0x05, 0x00, 0x11,
    0x01, 0x00, 0x10, 0x02, 0x00, 0x00, 0x02, 0x00, 0x11, 0x02, 0x00, 0x00, 0x06, 0x00, 0x11, 0x02,
    0x00, 0x00, 0x03, 0x00, 0x11, 0x02, 0x00, 0x00, 0x0B, 0x00, 0x11, 0x02, 0x00, 0x00, 0x01, 0x00,
    0x01, 0x03, 0x00, 0x11, 0x02, 0x00, 0x00, 0x06, 0x00, 0x11, 0x02, 0x00, 0x00, 0x08, 0x00, 0x11,
    0x02, 0x00, 0x00, 0x05, 0x00, 0x11, 0x01, 0x00, 0x10, 0x01, 0x00, 0x00, 0x01, 0x00, 0x01, 0x01,
    0x00, 0x11, 0x02, 0x00, 0x00, 0x06, 0x00, 0x11, 0x02, 0x00, 0x00, 0x03, 0x00, 0x11, 0x02, 0x00,
    0x00, 0x05, 0x00, 0x11, 0x02, 0x00, 0x00, 0x01, 0x00, 0x01, 0x02, 0x00, 0x11, 0x02, 0x00, 0x00,
    0x01, 0x00, 0x01, 0x03, 0x00, 0x11, 0x01, 0x00, 0x10, 0x01, 0x00, 0x00, 0x01, 0x00, 0x01, 0x02,
    0x00, 0x11, 0x02, 0x00, 0x00, 0x05, 0x00, 0x11, 0x02, 0x00, 0x00, 0x01, 0x00, 0x01, 0x02, 0x00,
    0x11, 0x01, 0x00, 0x10, 0x01, 0x00, 0x00, 0x01, 0x00, 0x01, 0x04, 0x00, 0x11, 0x01, 0x00, 0x10,
    0x01, 0x00, 0x00, 0x01, 0x00, 0x01, 0x02, 0x00, 0x11, 0x02, 0x00, 0x00, 0x06, 0x00, 0x11, 0x02,
    0x00, 0x00, 0x84, 0x00, 0x11, 0x01, 0x00, 0x10, 0x02, 0x00, 0x00, 0x09, 0x00, 0x11, 0x01, 0x00,
    0x10, 0x02, 0x00, 0x00, 0x03, 0x00, 0x11, 0x02, 0x00, 0x00, 0x04, 0x00, 0x11, 0x01, 0x00, 0x10,
    0x02, 0x00, 0x00, 0x05, 0x00, 0x11, 0x01, 0x00, 0x10, 0x02, 0x00, 0x00, 0x02, 0x00, 0x11, 0x02,
    0x00, 0x00, 0x06, 0x00, 0x11, 0x02, 0x00, 0x00, 0x01, 0x00, 0x01, 0x02, 0x00, 0x11, 0x02, 0x00,
    0x00, 0x0B, 0x00, 0x11, 0x02, 0x00, 0x00, 0x01, 0x00, 0x01, 0x02, 0x00, 0x11, 0x01, 0x00, 0x10,
    0x02, 0x00, 0x00, 0x06, 0x00, 0x11, 0x02, 0x00, 0x00, 0x01, 0x00, 0x01, 0x06, 0x00, 0x11, 0x01,
    0x00, 0x10, 0x02, 0x00, 0x00, 0x08, 0x00, 0x11, 0x01, 0x00, 0x10, 0x02, 0x00, 0x00, 0x06, 0x00,
    0x11, 0x02, 0x00, 0x00, 0x01, 0x00, 0x01, 0x02, 0x00, 0x11, 0x02, 0x00, 0x00, 0x05, 0x00, 0x11,
    0x02, 0x00, 0x00, 0x01, 0x00, 0x01, 0x02, 0x00, 0x11, 0x02, 0x00, 0x00, 0x01, 0x00, 0x01, 0x03,
    0x00, 0x11, 0x01, 0x00, 0x10, 0x01, 0x00, 0x00, 0x01, 0x00, 0x01, 0x02, 0x00, 0x11, 0x02, 0x00,
    0x00, 0x05, 0x00, 0x11, 0x02, 0x00, 0x00, 0x01, 0x00, 0x01, 0x02, 0x00, 0x11, 0x01, 0x00, 0x10,
    0x01, 0x00, 0x00, 0x01, 0x00, 0x01, 0x04, 0x00, 0x11, 0x01, 0x00, 0x10, 0x01, 0x00, 0x00, 0x01,
    0x00, 0x01, 0x02, 0x00, 0x11, 0x02, 0x00, 0x00, 0x06, 0x00, 0x11, 0x02, 0x00, 0x00, 0x01, 0x00,
    0x01, 0x83, 0x00, 0x11, 0x01, 0x00, 0x10, 0x02, 0x00, 0x00, 0x07, 0x00, 0x11, 0x01, 0x00, 0x10,
    0x04, 0x00, 0x00, 0x03, 0x00, 0x11, 0x02, 0x00, 0x00, 0x04, 0x00, 0x11, 0x01, 0x00, 0x10, 0x02,
    0x00, 0x00, 0x06, 0x00, 0x11, 0x02, 0x00, 0x00, 0x02, 0x00, 0x11, 0x02, 0x00, 0x00, 0x06, 0x00,
    0x11, 0x02, 0x00, 0x00, 0x01, 0x00, 0x01, 0x02, 0x00, 0x11, 0x02, 0x00, 0x00, 0x0B, 0x00, 0x11,
    0x02, 0x00, 0x00, 0x01, 0x00, 0x01, 0x02, 0x00, 0x11, 0x01, 0x00, 0x10, 0x02, 0x00, 0x00, 0x06,
    0x00, 0x11, 0x02, 0x00, 0x00, 0x01, 0x00, 0x01, 0x06, 0x00, 0x11, 0x01, 0x00, 0x10, 0x02, 0x00,
    0x00, 0x08, 0x00, 0x11, 0x01, 0x00, 0x10, 0x02, 0x00, 0x00, 0x06, 0x00, 0x11, 0x02, 0x00, 0x00,
    0x01, 0x00, 0x01, 0x02, 0x00, 0x11, 0x02, 0x00, 0x00, 0x05, 0x00, 0x11, 0x02, 0x00, 0x00, 0x01,
    0x00, 0x01, 0x02, 0x00, 0x11, 0x02, 0x00, 0x00, 0x01, 0x00, 0x01, 0x03, 0x00, 0x11, 0x01, 0x00,
    0x10, 0x01, 0x00, 0x00, 0x01, 0x00, 0x01, 0x02, 0x00, 0x11, 0x02, 0x00, 0x00, 0x05, 0x00, 0x11,
    0x02, 0x00, 0x00, 0x01, 0x00, 0x01, 0x02, 0x00, 0x11, 0x01, 0x00, 0x10, 0x01, 0x00, 0x00, 0x01,
    0x00, 0x01, 0x04, 0x00, 0x11, 0x01, 0x00, 0x10, 0x01, 0x00, 0x00, 0x01, 0x00, 0x01, 0x02, 0x00,
    0x11, 0x02, 0x00, 0x00, 0x06, 0x00, 0x11, 0x02, 0x00, 0x00, 0x01, 0x00, 0x01, 0x83, 0x00, 0x11,
    0x01, 0x00, 0x10, 0x02, 0x00, 0x00, 0x05, 0x00, 0x11, 0x07, 0x00, 0x00, 0x03, 0x00, 0x11, 0x02,
    0x00, 0x00, 0x04, 0x00, 0x11, 0x01, 0x00, 0x10, 0x02, 0x00, 0x00, 0x06, 0x00, 0x11, 0x02, 0x00,
    0x00, 0x01, 0x00, 0x11, 0x01, 0x00, 0x10, 0x0A, 0x00, 0x00, 0x01, 0x00, 0x01, 0x02, 0x00, 0x11,
    0x02, 0x00, 0x00, 0x0B, 0x00, 0x11, 0x02, 0x00, 0x00, 0x01, 0x00, 0x01, 0x02, 0x00, 0x11, 0x01,
    0x00, 0x10, 0x02, 0x00, 0x00, 0x06, 0x00, 0x11, 0x02, 0x00, 0x00, 0x01, 0x00, 0x01, 0x06, 0x00,
    0x11, 0x01, 0x00, 0x10, 0x02, 0x00, 0x00, 0x08, 0x00, 0x11, 0x01, 0x00, 0x10, 0x02, 0x00, 0x00,
    0x06, 0x00, 0x11, 0x02, 0x00, 0x00, 0x01, 0x00, 0x01, 0x02, 0x00, 0x11, 0x02, 0x00, 0x00, 0x05,
    0x00, 0x11, 0x02, 0x00, 0x00, 0x01, 0x00, 0x01, 0x02, 0x00, 0x11, 0x02, 0x00, 0x00, 0x01, 0x00,
    0x01, 0x03, 0x00, 0x11, 0x01, 0x00, 0x10, 0x01, 0x00, 0x00, 0x01, 0x00, 0x01, 0x02, 0x00, 0x11,
    0x02, 0x00, 0x00, 0x05, 0x00, 0x11, 0x02, 0x00, 0x00, 0x01, 0x00, 0x01, 0x02, 0x00, 0x11, 0x01,
    0x00, 0x10, 0x01, 0x00, 0x00, 0x01, 0x00, 0x01, 0x04, 0x00, 0x11, 0x01, 0x00, 0x10, 0x01, 0x00,
    0x00, 0x01, 0x00, 0x01, 0x01, 0x00, 0x11, 0x01, 0x00, 0x10, 0x0A, 0x00, 0x00, 0x01, 0x00, 0x01,
    0x83, 0x00, 0x11, 0x01, 0x00, 0x10, 0x02, 0x00, 0x00, 0x04, 0x00, 0x11, 0x08, 0x00, 0x00, 0x03,
    0x00, 0x11, 0x02, 0x00, 0x00, 0x04, 0x00, 0x11, 0x01, 0x00, 0x10, 0x02, 0x00, 0x00, 0x06, 0x00,
    0x11, 0x02, 0x00, 0x00, 0x01, 0x00, 0x11, 0x01, 0x00, 0x10, 0x0A, 0x00, 0x00, 0x01, 0x00, 0x01,
    0x02, 0x00, 0x11, 0x02, 0x00, 0x00, 0x0B, 0x00, 0x11, 0x02, 0x00, 0x00, 0x01, 0x00, 0x01, 0x02,
    0x00, 0x11, 0x01, 0x00, 0x10, 0x01, 0x00, 0x00, 0x01, 0x00, 0x01, 0x06, 0x00, 0x11, 0x02, 0x00,
    0x00, 0x01, 0x00, 0x01, 0x06, 0x00, 0x11, 0x01, 0x00, 0x10, 0x02, 0x00, 0x00, 0x08, 0x00, 0x11,
    0x01, 0x00, 0x10, 0x01, 0x00, 0x00, 0x01, 0x00, 0x01, 0x06, 0x00, 0x11, 0x02, 0x00, 0x00, 0x01,
    0x00, 0x01, 0x02, 0x00, 0x11, 0x02, 0x00, 0x00, 0x05, 0x00, 0x11, 0x02, 0x00, 0x00, 0x01, 0x00,
    0x01, 0x02, 0x00, 0x11, 0x02, 0x00, 0x00, 0x01, 0x00, 0x01, 0x03, 0x00, 0x11, 0x01, 0x00, 0x10,
    0x01, 0x00, 0x00, 0x01, 0x00, 0x01, 0x02, 0x00, 0x11, 0x02, 0x00, 0x00, 0x05, 0x00, 0x11, 0x02,
    0x00, 0x00, 0x01, 0x00, 0x01, 0x02, 0x00, 0x11, 0x01, 0x00, 0x10, 0x01, 0x00, 0x00, 0x01, 0x00,
    0x01, 0x04, 0x00, 0x11, 0x01, 0x00, 0x10, 0x01, 0x00, 0x00, 0x01, 0x00, 0x01, 0x01, 0x00, 0x11,
    0x01, 0x00, 0x10, 0x0A, 0x00, 0x00, 0x01, 0x00, 0x01, 0x83, 0x00, 0x11, 0x01, 0x00, 0x10, 0x02,
    0x00, 0x00, 0x03, 0x00, 0x11, 0x01, 0x00, 0x10, 0x04, 0x00, 0x00, 0x01, 0x00, 0x01, 0x01, 0x00,
    0x11, 0x02, 0x00, 0x00, 0x03, 0x00, 0x11, 0x02, 0x00, 0x00, 0x04, 0x00, 0x11, 0x01, 0x00, 0x10,
    0x02, 0x00, 0x00, 0x06, 0x00, 0x11, 0x02, 0x00, 0x00, 0x01, 0x00, 0x11, 0x01, 0x00, 0x10, 0x0A,
    0x00, 0x00, 0x01, 0x00, 0x01, 0x02, 0x00, 0x11, 0x02, 0x00, 0x00, 0x0B, 0x00, 0x11, 0x02, 0x00,
    0x00, 0x01, 0x00, 0x01, 0x02, 0x00, 0x11, 0x01, 0x00, 0x10, 0x01, 0x00, 0x00, 0x01, 0x00, 0x01,
    0x06, 0x00, 0x11, 0x02, 0x00, 0x00, 0x01, 0x00, 0x01, 0x06, 0x00, 0x11, 0x01, 0x00, 0x10, 0x02,
    0x00, 0x00, 0x08, 0x00, 0x11, 0x01, 0x00, 0x10, 0x01, 0x00, 0x00, 0x01, 0x00, 0x01, 0x06, 0x00,
    0x11, 0x02, 0x00, 0x00, 0x01, 0x00, 0x01, 0x02, 0x00, 0x11, 0x02, 0x00, 0x00, 0x05, 0x00, 0x11,
    0x02, 0x00, 0x00, 0x01, 0x00, 0x01, 0x02, 0x00, 0x11, 0x02, 0x00, 0x00, 0x01, 0x00, 0x01, 0x03,
    0x00, 0x11, 0x01, 0x00, 0x10, 0x01, 0x00, 0x00, 0x01, 0x00, 0x01, 0x02, 0x00, 0x11, 0x02, 0x00,
    0x00, 0x05, 0x00, 0x11, 0x02, 0x00, 0x00, 0x01, 0x00, 0x01, 0x02, 0x00, 0x11, 0x01, 0x00, 0x10,
    0x01, 0x00, 0x00, 0x01, 0x00, 0x01, 0x04, 0x00, 0x11, 0x01, 0x00, 0x10, 0x01, 0x00, 0x00, 0x01,
    0x00, 0x01, 0x01, 0x00, 0x11, 0x01, 0x00, 0x10, 0x0A, 0x00, 0x00, 0x01, 0x00, 0x01, 0x83, 0x00,
    0x11, 0x01, 0x00, 0x10, 0x02, 0x00, 0x00, 0x03, 0x00, 0x11, 0x03, 0x00, 0x00, 0x04, 0x00, 0x11,
    0x02, 0x00, 0x00, 0x03, 0x00, 0x11, 0x02, 0x00, 0x00, 0x04, 0x00, 0x11, 0x01, 0x00, 0x10, 0x02,
    0x00, 0x00, 0x06, 0x00, 0x11, 0x02, 0x00, 0x00, 0x01, 0x00, 0x11, 0x01, 0x00, 0x10, 0x02, 0x00,
    0x00, 0x0B, 0x00, 0x11, 0x02, 0x00, 0x00, 0x0B, 0x00, 0x11, 0x02, 0x00, 0x00, 0x01, 0x00, 0x01,
    0x02, 0x00, 0x11, 0x01, 0x00, 0x10, 0x02, 0x00, 0x00, 0x06, 0x00, 0x11, 0x02, 0x00, 0x00, 0x01,
    0x00, 0x01, 0x06, 0x00, 0x11, 0x01, 0x00, 0x10, 0x02, 0x00, 0x00, 0x08, 0x00, 0x11, 0x01, 0x00,
    0x10, 0x02, 0x00, 0x00, 0x06, 0x00, 0x11, 0x02, 0x00, 0x00, 0x01, 0x00, 0x01, 0x02, 0x00, 0x11,
    0x02, 0x00, 0x00, 0x05, 0x00, 0x11, 0x02, 0x00, 0x00, 0x01, 0x00, 0x01, 0x02, 0x00, 0x11, 0x02,
    0x00, 0x00, 0x01, 0x00, 0x01, 0x03, 0x00, 0x11, 0x01, 0x00, 0x10, 0x01, 0x00, 0x00, 0x01, 0x00,
    0x01, 0x02, 0x00, 0x11, 0x02, 0x00, 0x00, 0x05, 0x00, 0x11, 0x02, 0x00, 0x00, 0x01, 0x00, 0x01,
    0x02, 0x00, 0x11, 0x01, 0x00, 0x10, 0x01, 0x00, 0x00, 0x01, 0x00, 0x01, 0x04, 0x00, 0x11, 0x01,
    0x00, 0x10, 0x01, 0x00, 0x00, 0x01, 0x00, 0x01, 0x01, 0x00, 0x11, 0x01, 0x00, 0x10, 0x02, 0x00,
    0x00, 0x8C, 0x00, 0x11, 0x01, 0x00, 0x10, 0x02, 0x00, 0x00, 0x02, 0x00, 0x11, 0x01, 0x00, 0x10,
    0x02, 0x00, 0x00, 0x05, 0x00, 0x11, 0x02, 0x00, 0x00, 0x03, 0x00, 0x11, 0x02, 0x00, 0x00, 0x04,
    0x00, 0x11, 0x01, 0x00, 0x10, 0x02, 0x00, 0x00, 0x05, 0x00, 0x11, 0x01, 0x00, 0x10, 0x02, 0x00,
    0x00, 0x01, 0x00, 0x11, 0x01, 0x00, 0x10, 0x02, 0x00, 0x00, 0x0B, 0x00, 0x11, 0x02, 0x00, 0x00,
    0x0B, 0x00, 0x11, 0x02, 0x00, 0x00, 0x01, 0x00, 0x01, 0x02, 0x00, 0x11, 0x01, 0x00, 0x10, 0x02,
    0x00, 0x00, 0x06, 0x00, 0x11, 0x02, 0x00, 0x00, 0x01, 0x00, 0x01, 0x06, 0x00, 0x11, 0x01, 0x00,
    0x10, 0x02, 0x00, 0x00, 0x08, 0x00, 0x11, 0x01, 0x00, 0x10, 0x02, 0x00, 0x00, 0x06, 0x00, 0x11,
    0x02, 0x00, 0x00, 0x01, 0x00, 0x01, 0x02, 0x00, 0x11, 0x02, 0x00, 0x00, 0x05, 0x00, 0x11, 0x02,
    0x00, 0x00, 0x01, 0x00, 0x01, 0x02, 0x00, 0x11, 0x02, 0x00, 0x00, 0x01, 0x00, 0x01, 0x03, 0x00,
    0x11, 0x01, 0x00, 0x10, 0x01, 0x00, 0x00, 0x01, 0x00, 0x01, 0x02, 0x00, 0x11, 0x02, 0x00, 0x00,
    0x05, 0x00, 0x11, 0x02, 0x00, 0x00, 0x01, 0x00, 0x01, 0x02, 0x00, 0x11, 0x01, 0x00, 0x10, 0x01,
    0x00, 0x00, 0x01, 0x00, 0x01, 0x04, 0x00, 0x11, 0x01, 0x00, 0x10, 0x01, 0x00, 0x00, 0x01, 0x00,
    0x01, 0x01, 0x00, 0x11, 0x01, 0x00, 0x10, 0x02, 0x00, 0x00, 0x8C, 0x00, 0x11, 0x01, 0x00, 0x10,
    0x02, 0x00, 0x00, 0x02, 0x00, 0x11, 0x01, 0x00, 0x10, 0x01, 0x00, 0x00, 0x01, 0x00, 0x01, 0x05,
    0x00, 0x11, 0x02, 0x00, 0x00, 0x03, 0x00, 0x11, 0x02, 0x00, 0x00, 0x04, 0x00, 0x11, 0x01, 0x00,
    0x10, 0x02, 0x00, 0x00, 0x05, 0x00, 0x11, 0x01, 0x00, 0x10, 0x02, 0x00, 0x00, 0x02, 0x00, 0x11,
    0x02, 0x00, 0x00, 0x0B, 0x00, 0x11, 0x02, 0x00, 0x00, 0x0B, 0x00, 0x11, 0x02, 0x00, 0x00, 0x01,
    0x00, 0x01, 0x02, 0x00, 0x11, 0x01, 0x00, 0x10, 0x02, 0x00, 0x00, 0x06, 0x00, 0x11, 0x02, 0x00,
    0x00, 0x07, 0x00, 0x11, 0x01, 0x00, 0x10, 0x02, 0x00, 0x00, 0x08, 0x00, 0x11, 0x01, 0x00, 0x10,
    0x02, 0x00, 0x00, 0x06, 0x00, 0x11, 0x02, 0x00, 0x00, 0x03, 0x00, 0x11, 0x02, 0x00, 0x00, 0x05,
    0x00, 0x11, 0x02, 0x00, 0x00, 0x01, 0x00, 0x01, 0x02, 0x00, 0x11, 0x02, 0x00, 0x00, 0x01, 0x00,
    0x01, 0x03, 0x00, 0x11, 0x01, 0x00, 0x10, 0x01, 0x00, 0x00, 0x01, 0x00, 0x01, 0x02, 0x00, 0x11,
    0x02, 0x00, 0x00, 0x05, 0x00, 0x11, 0x02, 0x00, 0x00, 0x01, 0x00, 0x01, 0x02, 0x00, 0x11, 0x01,
    0x00, 0x10, 0x01, 0x00, 0x00, 0x01, 0x00, 0x01, 0x04, 0x00, 0x11, 0x01, 0x00, 0x10, 0x01, 0x00,
    0x00, 0x01, 0x00, 0x01, 0x02, 0x00, 0x11, 0x02, 0x00, 0x00, 0x8C, 0x00, 0x11, 0x01, 0x00, 0x10,
    0x02, 0x00, 0x00, 0x02, 0x00, 0x11, 0x01, 0x00, 0x10, 0x01, 0x00, 0x00, 0x01, 0x00, 0x01, 0x05,
    0x00, 0x11, 0x02, 0x00, 0x00, 0x03, 0x00, 0x11, 0x02, 0x00, 0x00, 0x05, 0x00, 0x11, 0x02, 0x00,
    0x00, 0x05, 0x00, 0x11, 0x01, 0x00, 0x10, 0x02, 0x00, 0x00, 0x02, 0x00, 0x11, 0x02, 0x00, 0x00,
    0x0B, 0x00, 0x11, 0x02, 0x00, 0x00, 0x0B, 0x00, 0x11, 0x02, 0x00, 0x00, 0x01, 0x00, 0x01, 0x03,
    0x00, 0x11, 0x02, 0x00, 0x00, 0x06, 0x00, 0x11, 0x02, 0x00, 0x00, 0x08, 0x00, 0x11, 0x02, 0x00,
    0x00, 0x05, 0x00, 0x11, 0x01, 0x00, 0x10, 0x01, 0x00, 0x00, 0x01, 0x00, 0x01, 0x01, 0x00, 0x11,
    0x02, 0x00, 0x00, 0x06, 0x00, 0x11, 0x02, 0x00, 0x00, 0x03, 0x00, 0x11, 0x02, 0x00, 0x00, 0x05,
    0x00, 0x11, 0x02, 0x00, 0x00, 0x01, 0x00, 0x01, 0x02, 0x00, 0x11, 0x02, 0x00, 0x00, 0x01, 0x00,
    0x01, 0x03, 0x00, 0x11, 0x01, 0x00, 0x10, 0x01, 0x00, 0x00, 0x01, 0x00, 0x01, 0x02, 0x00, 0x11,
    0x02, 0x00, 0x00, 0x05, 0x00, 0x11, 0x02, 0x00, 0x00, 0x01, 0x00, 0x01, 0x02, 0x00, 0x11, 0x01,
    0x00, 0x10, 0x01, 0x00, 0x00, 0x01, 0x00, 0x01, 0x04, 0x00, 0x11, 0x01, 0x00, 0x10, 0x01, 0x00,
    0x00, 0x01, 0x00, 0x01, 0x02, 0x00, 0x11, 0x02, 0x00, 0x00, 0x8C, 0x00, 0x11, 0x01, 0x00, 0x10,
    0x02, 0x00, 0x00, 0x02, 0x00, 0x11, 0x01, 0x00, 0x10, 0x01, 0x00, 0x00, 0x01, 0x00, 0x01, 0x05,
    0x00, 0x11, 0x02, 0x00, 0x00, 0x03, 0x00, 0x11, 0x02, 0x00, 0x00, 0x05, 0x00, 0x11, 0x02, 0x00,
    0x00, 0x05, 0x00, 0x11, 0x03, 0x00, 0x00, 0x02, 0x00, 0x11, 0x02, 0x00, 0x00, 0x01, 0x00, 0x01,
    0x05, 0x00, 0x11, 0x02, 0x00, 0x00, 0x03, 0x00, 0x11, 0x02, 0x00, 0x00, 0x0B, 0x00, 0x11, 0x02,
    0x00, 0x00, 0x01, 0x00, 0x01, 0x03, 0x00, 0x11, 0x02, 0x00, 0x00, 0x05, 0x00, 0x11, 0x01, 0x00,
    0x10, 0x02, 0x00, 0x00, 0x08, 0x00, 0x11, 0x02, 0x00, 0x00, 0x05, 0x00, 0x11, 0x01, 0x00, 0x10,
    0x01, 0x00, 0x00, 0x01, 0x00, 0x01, 0x01, 0x00, 0x11, 0x02, 0x00, 0x00, 0x05, 0x00, 0x11, 0x01,
    0x00, 0x10, 0x02, 0x00, 0x00, 0x03, 0x00, 0x11, 0x02, 0x00, 0x00, 0x05, 0x00, 0x11, 0x02, 0x00,
    0x00, 0x01, 0x00, 0x01, 0x02, 0x00, 0x11, 0x02, 0x00, 0x00, 0x01, 0x00, 0x01, 0x03, 0x00, 0x11,
    0x01, 0x00, 0x10, 0x01, 0x00, 0x00, 0x01, 0x00, 0x01, 0x02, 0x00, 0x11, 0x02, 0x00, 0x00, 0x05,
    0x00, 0x11, 0x02, 0x00, 0x00, 0x01, 0x00, 0x01, 0x02, 0x00, 0x11, 0x01, 0x00, 0x10, 0x01, 0x00,
    0x00, 0x01, 0x00, 0x01, 0x04, 0x00, 0x11, 0x01, 0x00, 0x10, 0x01, 0x00, 0x00, 0x01, 0x00, 0x01,
    0x02, 0x00, 0x11, 0x02, 0x00, 0x00, 0x01, 0x00, 0x01, 0x05, 0x00, 0x11, 0x02, 0x00, 0x00, 0x84,
    0x00, 0x11, 0x01, 0x00, 0x10, 0x02, 0x00, 0x00, 0x02, 0x00, 0x11, 0x01, 0x00, 0x10, 0x01, 0x00,
    0x00, 0x01, 0x00, 0x01, 0x04, 0x00, 0x11, 0x01, 0x00, 0x10, 0x02, 0x00, 0x00, 0x03, 0x00, 0x11,
    0x02, 0x00, 0x00, 0x05, 0x00, 0x11, 0x02, 0x00, 0x00, 0x01, 0x00, 0x01, 0x04, 0x00, 0x11, 0x03,
    0x00, 0x00, 0x02, 0x00, 0x11, 0x02, 0x00, 0x00, 0x01, 0x00, 0x01, 0x05, 0x00, 0x11, 0x02, 0x00,
    0x00, 0x03, 0x00, 0x11, 0x02, 0x00, 0x00, 0x0B, 0x00, 0x11, 0x02, 0x00, 0x00, 0x01, 0x00, 0x01,
    0x03, 0x00, 0x11, 0x02, 0x00, 0x00, 0x01, 0x00, 0x01, 0x04, 0x00, 0x11, 0x01, 0x00, 0x10, 0x02,
    0x00, 0x00, 0x08, 0x00, 0x11, 0x02, 0x00, 0x00, 0x01, 0x00, 0x01, 0x04, 0x00, 0x11, 0x02, 0x00,
    0x00, 0x01, 0x00, 0x01, 0x01, 0x00, 0x11, 0x02, 0x00, 0x00, 0x01, 0x00, 0x01, 0x04, 0x00, 0x11,
    0x01, 0x00, 0x10, 0x02, 0x00, 0x00, 0x03, 0x00, 0x11, 0x02, 0x00, 0x00, 0x05, 0x00, 0x11, 0x02,
    0x00, 0x00, 0x01, 0x00, 0x01, 0x02, 0x00, 0x11, 0x02, 0x00, 0x00, 0x01, 0x00, 0x01, 0x03, 0x00,
    0x11, 0x01, 0x00, 0x10, 0x01, 0x00, 0x00, 0x01, 0x00, 0x01, 0x02, 0x00, 0x11, 0x02, 0x00, 0x00,
    0x05, 0x00, 0x11, 0x02, 0x00, 0x00, 0x01, 0x00, 0x01, 0x02, 0x00, 0x11, 0x01, 0x00, 0x10, 0x01,
    0x00, 0x00, 0x01, 0x00, 0x01, 0x04, 0x00, 0x11, 0x02, 0x00, 0x00, 0x01, 0x00, 0x01, 0x02, 0x00,
    0x11, 0x02, 0x00, 0x00, 0x01, 0x00, 0x01, 0x05, 0x00, 0x11, 0x02, 0x00, 0x00, 0x84, 0x00, 0x11,
    0x01, 0x00, 0x10, 0x02, 0x00, 0x00, 0x02, 0x00, 0x11, 0x01, 0x00, 0x10, 0x01, 0x00, 0x00, 0x01,
    0x00, 0x01, 0x04, 0x00, 0x11, 0x03, 0x00, 0x00, 0x03, 0x00, 0x11, 0x02, 0x00, 0x00, 0x05, 0x00,
    0x11, 0x01, 0x00, 0x10, 0x02, 0x00, 0x00, 0x03, 0x00, 0x11, 0x01, 0x00, 0x10, 0x03, 0x00, 0x00,
    0x02, 0x00, 0x11, 0x01, 0x00, 0x10, 0x02, 0x00, 0x00, 0x04, 0x00, 0x11, 0x01, 0x00, 0x10, 0x02,
    0x00, 0x00, 0x03, 0x00, 0x11, 0x02, 0x00, 0x00, 0x0B, 0x00, 0x11, 0x02, 0x00, 0x00, 0x01, 0x00,
    0x01, 0x03, 0x00, 0x11, 0x01, 0x00, 0x10, 0x01, 0x00, 0x00, 0x01, 0x00, 0x01, 0x04, 0x00, 0x11,
    0x01, 0x00, 0x10, 0x01, 0x00, 0x00, 0x01, 0x00, 0x01, 0x08, 0x00, 0x11, 0x01, 0x00, 0x10, 0x01,
    0x00, 0x00, 0x01, 0x00, 0x01, 0x04, 0x00, 0x11, 0x02, 0x00, 0x00, 0x02, 0x00, 0x11, 0x01, 0x00,
    0x10, 0x01, 0x00, 0x00, 0x01, 0x00, 0x01, 0x04, 0x00, 0x11, 0x01, 0x00, 0x10, 0x01, 0x00, 0x00,
    0x01, 0x00, 0x01, 0x03, 0x00, 0x11, 0x02, 0x00, 0x00, 0x05, 0x00, 0x11, 0x02, 0x00, 0x00, 0x01,
    0x00, 0x01, 0x02, 0x00, 0x11, 0x02, 0x00, 0x00, 0x01, 0x00, 0x01, 0x03, 0x00, 0x11, 0x01, 0x00,
    0x10, 0x01, 0x00, 0x00, 0x01, 0x00, 0x01, 0x02, 0x00, 0x11, 0x02, 0x00, 0x00, 0x05, 0x00, 0x11,
    0x02, 0x00, 0x00, 0x01, 0x00, 0x01, 0x02, 0x00, 0x11, 0x01, 0x00, 0x10, 0x01, 0x00, 0x00, 0x01,
    0x00, 0x01, 0x04, 0x00, 0x11, 0x02, 0x00, 0x00, 0x01, 0x00, 0x01, 0x02, 0x00, 0x11, 0x01, 0x00,
    0x10, 0x02, 0x00, 0x00, 0x04, 0x00, 0x11, 0x01, 0x00, 0x10, 0x02, 0x00, 0x00, 0x84, 0x00, 0x11,
    0x01, 0x00, 0x10, 0x02, 0x00, 0x00, 0x02, 0x00, 0x11, 0x01, 0x00, 0x10, 0x02, 0x00, 0x00, 0x03,
    0x00, 0x11, 0x01, 0x00, 0x10, 0x03, 0x00, 0x00, 0x03, 0x00, 0x11, 0x02, 0x00, 0x00, 0x05, 0x00,
    0x11, 0x01, 0x00, 0x10, 0x02, 0x00, 0x00, 0x01, 0x00, 0x01, 0x01, 0x00, 0x11, 0x01, 0x00, 0x10,
    0x04, 0x00, 0x00, 0x02, 0x00, 0x11, 0x01, 0x00, 0x10, 0x02, 0x00, 0x00, 0x04, 0x00, 0x11, 0x02,
    0x00, 0x00, 0x01, 0x00, 0x01, 0x03, 0x00, 0x11, 0x02, 0x00, 0x00, 0x0B, 0x00, 0x11, 0x01, 0x00,
    0x10, 0x01, 0x00, 0x00, 0x01, 0x00, 0x01, 0x03, 0x00, 0x11, 0x01, 0x00, 0x10, 0x02, 0x00, 0x00,
    0x04, 0x00, 0x11, 0x02, 0x00, 0x00, 0x01, 0x00, 0x01, 0x08, 0x00, 0x11, 0x01, 0x00, 0x10, 0x02,
    0x00, 0x00, 0x03, 0x00, 0x11, 0x01, 0x00, 0x10, 0x02, 0x00, 0x00, 0x02, 0x00, 0x11, 0x01, 0x00,
    0x10, 0x02, 0x00, 0x00, 0x04, 0x00, 0x11, 0x02, 0x00, 0x00, 0x01, 0x00, 0x01, 0x03, 0x00, 0x11,
    0x02, 0x00, 0x00, 0x05, 0x00, 0x11, 0x02, 0x00, 0x00, 0x01, 0x00, 0x01, 0x02, 0x00, 0x11, 0x01,
    0x00, 0x10, 0x01, 0x00, 0x00, 0x01, 0x00, 0x01, 0x03, 0x00, 0x11, 0x01, 0x00, 0x10, 0x01, 0x00,
    0x00, 0x01, 0x00, 0x01, 0x02, 0x00, 0x11, 0x02, 0x00, 0x00, 0x05, 0x00, 0x11, 0x02, 0x00, 0x00,
    0x01, 0x00, 0x01, 0x02, 0x00, 0x11, 0x01, 0x00, 0x10, 0x02, 0x00, 0x00, 0x03, 0x00, 0x11, 0x01,
    0x00, 0x10, 0x02, 0x00, 0x00, 0x01, 0x00, 0x01, 0x02, 0x00, 0x11, 0x01, 0x00, 0x10, 0x02, 0x00,
    0x00, 0x04, 0x00, 0x11, 0x02, 0x00, 0x00, 0x01, 0x00, 0x01, 0x84, 0x00, 0x11, 0x01, 0x00, 0x10,
    0x02, 0x00, 0x00, 0x03, 0x00, 0x11, 0x02, 0x00, 0x00, 0x01, 0x00, 0x01, 0x01, 0x00, 0x11, 0x01,
    0x00, 0x10, 0x04, 0x00, 0x00, 0x03, 0x00, 0x11, 0x02, 0x00, 0x00, 0x06, 0x00, 0x11, 0x09, 0x00,
    0x00, 0x03, 0x00, 0x11, 0x03, 0x00, 0x00, 0x02, 0x00, 0x11, 0x03, 0x00, 0x00, 0x04, 0x00, 0x11,
    0x02, 0x00, 0x00, 0x0B, 0x00, 0x11, 0x01, 0x00, 0x10, 0x03, 0x00, 0x00, 0x03, 0x00, 0x11, 0x03,
    0x00, 0x00, 0x02, 0x00, 0x11, 0x03, 0x00, 0x00, 0x0A, 0x00, 0x11, 0x03, 0x00, 0x00, 0x01, 0x00,
    0x11, 0x01, 0x00, 0x10, 0x02, 0x00, 0x00, 0x01, 0x00, 0x01, 0x03, 0x00, 0x11, 0x03, 0x00, 0x00,
    0x02, 0x00, 0x11, 0x03, 0x00, 0x00, 0x04, 0x00, 0x11, 0x02, 0x00, 0x00, 0x05, 0x00, 0x11, 0x02,
    0x00, 0x00, 0x01, 0x00, 0x01, 0x02, 0x00, 0x11, 0x01, 0x00, 0x10, 0x03, 0x00, 0x00, 0x02, 0x00,
    0x11, 0x01, 0x00, 0x10, 0x01, 0x00, 0x00, 0x01, 0x00, 0x01, 0x02, 0x00, 0x11, 0x02, 0x00, 0x00,
    0x05, 0x00, 0x11, 0x02, 0x00, 0x00, 0x01, 0x00, 0x01, 0x03, 0x00, 0x11, 0x02, 0x00, 0x00, 0x01,
    0x00, 0x01, 0x01, 0x00, 0x11, 0x01, 0x00, 0x10, 0x03, 0x00, 0x00, 0x01, 0x00, 0x01, 0x03, 0x00,
    0x11, 0x03, 0x00, 0x00, 0x02, 0x00, 0x11, 0x03, 0x00, 0x00, 0x85, 0x00, 0x11, 0x01, 0x00, 0x10,
    0x02, 0x00, 0x00, 0x03, 0x00, 0x11, 0x0A, 0x00, 0x00, 0x01, 0x00, 0x01, 0x01, 0x00, 0x11, 0x02,
    0x00, 0x00, 0x06, 0x00, 0x11, 0x01, 0x00, 0x10, 0x05, 0x00, 0x00, 0x01, 0x00, 0x11, 0x02, 0x00,
    0x00, 0x03, 0x00, 0x11, 0x01, 0x00, 0x10, 0x06, 0x00, 0x00, 0x01, 0x00, 0x01, 0x04, 0x00, 0x11,
    0x02, 0x00, 0x00, 0x0B, 0x00, 0x11, 0x01, 0x00, 0x10, 0x03, 0x00, 0x00, 0x03, 0x00, 0x11, 0x01,
    0x00, 0x10, 0x06, 0x00, 0x00, 0x01, 0x00, 0x01, 0x0A, 0x00, 0x11, 0x01, 0x00, 0x10, 0x06, 0x00,
    0x00, 0x04, 0x00, 0x11, 0x01, 0x00, 0x10, 0x06, 0x00, 0x00, 0x01, 0x00, 0x01, 0x04, 0x00, 0x11,
    0x02, 0x00, 0x00, 0x05, 0x00, 0x11, 0x02, 0x00, 0x00, 0x01, 0x00, 0x01, 0x02, 0x00, 0x11, 0x01,
    0x00, 0x10, 0x03, 0x00, 0x00, 0x02, 0x00, 0x11, 0x01, 0x00, 0x10, 0x01, 0x00, 0x00, 0x01, 0x00,
    0x01, 0x02, 0x00, 0x11, 0x02, 0x00, 0x00, 0x05, 0x00, 0x11, 0x02, 0x00, 0x00, 0x01, 0x00, 0x01,
    0x03, 0x00, 0x11, 0x08, 0x00, 0x00, 0x01, 0x00, 0x01, 0x03, 0x00, 0x11, 0x01, 0x00, 0x10, 0x06,
    0x00, 0x00, 0x01, 0x00, 0x01, 0x85, 0x00, 0x11, 0x01, 0x00, 0x10, 0x02, 0x00, 0x00, 0x03, 0x00,
    0x11, 0x01, 0x00, 0x10, 0x05, 0x00, 0x00, 0x01, 0x00, 0x11, 0x01, 0x00, 0x10, 0x02, 0x00, 0x00,
    0x01, 0x00, 0x01, 0x01, 0x00, 0x11, 0x02, 0x00, 0x00, 0x07, 0x00, 0x11, 0x01, 0x00, 0x10, 0x03,
    0x00, 0x00, 0x01, 0x00, 0x01, 0x01, 0x00, 0x11, 0x02, 0x00, 0x00, 0x04, 0x00, 0x11, 0x06, 0x00,
    0x00, 0x05, 0x00, 0x11, 0x02, 0x00, 0x00, 0x0C, 0x00, 0x11, 0x03, 0x00, 0x00, 0x04, 0x00, 0x11,
    0x06, 0x00, 0x00, 0x0C, 0x00, 0x11, 0x05, 0x00, 0x00, 0x01, 0x00, 0x01, 0x05, 0x00, 0x11, 0x06,
    0x00, 0x00, 0x05, 0x00, 0x11, 0x02, 0x00, 0x00, 0x05, 0x00, 0x11, 0x02, 0x00, 0x00, 0x01, 0x00,
    0x01, 0x03, 0x00, 0x11, 0x03, 0x00, 0x00, 0x02, 0x00, 0x11, 0x01, 0x00, 0x10, 0x01, 0x00, 0x00,
    0x01, 0x00, 0x01, 0x02, 0x00, 0x11, 0x02, 0x00, 0x00, 0x05, 0x00, 0x11, 0x02, 0x00, 0x00, 0x01,
    0x00, 0x01, 0x03, 0x00, 0x11, 0x01, 0x00, 0x10, 0x05, 0x00, 0x00, 0x01, 0x00, 0x10, 0x01, 0x00,
    0x00, 0x01, 0x00, 0x01, 0x04, 0x00, 0x11, 0x06, 0x00, 0x00, 0x8D, 0x00, 0x11, 0x01, 0x00, 0x10,
    0x03, 0x00, 0x00, 0x03, 0x00, 0x11, 0x02, 0x00, 0x00, 0x01, 0x00, 0x01, 0x0F, 0x00, 0x11, 0x01,
    0x00, 0x10, 0x02, 0x00, 0x00, 0x05, 0x00, 0x11, 0x04, 0x00, 0x00, 0x1C, 0x00, 0x11, 0x04, 0x00,
    0x00, 0x0E, 0x00, 0x11, 0x03, 0x00, 0x00, 0x01, 0x00, 0x01, 0x07, 0x00, 0x11, 0x04, 0x00, 0x00,
    0x2B, 0x00, 0x11, 0x01, 0x00, 0x10, 0x03, 0x00, 0x00, 0x09, 0x00, 0x11, 0x04, 0x00, 0x00, 0xA7,
    0x00, 0x11, 0x01, 0x00, 0x10, 0x01, 0x00, 0x00, 0x01, 0x00, 0x01, 0x29, 0x01, 0x11, 0x01, 0x00,
    0x10, 0x01, 0x00, 0x00, 0x01, 0x00, 0x01, 0x22, 0x01, 0x11, 0x02, 0x00, 0x00, 0x05, 0x00, 0x11,
    0x01, 0x00, 0x10, 0x01, 0x00, 0x00, 0x01, 0x00, 0x01, 0x22, 0x01, 0x11, 0x02, 0x00, 0x00, 0x01,
    0x00, 0x01, 0x04, 0x00, 0x11, 0x02, 0x00, 0x00, 0x01, 0x00, 0x01, 0x22, 0x01, 0x11, 0x02, 0x00,
    0x00, 0x01, 0x00, 0x01, 0x03, 0x00, 0x11, 0x01, 0x00, 0x10, 0x02, 0x00, 0x00, 0x23, 0x01, 0x11,
    0x01, 0x00, 0x10, 0x02, 0x00, 0x00, 0x01, 0x00, 0x01, 0x01, 0x00, 0x11, 0x01, 0x00, 0x10, 0x03,
    0x00, 0x00, 0x24, 0x01, 0x11, 0x07, 0x00, 0x00, 0x01, 0x00, 0x01, 0x24, 0x01, 0x11, 0x01, 0x00,
    0x10, 0x05, 0x00, 0x00, 0x01, 0x00, 0x01, 0x26, 0x01, 0x11, 0x01, 0x00, 0x10, 0x04, 0x00, 0x00,
    0xFF, 0xFF, 0x11, 0xFE, 0x92, 0x11
};

const size_t LOW_BATTERY_LANDSCAPE_RLE_SIZE = 24027;
const uint8_t LOW_BATTERY_LANDSCAPE_RLE_DATA[] PROGMEM = {
    0xFF, 0xFF, 0x11, 0xFF, 0xFF, 0x11, 0x76, 0x3D, 0x11, 0x01, 0x00, 0x10, 0x0E, 0x00, 0x00, 0x1D,
    0x01, 0x11, 0x01, 0x00, 0x10, 0x0E, 0x00, 0x00, 0x1D, 0x01, 0x11, 0x01, 0x00, 0x10, 0x0E, 0x00,
    0x00, 0x1D, 0x01, 0x11, 0x01, 0x00, 0x10, 0x0E, 0x00, 0x00, 0x1D, 0x01, 0x11, 0x01, 0x00, 0x10,
    0x0E, 0x00, 0x00, 0x24, 0x01, 0x11, 0x01, 0x00, 0x00, 0x01, 0x00, 0x01, 0x04, 0x00, 0x11, 0x01,
    0x00, 0x10, 0x01, 0x00, 0x00, 0x24, 0x01, 0x11, 0x01, 0x00, 0x00, 0x01, 0x00, 0x01, 0x04, 0x00,
    0x11, 0x01, 0x00, 0x10, 0x01, 0x00, 0x00, 0x24, 0x01, 0x11, 0x01, 0x00, 0x00, 0x01, 0x00, 0x01,
    0x04, 0x00, 0x11, 0x01, 0x00, 0x10, 0x01, 0x00, 0x00, 0x24, 0x01, 0x11, 0x01, 0x00, 0x00, 0x01,
    0x00, 0x01, 0x04, 0x00, 0x11, 0x01, 0x00, 0x10, 0x01, 0x00, 0x00, 0x24, 0x01, 0x11, 0x01, 0x00,
    0x00, 0x01, 0x00, 0x01, 0x04, 0x00, 0x11, 0x01, 0x00, 0x10, 0x01, 0x00, 0x00, 0x24, 0x01, 0x11,
    0x01, 0x00, 0x00, 0x01, 0x00, 0x01, 0x04, 0x00, 0x11, 0x01, 0x00, 0x10, 0x01, 0x00, 0x00, 0x24,
    0x01, 0x11, 0x01, 0x00, 0x00, 0x01, 0x00, 0x01, 0x04, 0x00, 0x11, 0x01, 0x00, 0x10, 0x01, 0x00,
    0x00, 0x24, 0x01, 0x11, 0x01, 0x00, 0x00, 0x01, 0x00, 0x01, 0x04, 0x00, 0x11, 0x01, 0x00, 0x10,
    0x01, 0x00, 0x00, 0x24, 0x01, 0x11, 0x01, 0x00, 0x00, 0x01, 0x00, 0x01, 0x04, 0x00, 0x11, 0x01,
    0x00, 0x10, 0x01, 0x00, 0x00, 0x24, 0x01, 0x11, 0x02, 0x00, 0x00, 0x04, 0x00, 0x11, 0x01, 0x00,
    0x10, 0x01, 0x00, 0x00, 0x24, 0x01, 0x11, 0x02, 0x00, 0x00, 0x04, 0x00, 0x11, 0x02, 0x00, 0x00,
    0x24, 0x01, 0x11, 0x02, 0x00, 0x00, 0x01, 0x00, 0x01, 0x03, 0x00, 0x11, 0x02, 0x00, 0x00, 0x24,
    0x01, 0x11, 0x01, 0x00, 0x10, 0x02, 0x00, 0x00, 0x02, 0x00, 0x11, 0x02, 0x00, 0x00, 0x01, 0x00,
    0x01, 0x24, 0x01, 0x11, 0x01, 0x00, 0x10, 0x06, 0x00, 0x00, 0x01, 0x00, 0x01, 0x25, 0x01, 0x11,
    0x06, 0x00, 0x00, 0x26, 0x01, 0x11, 0x01, 0x00, 0x10, 0x04, 0x00, 0x00, 0x01, 0x00, 0x01, 0x27,
    0x01, 0x11, 0x01, 0x00, 0x10, 0x02, 0x00, 0x00, 0x01, 0x00, 0x01, 0xCF, 0x05, 0x11, 0x01, 0x00,
    0x10, 0x0E, 0x00, 0x00, 0x1D, 0x01, 0x11, 0x01, 0x00, 0x10, 0x0E, 0x00, 0x00, 0x1D, 0x01, 0x11,
    0x01, 0x00, 0x10, 0x0E, 0x00, 0x00, 0x1D, 0x01, 0x11, 0x01, 0x00, 0x10, 0x0E, 0x00, 0x00, 0xD1,
    0x05, 0x11, 0x03, 0x00, 0x00, 0x1C, 0x00, 0x11, 0x1D, 0x00, 0x00, 0xEE, 0x00, 0x11, 0x01, 0x00,
    0x10, 0x05, 0x00, 0x00, 0x01, 0x00, 0x01, 0x1A, 0x00, 0x11, 0x1D, 0x00, 0x00, 0xEE, 0x00, 0x11,
    0x07, 0x00, 0x00, 0x01, 0x00, 0x01, 0x19, 0x00, 0x11, 0x1D, 0x00, 0x00, 0xED, 0x00, 0x11, 0x09,
    0x00, 0x00, 0x19, 0x00, 0x11, 0x1D, 0x00, 0x00, 0xED, 0x00, 0x11, 0x03, 0x00, 0x00, 0x01, 0x00,
    0x01, 0x05, 0x00, 0x00, 0x01, 0x00, 0x01, 0x18, 0x00, 0x11, 0x1D, 0x00, 0x00, 0xEC, 0x00, 0x11,
    0x01, 0x00, 0x10, 0x02, 0x00, 0x00, 0x02, 0x00, 0x11, 0x01, 0x00, 0x00, 0x01, 0x00, 0x01, 0x01,
    0x00, 0x11, 0x01, 0x00, 0x10, 0x02, 0x00, 0x00, 0x18, 0x00, 0x11, 0x1D, 0x00, 0x00, 0xEC, 0x00,
    0x11, 0x02, 0x00, 0x00, 0x03, 0x00, 0x11, 0x01, 0x00, 0x00, 0x01, 0x00, 0x01, 0x02, 0x00, 0x11,
    0x02, 0x00, 0x00, 0x18, 0x00, 0x11, 0x1D, 0x00, 0x00, 0xEC, 0x00, 0x11, 0x02, 0x00, 0x00, 0x03,
    0x00, 0x11, 0x01, 0x00, 0x00, 0x01, 0x00, 0x01, 0x02, 0x00, 0x11, 0x01, 0x00, 0x10, 0x01, 0x00,
    0x00, 0x01, 0x00, 0x01, 0x17, 0x00, 0x11, 0x1D, 0x00, 0x00, 0xEC, 0x00, 0x11, 0x01, 0x00, 0x00,
    0x01, 0x00, 0x01, 0x03, 0x00, 0x11, 0x01, 0x00, 0x00, 0x01, 0x00, 0x01, 0x03, 0x00, 0x11, 0x01,
    0x00, 0x00, 0x01, 0x00, 0x01, 0x17, 0x00, 0x11, 0x03, 0x00, 0x00, 0x01, 0x00, 0x01, 0x05, 0x01,
    0x11, 0x01, 0x00, 0x00, 0x01, 0x00, 0x01, 0x03, 0x00, 0x11, 0x01, 0x00, 0x00, 0x01, 0x00, 0x01,
    0x03, 0x00, 0x11, 0x01, 0x00, 0x00, 0x01, 0x00, 0x01, 0x17, 0x00, 0x11, 0x03, 0x00, 0x00, 0x01,
    0x00, 0x01, 0x05, 0x01, 0x11, 0x01, 0x00, 0x00, 0x01, 0x00, 0x01, 0x03, 0x00, 0x11, 0x01, 0x00,
    0x00, 0x01, 0x00, 0x01, 0x03, 0x00, 0x11, 0x01, 0x00, 0x00, 0x01, 0x00, 0x01, 0x17, 0x00, 0x11,
    0x03, 0x00, 0x00, 0x01, 0x00, 0x01, 0x05, 0x01, 0x11, 0x01, 0x00, 0x00, 0x01, 0x00, 0x01, 0x03,
    0x00, 0x11, 0x01, 0x00, 0x00, 0x01, 0x00, 0x01, 0x03, 0x00, 0x11, 0x01, 0x00, 0x00, 0x01, 0x00,
    0x01, 0x17, 0x00, 0x11, 0x03, 0x00, 0x00, 0x01, 0x00, 0x01, 0x05, 0x01, 0x11, 0x02, 0x00, 0x00,
    0x03, 0x00, 0x11, 0x01, 0x00, 0x00, 0x01, 0x00, 0x01, 0x02, 0x00, 0x11, 0x01, 0x00, 0x10, 0x01,
    0x00, 0x00, 0x01, 0x00, 0x01, 0x17, 0x00, 0x11, 0x03, 0x00, 0x00, 0x01, 0x00, 0x01, 0x05, 0x01,
    0x11, 0x02, 0x00, 0x00, 0x03, 0x00, 0x11, 0x01, 0x00, 0x00, 0x01, 0x00, 0x01, 0x02, 0x00, 0x11,
    0x01, 0x00, 0x10, 0x01, 0x00, 0x00, 0x01, 0x00, 0x01, 0x17, 0x00, 0x11, 0x03, 0x00, 0x00, 0x01,
    0x00, 0x01, 0x05, 0x01, 0x11, 0x01, 0x00, 0x10, 0x01, 0x00, 0x00, 0x01, 0x00, 0x01, 0x02, 0x00,
    0x11, 0x01, 0x00, 0x00, 0x01, 0x00, 0x01, 0x01, 0x00, 0x11, 0x01, 0x00, 0x10, 0x02, 0x00, 0x00,
    0x18, 0x00, 0x11, 0x03, 0x00, 0x00, 0x01, 0x00, 0x01, 0x05, 0x01, 0x11, 0x01, 0x00, 0x10, 0x02,
    0x00, 0x00, 0x01, 0x00, 0x01, 0x01, 0x00, 0x11, 0x01, 0x00, 0x00, 0x01, 0x00, 0x01, 0x03, 0x00,
    0x00, 0x01, 0x00, 0x01, 0x18, 0x00, 0x11, 0x03, 0x00, 0x00, 0x01, 0x00, 0x01, 0x06, 0x01, 0x11,
    0x02, 0x00, 0x00, 0x01, 0x00, 0x01, 0x01, 0x00, 0x11, 0x05, 0x00, 0x00, 0x01, 0x00, 0x01, 0x18,
    0x00, 0x11, 0x03, 0x00, 0x00, 0x01, 0x00, 0x01, 0x06, 0x01, 0x11, 0x01, 0x00, 0x10, 0x01, 0x00,
    0x00, 0x01, 0x00, 0x01, 0x01, 0x00, 0x11, 0x05, 0x00, 0x00, 0x19, 0x00, 0x11, 0x03, 0x00, 0x00,
    0x01, 0x00, 0x01, 0x07, 0x01, 0x11, 0x01, 0x00, 0x10, 0x01, 0x00, 0x01, 0x01, 0x00, 0x11, 0x04,
    0x00, 0x00, 0x1A, 0x00, 0x11, 0x03, 0x00, 0x00, 0x01, 0x00, 0x01, 0x0A, 0x01, 0x11, 0x02, 0x00,
    0x00, 0x1C, 0x00, 0x11, 0x03, 0x00, 0x00, 0x01, 0x00, 0x01, 0x28, 0x01, 0x11, 0x03, 0x00, 0x00,
    0x01, 0x00, 0x01, 0x28, 0x01, 0x11, 0x03, 0x00, 0x00, 0x01, 0x00, 0x01, 0x07, 0x01, 0x11, 0x01,
    0x00, 0x10, 0x01, 0x00, 0x00, 0x1F, 0x00, 0x11, 0x03, 0x00, 0x00, 0x01, 0x00, 0x01, 0x06, 0x01,
    0x11, 0x01, 0x00, 0x10, 0x03, 0x00, 0x00, 0x1E, 0x00, 0x11, 0x03, 0x00, 0x00, 0x01, 0x00, 0x01,
    0x06, 0x01, 0x11, 0x04, 0x00, 0x00, 0x01, 0x00, 0x01, 0x02, 0x00, 0x11, 0x02, 0x00, 0x00, 0x19,
    0x00, 0x11, 0x03, 0x00, 0x00, 0x01, 0x00, 0x01, 0x05, 0x01, 0x11, 0x01, 0x00, 0x10, 0x05, 0x00,
    0x00, 0x02, 0x00, 0x11, 0x02, 0x00, 0x00, 0x01, 0x00, 0x01, 0x18, 0x00, 0x11, 0x03, 0x00, 0x00,
    0x01, 0x00, 0x01, 0x05, 0x01, 0x11, 0x06, 0x00, 0x00, 0x01, 0x00, 0x01, 0x01, 0x00, 0x11, 0x03,
    0x00, 0x00, 0x18, 0x00, 0x11, 0x03, 0x00, 0x00, 0x01, 0x00, 0x01, 0x05, 0x01, 0x11, 0x02, 0x00,
    0x00, 0x02, 0x00, 0x11, 0x01, 0x00, 0x10, 0x01, 0x00, 0x00, 0x01, 0x00, 0x01, 0x01, 0x00, 0x11,
    0x01, 0x00, 0x10, 0x02, 0x00, 0x00, 0x18, 0x00, 0x11, 0x03, 0x00, 0x00, 0x01, 0x00, 0x01, 0x05,
    0x01, 0x11, 0x02, 0x00, 0x00, 0x03, 0x00, 0x11, 0x01, 0x00, 0x00, 0x01, 0x00, 0x01, 0x02, 0x00,
    0x11, 0x01, 0x00, 0x10, 0x01, 0x00, 0x00, 0x01, 0x00, 0x01, 0x17, 0x00, 0x11, 0x03, 0x00, 0x00,
    0x01, 0x00, 0x01, 0x05, 0x01, 0x11, 0x01, 0x00, 0x00, 0x01, 0x00, 0x01, 0x03, 0x00, 0x11, 0x02,
    0x00, 0x00, 0x02, 0x00, 0x11, 0x01, 0x00, 0x10, 0x01, 0x00, 0x00, 0x01, 0x00, 0x01, 0x17, 0x00,
    0x11, 0x03, 0x00, 0x00, 0x01, 0x00, 0x01, 0x05, 0x01, 0x11, 0x01, 0x00, 0x00, 0x01, 0x00, 0x01,
    0x03, 0x00, 0x11, 0x02, 0x00, 0x00, 0x03, 0x00, 0x11, 0x01, 0x00, 0x00, 0x01, 0x00, 0x01, 0x17,
    0x00, 0x11, 0x03, 0x00, 0x00, 0x01, 0x00, 0x01, 0x05, 0x01, 0x11, 0x01, 0x00, 0x00, 0x01, 0x00,
    0x01, 0x03, 0x00, 0x11, 0x02, 0x00, 0x00, 0x03, 0x00, 0x11, 0x01, 0x00, 0x00, 0x01, 0x00, 0x01,
    0x17, 0x00, 0x11, 0x03, 0x00, 0x00, 0x01, 0x00, 0x01, 0x05, 0x01, 0x11, 0x02, 0x00, 0x00, 0x03,
    0x00, 0x11, 0x01, 0x00, 0x10, 0x01, 0x00, 0x00, 0x03, 0x00, 0x11, 0x01, 0x00, 0x00, 0x01, 0x00,
    0x01, 0x17, 0x00, 0x11, 0x03, 0x00, 0x00, 0x01, 0x00, 0x01, 0x05, 0x01, 0x11, 0x01, 0x00, 0x10,
    0x01, 0x00, 0x00, 0x03, 0x00, 0x11, 0x01, 0x00, 0x10, 0x01, 0x00, 0x00, 0x03, 0x00, 0x11, 0x01,
    0x00, 0x00, 0x01, 0x00, 0x01, 0x17, 0x00, 0x11, 0x03, 0x00, 0x00, 0x01, 0x00, 0x01, 0x05, 0x01,
    0x11, 0x01, 0x00, 0x10, 0x01, 0x00, 0x00, 0x01, 0x00, 0x01, 0x02, 0x00, 0x11, 0x01, 0x00, 0x10,
    0x01, 0x00, 0x00, 0x02, 0x00, 0x11, 0x01, 0x00, 0x10, 0x01, 0x00, 0x00, 0x01, 0x00, 0x01, 0x17,
    0x00, 0x11, 0x03, 0x00, 0x00, 0x01, 0x00, 0x01, 0x06, 0x01, 0x11, 0x02, 0x00, 0x00, 0x02, 0x00,
    0x11, 0x01, 0x00, 0x10, 0x01, 0x00, 0x00, 0x02, 0x00, 0x11, 0x01, 0x00, 0x10, 0x01, 0x00, 0x00,
    0x01, 0x00, 0x01, 0x17, 0x00, 0x11, 0x03, 0x00, 0x00, 0x01, 0x00, 0x01, 0x06, 0x01, 0x11, 0x01,
    0x00, 0x10, 0x09, 0x00, 0x00, 0x18, 0x00, 0x11, 0x03, 0x00, 0x00, 0x01, 0x00, 0x01, 0x05, 0x01,
    0x11, 0x01, 0x00, 0x10, 0x0A, 0x00, 0x00, 0x21, 0x01, 0x11, 0x0A, 0x00, 0x00, 0x01, 0x00, 0x01,
    0x21, 0x01, 0x11, 0x0A, 0x00, 0x00, 0x22, 0x01, 0x11, 0x02, 0x00, 0x00, 0x2A, 0x01, 0x11, 0x01,
    0x00, 0x00, 0x01, 0x00, 0x01, 0x2A, 0x01, 0x11, 0x01, 0x00, 0x10, 0x01, 0x00, 0x01, 0x2B, 0x00,
    0x11, 0x01, 0x00, 0x10, 0x06, 0x00, 0x00, 0x01, 0x00, 0x01, 0x22, 0x01, 0x11, 0x01, 0x00, 0x10,
    0x0B, 0x00, 0x00, 0xF7, 0x00, 0x11, 0x01, 0x00, 0x10, 0x01, 0x00, 0x01, 0x26, 0x00, 0x11, 0x0E,
    0x00, 0x00, 0xF5, 0x00, 0x11, 0x01, 0x00, 0x10, 0x01, 0x00, 0x00, 0x01, 0x00, 0x01, 0x02, 0x00,
    0x11, 0x01, 0x00, 0x10, 0x02, 0x00, 0x00, 0x01, 0x00, 0x01, 0x1F, 0x00, 0x11, 0x10, 0x00, 0x00,
    0x01, 0x00, 0x01, 0xF3, 0x00, 0x11, 0x02, 0x00, 0x00, 0x01, 0x00, 0x01, 0x02, 0x00, 0x11, 0x04,
    0x00, 0x00, 0x01, 0x00, 0x01, 0x1D, 0x00, 0x11, 0x12, 0x00, 0x00, 0xF2, 0x00, 0x11, 0x01, 0x00,
    0x10, 0x02, 0x00, 0x00, 0x01, 0x00, 0x01, 0x02, 0x00, 0x11, 0x05, 0x00, 0x00, 0x1C, 0x00, 0x11,
    0x14, 0x00, 0x00, 0xF1, 0x00, 0x11, 0x01, 0x00, 0x10, 0x01, 0x00, 0x00, 0x01, 0x00, 0x01, 0x02,
    0x00, 0x11, 0x01, 0x00, 0x10, 0x05, 0x00, 0x00, 0x1B, 0x00, 0x11, 0x01, 0x00, 0x10, 0x14, 0x00,
    0x00, 0x01, 0x00, 0x01, 0xF0, 0x00, 0x11, 0x02, 0x00, 0x00, 0x03, 0x00, 0x11, 0x01, 0x00, 0x10,
    0x01, 0x00, 0x00, 0x01, 0x00, 0x01, 0x01, 0x00, 0x11, 0x01, 0x00, 0x10, 0x01, 0x00, 0x00, 0x01,
    0x00, 0x01, 0x1A, 0x00, 0x11, 0x16, 0x00, 0x00, 0x01, 0x00, 0x01, 0xEF, 0x00, 0x11, 0x02, 0x00,
    0x00, 0x03, 0x00, 0x11, 0x02, 0x00, 0x00, 0x01, 0x00, 0x01, 0x01, 0x00, 0x11, 0x01, 0x00, 0x10,
    0x01, 0x00, 0x00, 0x01, 0x00, 0x01, 0x19, 0x00, 0x11, 0x01, 0x00, 0x10, 0x09, 0x00, 0x00, 0x01,
    0x00, 0x01, 0x02, 0x00, 0x11, 0x01, 0x00, 0x10, 0x0A, 0x00, 0x00, 0xEF, 0x00, 0x11, 0x01, 0x00,
    0x00, 0x01, 0x00, 0x01, 0x03, 0x00, 0x11, 0x02, 0x00, 0x00, 0x03, 0x00, 0x11, 0x01, 0x00, 0x00,
    0x01, 0x00, 0x01, 0x19, 0x00, 0x11, 0x07, 0x00, 0x00, 0x01, 0x00, 0x01, 0x08, 0x00, 0x11, 0x01,
    0x00, 0x10, 0x07, 0x00, 0x00, 0x01, 0x00, 0x01, 0xEE, 0x00, 0x11, 0x01, 0x00, 0x00, 0x01, 0x00,
    0x01, 0x03, 0x00, 0x11, 0x02, 0x00, 0x00, 0x03, 0x00, 0x11, 0x01, 0x00, 0x00, 0x01, 0x00, 0x01,
    0x18, 0x00, 0x11, 0x01, 0x00, 0x10, 0x06, 0x00, 0x00, 0x0C, 0x00, 0x11, 0x07, 0x00, 0x00, 0xEE,
    0x00, 0x11, 0x01, 0x00, 0x00, 0x01, 0x00, 0x01, 0x03, 0x00, 0x11, 0x02, 0x00, 0x00, 0x03, 0x00,
    0x11, 0x01, 0x00, 0x00, 0x01, 0x00, 0x01, 0x18, 0x00, 0x11, 0x06, 0x00, 0x00, 0x0E, 0x00, 0x11,
    0x06, 0x00, 0x00, 0xEE, 0x00, 0x11, 0x01, 0x00, 0x00, 0x01, 0x00, 0x01, 0x02, 0x00, 0x11, 0x01,
    0x00, 0x10, 0x01, 0x00, 0x00, 0x01, 0x00, 0x01, 0x03, 0x00, 0x11, 0x01, 0x00, 0x00, 0x01, 0x00,
    0x01, 0x18, 0x00, 0x11, 0x05, 0x00, 0x00, 0x01, 0x00, 0x01, 0x0F, 0x00, 0x11, 0x05, 0x00, 0x00,
    0x01, 0x00, 0x01, 0xED, 0x00, 0x11, 0x02, 0x00, 0x00, 0x02, 0x00, 0x11, 0x01, 0x00, 0x10, 0x01,
    0x00, 0x00, 0x01, 0x00, 0x01, 0x02, 0x00, 0x11, 0x01, 0x00, 0x10, 0x01, 0x00, 0x00, 0x01, 0x00,
    0x01, 0x17, 0x00, 0x11, 0x01, 0x00, 0x10, 0x04, 0x00, 0x00, 0x01, 0x00, 0x01, 0x10, 0x00, 0x11,
    0x01, 0x00, 0x10, 0x05, 0x00, 0x00, 0xED, 0x00, 0x11, 0x02, 0x00, 0x00, 0x02, 0x00, 0x11, 0x01,
    0x00, 0x10, 0x01, 0x00, 0x00, 0x01, 0x00, 0x01, 0x02, 0x00, 0x11, 0x02, 0x00, 0x00, 0x01, 0x00,
    0x01, 0x17, 0x00, 0x11, 0x01, 0x00, 0x10, 0x04, 0x00, 0x00, 0x12, 0x00, 0x11, 0x05, 0x00, 0x00,
    0xED, 0x00, 0x11, 0x01, 0x00, 0x10, 0x01, 0x00, 0x00, 0x01, 0x00, 0x01, 0x01, 0x00, 0x11, 0x02,
    0x00, 0x00, 0x01, 0x00, 0x01, 0x01, 0x00, 0x11, 0x03, 0x00, 0x00, 0x18, 0x00, 0x11, 0x04, 0x00,
    0x00, 0x01, 0x00, 0x01, 0x12, 0x00, 0x11, 0x01, 0x00, 0x10, 0x04, 0x00, 0x00, 0x01, 0x00, 0x01,
    0xEC, 0x00, 0x11, 0x01, 0x00, 0x10, 0x05, 0x00, 0x00, 0x02, 0x00, 0x11, 0x02, 0x00, 0x00, 0x01,
    0x00, 0x01, 0x18, 0x00, 0x11, 0x04, 0x00, 0x00, 0x14, 0x00, 0x11, 0x04, 0x00, 0x00, 0x01, 0x00,
    0x01, 0xED, 0x00, 0x11, 0x05, 0x00, 0x00, 0x02, 0x00, 0x11, 0x02, 0x00, 0x00, 0x18, 0x00, 0x11,
    0x01, 0x00, 0x10, 0x04, 0x00, 0x00, 0x14, 0x00, 0x11, 0x01, 0x00, 0x10, 0x04, 0x00, 0x00, 0xED,
    0x00, 0x11, 0x01, 0x00, 0x10, 0x03, 0x00, 0x00, 0x01, 0x00, 0x01, 0x02, 0x00, 0x11, 0x01, 0x00,
    0x00, 0x01, 0x00, 0x01, 0x18, 0x00, 0x11, 0x01, 0x00, 0x10, 0x03, 0x00, 0x00, 0x01, 0x00, 0x01,
    0x14, 0x00, 0x11, 0x01, 0x00, 0x10, 0x04, 0x00, 0x00, 0xEE, 0x00, 0x11, 0x01, 0x00, 0x10, 0x01,
    0x00, 0x00, 0x01, 0x00, 0x01, 0x1D, 0x00, 0x11, 0x01, 0x00, 0x10, 0x03, 0x00, 0x00, 0x01, 0x00,
    0x01, 0x15, 0x00, 0x11, 0x04, 0x00, 0x00, 0x0E, 0x01, 0x11, 0x01, 0x00, 0x10, 0x03, 0x00, 0x00,
    0x16, 0x00, 0x11, 0x04, 0x00, 0x00, 0x0E, 0x01, 0x11, 0x04, 0x00, 0x00, 0x16, 0x00, 0x11, 0x01,
    0x00, 0x10, 0x03, 0x00, 0x00, 0x01, 0x00, 0x01, 0xEF, 0x00, 0x11, 0x03, 0x00, 0x00, 0x1B, 0x00,
    0x11, 0x04, 0x00, 0x00, 0x16, 0x00, 0x11, 0x01, 0x00, 0x10, 0x03, 0x00, 0x00, 0x01, 0x00, 0x01,
    0xED, 0x00, 0x11, 0x01, 0x00, 0x10, 0x05, 0x00, 0x00, 0x01, 0x00, 0x01, 0x19, 0x00, 0x11, 0x04,
    0x00, 0x00, 0x16, 0x00, 0x11, 0x01, 0x00, 0x10, 0x03, 0x00, 0x00, 0x01, 0x00, 0x01, 0xED, 0x00,
    0x11, 0x07, 0x00, 0x00, 0x01, 0x00, 0x01, 0x18, 0x00, 0x11, 0x03, 0x00, 0x00, 0x01, 0x00, 0x01,
    0x16, 0x00, 0x11, 0x01, 0x00, 0x10, 0x03, 0x00, 0x00, 0x01, 0x00, 0x01, 0xEC, 0x00, 0x11, 0x09,
    0x00, 0x00, 0x18, 0x00, 0x11, 0x03, 0x00, 0x00, 0x01, 0x00, 0x01, 0x17, 0x00, 0x11, 0x03, 0x00,
    0x00, 0x01, 0x00, 0x01, 0xEC, 0x00, 0x11, 0x03, 0x00, 0x00, 0x01, 0x00, 0x01, 0x05, 0x00, 0x00,
    0x01, 0x00, 0x01, 0x17, 0x00, 0x11, 0x03, 0x00, 0x00, 0x01, 0x00, 0x01, 0x17, 0x00, 0x11, 0x03,
    0x00, 0x00, 0x01, 0x00, 0x01, 0xEB, 0x00, 0x11, 0x01, 0x00, 0x10, 0x02, 0x00, 0x00, 0x02, 0x00,
    0x11, 0x01, 0x00, 0x00, 0x01, 0x00, 0x01, 0x01, 0x00, 0x11, 0x01, 0x00, 0x10, 0x02, 0x00, 0x00,
    0x17, 0x00, 0x11, 0x03, 0x00, 0x00, 0x01, 0x00, 0x01, 0x17, 0x00, 0x11, 0x03, 0x00, 0x00, 0x01,
    0x00, 0x01, 0xEB, 0x00, 0x11, 0x02, 0x00, 0x00, 0x03, 0x00, 0x11, 0x01, 0x00, 0x00, 0x01, 0x00,
    0x01, 0x02, 0x00, 0x11, 0x02, 0x00, 0x00, 0x17, 0x00, 0x11, 0x03, 0x00, 0x00, 0x01, 0x00, 0x01,
    0x17, 0x00, 0x11, 0x03, 0x00, 0x00, 0x01, 0x00, 0x01, 0xEB, 0x00, 0x11, 0x02, 0x00, 0x00, 0x03,
    0x00, 0x11, 0x01, 0x00, 0x00, 0x01, 0x00, 0x01, 0x02, 0x00, 0x11, 0x01, 0x00, 0x10, 0x01, 0x00,
    0x00, 0x01, 0x00, 0x01, 0x16, 0x00, 0x11, 0x03, 0x00, 0x00, 0x01, 0x00, 0x01, 0x17, 0x00, 0x11,
    0x03, 0x00, 0x00, 0x01, 0x00, 0x01, 0xEB, 0x00, 0x11, 0x01, 0x00, 0x00, 0x01, 0x00, 0x01, 0x03,
    0x00, 0x11, 0x01, 0x00, 0x00, 0x01, 0x00, 0x01, 0x03, 0x00, 0x11, 0x01, 0x00, 0x00, 0x01, 0x00,
    0x01, 0x16, 0x00, 0x11, 0x03, 0x00, 0x00, 0x01, 0x00, 0x01, 0x17, 0x00, 0x11, 0x03, 0x00, 0x00,
    0x01, 0x00, 0x01, 0xEB, 0x00, 0x11, 0x01, 0x00, 0x00, 0x01, 0x00, 0x01, 0x03, 0x00, 0x11, 0x01,
    0x00, 0x00, 0x01, 0x00, 0x01, 0x03, 0x00, 0x11, 0x01, 0x00, 0x00, 0x01, 0x00, 0x01, 0x16, 0x00,
    0x11, 0x03, 0x00, 0x00, 0x01, 0x00, 0x01, 0x17, 0x00, 0x11, 0x03, 0x00, 0x00, 0x01, 0x00, 0x01,
    0xEB, 0x00, 0x11, 0x01, 0x00, 0x00, 0x01, 0x00, 0x01, 0x03, 0x00, 0x11, 0x01, 0x00, 0x00, 0x01,
    0x00, 0x01, 0x03, 0x00, 0x11, 0x01, 0x00, 0x00, 0x01, 0x00, 0x01, 0x16, 0x00, 0x11, 0x04, 0x00,
    0x00, 0x16, 0x00, 0x11, 0x01, 0x00, 0x10, 0x03, 0x00, 0x00, 0x01, 0x00, 0x01, 0xEB, 0x00, 0x11,
    0x01, 0x00, 0x00, 0x01, 0x00, 0x01, 0x03, 0x00, 0x11, 0x01, 0x00, 0x00, 0x01, 0x00, 0x01, 0x03,
    0x00, 0x11, 0x01, 0x00, 0x00, 0x01, 0x00, 0x01, 0x16, 0x00, 0x11, 0x04, 0x00, 0x00, 0x16, 0x00,
    0x11, 0x01, 0x00, 0x10, 0x03, 0x00, 0x00, 0x01, 0x00, 0x01, 0xEB, 0x00, 0x11, 0x02, 0x00, 0x00,
    0x03, 0x00, 0x11, 0x01, 0x00, 0x00, 0x01, 0x00, 0x01, 0x02, 0x00, 0x11, 0x01, 0x00, 0x10, 0x01,
    0x00, 0x00, 0x01, 0x00, 0x01, 0x16, 0x00, 0x11, 0x04, 0x00, 0x00, 0x16, 0x00, 0x11, 0x01, 0x00,
    0x10, 0x03, 0x00, 0x00, 0x01, 0x00, 0x01, 0xEB, 0x00, 0x11, 0x02, 0x00, 0x00, 0x03, 0x00, 0x11,
    0x01, 0x00, 0x00, 0x01, 0x00, 0x01, 0x02, 0x00, 0x11, 0x01, 0x00, 0x10, 0x01, 0x00, 0x00, 0x01,
    0x00, 0x01, 0x16, 0x00, 0x11, 0x01, 0x00, 0x10, 0x03, 0x00, 0x00, 0x16, 0x00, 0x11, 0x01, 0x00,
    0x10, 0x03, 0x00, 0x00, 0xEC, 0x00, 0x11, 0x01, 0x00, 0x10, 0x01, 0x00, 0x00, 0x01, 0x00, 0x01,
    0x02, 0x00, 0x11, 0x01, 0x00, 0x00, 0x01, 0x00, 0x01, 0x01, 0x00, 0x11, 0x01, 0x00, 0x10, 0x02,
    0x00, 0x00, 0x17, 0x00, 0x11, 0x01, 0x00, 0x10, 0x03, 0x00, 0x00, 0x01, 0x00, 0x01, 0x15, 0x00,
    0x11, 0x04, 0x00, 0x00, 0xEC, 0x00, 0x11, 0x01, 0x00, 0x10, 0x02, 0x00, 0x00, 0x01, 0x00, 0x01,
    0x01, 0x00, 0x11, 0x01, 0x00, 0x00, 0x01, 0x00, 0x01, 0x03, 0x00, 0x00, 0x01, 0x00, 0x01, 0x17,
    0x00, 0x11, 0x01, 0x00, 0x10, 0x03, 0x00, 0x00, 0x01, 0x00, 0x01, 0x15, 0x00, 0x11, 0x04, 0x00,
    0x00, 0xED, 0x00, 0x11, 0x02, 0x00, 0x00, 0x01, 0x00, 0x01, 0x01, 0x00, 0x11, 0x05, 0x00, 0x00,
    0x01, 0x00, 0x01, 0x18, 0x00, 0x11, 0x04, 0x00, 0x00, 0x14, 0x00, 0x11, 0x01, 0x00, 0x10, 0x04,
    0x00, 0x00, 0xED, 0x00, 0x11, 0x01, 0x00, 0x10, 0x01, 0x00, 0x00, 0x01, 0x00, 0x01, 0x01, 0x00,
    0x11, 0x05, 0x00, 0x00, 0x19, 0x00, 0x11, 0x04, 0x00, 0x00, 0x14, 0x00, 0x11, 0x01, 0x00, 0x10,
    0x03, 0x00, 0x00, 0x01, 0x00, 0x01, 0xEE, 0x00, 0x11, 0x01, 0x00, 0x10, 0x01, 0x00, 0x01, 0x01,
    0x00, 0x11, 0x04, 0x00, 0x00, 0x1A, 0x00, 0x11, 0x04, 0x00, 0x00, 0x01, 0x00, 0x01, 0x13, 0x00,
    0x11, 0x04, 0x00, 0x00, 0x01, 0x00, 0x01, 0xF1, 0x00, 0x11, 0x02, 0x00, 0x00, 0x1C, 0x00, 0x11,
    0x01, 0x00, 0x10, 0x04, 0x00, 0x00, 0x12, 0x00, 0x11, 0x01, 0x00, 0x10, 0x04, 0x00, 0x00, 0x01,
    0x00, 0x01, 0x10, 0x01, 0x11, 0x04, 0x00, 0x00, 0x01, 0x00, 0x01, 0x11, 0x00, 0x11, 0x05, 0x00,
    0x00, 0x11, 0x01, 0x11, 0x05, 0x00, 0x00, 0x01, 0x00, 0x01, 0x0F, 0x00, 0x11, 0x01, 0x00, 0x10,
    0x04, 0x00, 0x00, 0x01, 0x00, 0x01, 0x11, 0x01, 0x11, 0x01, 0x00, 0x10, 0x05, 0x00, 0x00, 0x01,
    0x00, 0x01, 0x0D, 0x00, 0x11, 0x01, 0x00, 0x10, 0x05, 0x00, 0x00, 0x01, 0x00, 0x01, 0x12, 0x01,
    0x11, 0x06, 0x00, 0x00, 0x01, 0x00, 0x01, 0x0B, 0x00, 0x11, 0x01, 0x00, 0x10, 0x06, 0x00, 0x00,
    0x13, 0x01, 0x11, 0x01, 0x00, 0x10, 0x07, 0x00, 0x00, 0x09, 0x00, 0x11, 0x01, 0x00, 0x10, 0x06,
    0x00, 0x00, 0x01, 0x00, 0x01, 0x13, 0x01, 0x11, 0x01, 0x00, 0x10, 0x09, 0x00, 0x00, 0x05, 0x00,
    0x11, 0x01, 0x00, 0x10, 0x08, 0x00, 0x00, 0x01, 0x00, 0x01, 0x14, 0x01, 0x11, 0x01, 0x00, 0x10,
    0x16, 0x00, 0x00, 0x16, 0x01, 0x11, 0x15, 0x00, 0x00, 0x17, 0x01, 0x11, 0x01, 0x00, 0x10, 0x13,
    0x00, 0x00, 0x01, 0x00, 0x01, 0x18, 0x01, 0x11, 0x01, 0x00, 0x10, 0x12, 0x00, 0x00, 0x1A, 0x01,
    0x11, 0x11, 0x00, 0x00, 0x1C, 0x01, 0x11, 0x01, 0x00, 0x10, 0x0E, 0x00, 0x00, 0x1E, 0x01, 0x11,
    0x01, 0x00, 0x10, 0x0B, 0x00, 0x00, 0x01, 0x00, 0x01, 0xF7, 0x00, 0x11, 0x01, 0x00, 0x10, 0x03,
    0x00, 0x00, 0x01, 0x00, 0x01, 0x25, 0x00, 0x11, 0x01, 0x00, 0x10, 0x08, 0x00, 0x00, 0x29, 0x00,
    0x11, 0x01, 0x00, 0x10, 0x64, 0x00, 0x00, 0x6A, 0x00, 0x11, 0x01, 0x00, 0x10, 0x06, 0x00, 0x00,
    0x56, 0x00, 0x11, 0x01, 0x00, 0x10, 0x64, 0x00, 0x00, 0x69, 0x00, 0x11, 0x01, 0x00, 0x10, 0x08,
    0x00, 0x00, 0x55, 0x00, 0x11, 0x01, 0x00, 0x10, 0x64, 0x00, 0x00, 0x69, 0x00, 0x11, 0x09, 0x00,
    0x00, 0x01, 0x00, 0x01, 0x54, 0x00, 0x11, 0x01, 0x00, 0x10, 0x64, 0x00, 0x00, 0x68, 0x00, 0x11,
    0x01, 0x00, 0x10, 0x03, 0x00, 0x00, 0x03, 0x00, 0x11, 0x01, 0x00, 0x10, 0x03, 0x00, 0x00, 0x54,
    0x00, 0x11, 0x01, 0x00, 0x10, 0x64, 0x00, 0x00, 0x68, 0x00, 0x11, 0x01, 0x00, 0x10, 0x01, 0x00,
    0x00, 0x01, 0x00, 0x01, 0x05, 0x00, 0x11, 0x01, 0x00, 0x10, 0x02, 0x00, 0x00, 0x34, 0x00, 0x11,
    0x01, 0x00, 0x10, 0x1F, 0x00, 0x11, 0x01, 0x00, 0x10, 0x64, 0x00, 0x00, 0x68, 0x00, 0x11, 0x02,
    0x00, 0x00, 0x07, 0x00, 0x11, 0x01, 0x00, 0x10, 0x01, 0x00, 0x00, 0x01, 0x00, 0x01, 0x31, 0x00,
    0x11, 0x01, 0x00, 0x10, 0x02, 0x00, 0x00, 0x1F, 0x00, 0x11, 0x01, 0x00, 0x10, 0x64, 0x00, 0x00,
    0x68, 0x00, 0x11, 0x02, 0x00, 0x00, 0x07, 0x00, 0x11, 0x01, 0x00, 0x10, 0x01, 0x00, 0x00, 0x01,
    0x00, 0x01, 0x2F, 0x00, 0x11, 0x01, 0x00, 0x10, 0x04, 0x00, 0x00, 0x1F, 0x00, 0x11, 0x01, 0x00,
    0x10, 0x64, 0x00, 0x00, 0x68, 0x00, 0x11, 0x01, 0x00, 0x00, 0x01, 0x00, 0x01, 0x08, 0x00, 0x11,
    0x01, 0x00, 0x00, 0x01, 0x00, 0x01, 0x2D, 0x00, 0x11, 0x01, 0x00, 0x10, 0x06, 0x00, 0x00, 0x1F,
    0x00, 0x11, 0x01, 0x00, 0x10, 0x64, 0x00, 0x00, 0x68, 0x00, 0x11, 0x01, 0x00, 0x00, 0x01, 0x00,
    0x01, 0x08, 0x00, 0x11, 0x01, 0x00, 0x00, 0x01, 0x00, 0x01, 0x2C, 0x00, 0x11, 0x08, 0x00, 0x00,
    0x1F, 0x00, 0x11, 0x01, 0x00, 0x10, 0x64, 0x00, 0x00, 0x68, 0x00, 0x11, 0x01, 0x00, 0x00, 0x01,
    0x00, 0x01, 0x08, 0x00, 0x11, 0x01, 0x00, 0x00, 0x01, 0x00, 0x01, 0x2A, 0x00, 0x11, 0x0A, 0x00,
    0x00, 0x1F, 0x00, 0x11, 0x01, 0x00, 0x10, 0x64, 0x00, 0x00, 0x68, 0x00, 0x11, 0x02, 0x00, 0x00,
    0x08, 0x00, 0x11, 0x01, 0x00, 0x00, 0x01, 0x00, 0x01, 0x28, 0x00, 0x11, 0x0C, 0x00, 0x00, 0x1F,
    0x00, 0x11, 0x01, 0x00, 0x10, 0x64, 0x00, 0x00, 0x68, 0x00, 0x11, 0x02, 0x00, 0x00, 0x07, 0x00,
    0x11, 0x01, 0x00, 0x10, 0x01, 0x00, 0x00, 0x01, 0x00, 0x01, 0x26, 0x00, 0x11, 0x0E, 0x00, 0x00,
    0x1F, 0x00, 0x11, 0x01, 0x00, 0x10, 0x64, 0x00, 0x00, 0x68, 0x00, 0x11, 0x01, 0x00, 0x10, 0x02,
    0x00, 0x00, 0x06, 0x00, 0x11, 0x02, 0x00, 0x00, 0x25, 0x00, 0x11, 0x10, 0x00, 0x00, 0x1F, 0x00,
    0x11, 0x01, 0x00, 0x10, 0x64, 0x00, 0x00, 0x68, 0x00, 0x11, 0x01, 0x00, 0x10, 0x03, 0x00, 0x00,
    0x03, 0x00, 0x11, 0x01, 0x00, 0x10, 0x03, 0x00, 0x00, 0x23, 0x00, 0x11, 0x11, 0x00, 0x00, 0x20,
    0x00, 0x11, 0x01, 0x00, 0x10, 0x64, 0x00, 0x00, 0x69, 0x00, 0x11, 0x03, 0x00, 0x00, 0x03, 0x00,
    0x11, 0x01, 0x00, 0x10, 0x02, 0x00, 0x00, 0x01, 0x00, 0x01, 0x21, 0x00, 0x11, 0x11, 0x00, 0x00,
    0x22, 0x00, 0x11, 0x01, 0x00, 0x10, 0x64, 0x00, 0x00, 0x69, 0x00, 0x11, 0x01, 0x00, 0x10, 0x02,
    0x00, 0x00, 0x03, 0x00, 0x11, 0x01, 0x00, 0x10, 0x02, 0x00, 0x00, 0x20, 0x00, 0x11, 0x11, 0x00,
    0x00, 0x24, 0x00, 0x11, 0x01, 0x00, 0x10, 0x64, 0x00, 0x00, 0x6A, 0x00, 0x11, 0x01, 0x00, 0x10,
    0x01, 0x00, 0x00, 0x03, 0x00, 0x11, 0x01, 0x00, 0x10, 0x01, 0x00, 0x00, 0x1F, 0x00, 0x11, 0x01,
    0x00, 0x10, 0x0F, 0x00, 0x00, 0x01, 0x00, 0x01, 0x26, 0x00, 0x11, 0x01, 0x00, 0x10, 0x64, 0x00,
    0x00, 0x8E, 0x00, 0x11, 0x01, 0x00, 0x10, 0x0F, 0x00, 0x00, 0x01, 0x00, 0x01, 0x28, 0x00, 0x11,
    0x01, 0x00, 0x10, 0x64, 0x00, 0x00, 0x8C, 0x00, 0x11, 0x01, 0x00, 0x10, 0x0F, 0x00, 0x00, 0x01,
    0x00, 0x01, 0x2A, 0x00, 0x11, 0x01, 0x00, 0x10, 0x64, 0x00, 0x00, 0x6B, 0x00, 0x11, 0x01, 0x00,
    0x10, 0x03, 0x00, 0x00, 0x01, 0x00, 0x01, 0x1B, 0x00, 0x11, 0x0F, 0x00, 0x00, 0x2D, 0x00, 0x11,
    0x01, 0x00, 0x10, 0x64, 0x00, 0x00, 0x6A, 0x00, 0x11, 0x07, 0x00, 0x00, 0x1A, 0x00, 0x11, 0x0D,
    0x00, 0x00, 0x2F, 0x00, 0x11, 0x01, 0x00, 0x10, 0x64, 0x00, 0x00, 0x69, 0x00, 0x11, 0x01, 0x00,
    0x10, 0x08, 0x00, 0x00, 0x19, 0x00, 0x11, 0x0A, 0x00, 0x00, 0x01, 0x00, 0x01, 0x31, 0x00, 0x11,
    0x01, 0x00, 0x10, 0x64, 0x00, 0x00, 0x69, 0x00, 0x11, 0x09, 0x00, 0x00, 0x01, 0x00, 0x01, 0x18,
    0x00, 0x11, 0x08, 0x00, 0x00, 0x01, 0x00, 0x01, 0x33, 0x00, 0x11, 0x01, 0x00, 0x10, 0x64, 0x00,
    0x00, 0x68, 0x00, 0x11, 0x01, 0x00, 0x10, 0x02, 0x00, 0x00, 0x01, 0x00, 0x01, 0x03, 0x00, 0x11,
    0x01, 0x00, 0x10, 0x03, 0x00, 0x00, 0x18, 0x00, 0x11, 0x06, 0x00, 0x00, 0x01, 0x00, 0x01, 0x35,
    0x00, 0x11, 0x01, 0x00, 0x10, 0x64, 0x00, 0x00, 0x68, 0x00, 0x11, 0x01, 0x00, 0x10, 0x01, 0x00,
    0x00, 0x01, 0x00, 0x01, 0x05, 0x00, 0x11, 0x01, 0x00, 0x10, 0x02, 0x00, 0x00, 0x18, 0x00, 0x11,
    0x07, 0x00, 0x00, 0x01, 0x00, 0x01, 0x34, 0x00, 0x11, 0x01, 0x00, 0x10, 0x64, 0x00, 0x00, 0x68,
    0x00, 0x11, 0x02, 0x00, 0x00, 0x07, 0x00, 0x11, 0x01, 0x00, 0x10, 0x01, 0x00, 0x00, 0x01, 0x00,
    0x01, 0x17, 0x00, 0x11, 0x09, 0x00, 0x00, 0x33, 0x00, 0x11, 0x01, 0x00, 0x10, 0x64, 0x00, 0x00,
    0x68, 0x00, 0x11, 0x02, 0x00, 0x00, 0x07, 0x00, 0x11, 0x01, 0x00, 0x10, 0x01, 0x00, 0x00, 0x01,
    0x00, 0x01, 0x17, 0x00, 0x11, 0x0B, 0x00, 0x00, 0x31, 0x00, 0x11, 0x01, 0x00, 0x10, 0x64, 0x00,
    0x00, 0x68, 0x00, 0x11, 0x01, 0x00, 0x00, 0x01, 0x00, 0x01, 0x08, 0x00, 0x11, 0x01, 0x00, 0x00,
    0x01, 0x00, 0x01, 0x17, 0x00, 0x11, 0x0D, 0x00, 0x00, 0x2F, 0x00, 0x11, 0x01, 0x00, 0x10, 0x0D,
    0x00, 0x00, 0x01, 0x00, 0x01, 0xBE, 0x00, 0x11, 0x01, 0x00, 0x00, 0x01, 0x00, 0x01, 0x08, 0x00,
    0x11, 0x01, 0x00, 0x00, 0x01, 0x00, 0x01, 0x18, 0x00, 0x11, 0x0D, 0x00, 0x00, 0x01, 0x00, 0x01,
    0x2D, 0x00, 0x11, 0x01, 0x00, 0x10, 0x0D, 0x00, 0x00, 0x01, 0x00, 0x01, 0xBE, 0x00, 0x11, 0x01,
    0x00, 0x00, 0x01, 0x00, 0x01, 0x08, 0x00, 0x11, 0x01, 0x00, 0x00, 0x01, 0x00, 0x01, 0x1A, 0x00,
    0x11, 0x0D, 0x00, 0x00, 0x01, 0x00, 0x01, 0x2B, 0x00, 0x11, 0x01, 0x00, 0x10, 0x0D, 0x00, 0x00,
    0x01, 0x00, 0x01, 0xBE, 0x00, 0x11, 0x01, 0x00, 0x00, 0x01, 0x00, 0x01, 0x08, 0x00, 0x11, 0x01,
    0x00, 0x00, 0x01, 0x00, 0x01, 0x1C, 0x00, 0x11, 0x0D, 0x00, 0x00, 0x2A, 0x00, 0x11, 0x01, 0x00,
    0x10, 0x0D, 0x00, 0x00, 0x01, 0x00, 0x01, 0xBE, 0x00, 0x11, 0x02, 0x00, 0x00, 0x07, 0x00, 0x11,
    0x01, 0x00, 0x10, 0x01, 0x00, 0x00, 0x01, 0x00, 0x01, 0x1D, 0x00, 0x11, 0x01, 0x00, 0x10, 0x0D,
    0x00, 0x00, 0x28, 0x00, 0x11, 0x01, 0x00, 0x10, 0x0D, 0x00, 0x00, 0x01, 0x00, 0x01, 0xBE, 0x00,
    0x11, 0x02, 0x00, 0x00, 0x07, 0x00, 0x11, 0x01, 0x00, 0x10, 0x01, 0x00, 0x00, 0x01, 0x00, 0x01,
    0x1F, 0x00, 0x11, 0x01, 0x00, 0x10, 0x0D, 0x00, 0x00, 0x26, 0x00, 0x11, 0x01, 0x00, 0x10, 0x0D,
    0x00, 0x00, 0x01, 0x00, 0x01, 0xBE, 0x00, 0x11, 0x01, 0x00, 0x10, 0x02, 0x00, 0x00, 0x05, 0x00,
    0x11, 0x01, 0x00, 0x10, 0x02, 0x00, 0x00, 0x22, 0x00, 0x11, 0x01, 0x00, 0x10, 0x0C, 0x00, 0x00,
    0x01, 0x00, 0x01, 0x24, 0x00, 0x11, 0x01, 0x00, 0x10, 0x0D, 0x00, 0x00, 0x01, 0x00, 0x01, 0xBF,
    0x00, 0x11, 0x03, 0x00, 0x00, 0x01, 0x00, 0x01, 0x02, 0x00, 0x11, 0x01, 0x00, 0x10, 0x03, 0x00,
    0x00, 0x24, 0x00, 0x11, 0x0D, 0x00, 0x00, 0x01, 0x00, 0x01, 0x22, 0x00, 0x11, 0x01, 0x00, 0x10,
    0x0D, 0x00, 0x00, 0x01, 0x00, 0x01, 0xBF, 0x00, 0x11, 0x09, 0x00, 0x00, 0x01, 0x00, 0x01, 0x26,
    0x00, 0x11, 0x0D, 0x00, 0x00, 0x01, 0x00, 0x01, 0x20, 0x00, 0x11, 0x01, 0x00, 0x10, 0x0D, 0x00,
    0x00, 0x01, 0x00, 0x01, 0xC0, 0x00, 0x11, 0x08, 0x00, 0x00, 0x28, 0x00, 0x11, 0x01, 0x00, 0x10,
    0x0D, 0x00, 0x00, 0x1F, 0x00, 0x11, 0x01, 0x00, 0x10, 0x0D, 0x00, 0x00, 0x01, 0x00, 0x01, 0xC0,
    0x00, 0x11, 0x01, 0x00, 0x10, 0x06, 0x00, 0x00, 0x2B, 0x00, 0x11, 0x01, 0x00, 0x10, 0x0B, 0x00,
    0x00, 0x1F, 0x00, 0x11, 0x01, 0x00, 0x10, 0x0D, 0x00, 0x00, 0x01, 0x00, 0x01, 0xC2, 0x00, 0x11,
    0x01, 0x00, 0x10, 0x02, 0x00, 0x00, 0x01, 0x00, 0x01, 0x2E, 0x00, 0x11, 0x01, 0x00, 0x10, 0x09,
    0x00, 0x00, 0x1F, 0x00, 0x11, 0x01, 0x00, 0x10, 0x0D, 0x00, 0x00, 0x01, 0x00, 0x01, 0xF6, 0x00,
    0x11, 0x08, 0x00, 0x00, 0x1F, 0x00, 0x11, 0x01, 0x00, 0x10, 0x0D, 0x00, 0x00, 0x01, 0x00, 0x01,
    0x05, 0x00, 0x11, 0x01, 0x00, 0x13, 0x22, 0x00, 0x33, 0xD0, 0x00, 0x11, 0x06, 0x00, 0x00, 0x1F,
    0x00, 0x11, 0x01, 0x00, 0x10, 0x0D, 0x00, 0x00, 0x01, 0x00, 0x01, 0x05, 0x00, 0x11, 0x01, 0x00,
    0x13, 0x22, 0x00, 0x33, 0xCF, 0x00, 0x11, 0x01, 0x00, 0x10, 0x06, 0x00, 0x00, 0x1F, 0x00, 0x11,
    0x01, 0x00, 0x10, 0x0D, 0x00, 0x00, 0x01, 0x00, 0x01, 0x05, 0x00, 0x11, 0x01, 0x00, 0x13, 0x22,
    0x00, 0x33, 0xCE, 0x00, 0x11, 0x08, 0x00, 0x00, 0x1F, 0x00, 0x11, 0x01, 0x00, 0x10, 0x0D, 0x00,
    0x00, 0x01, 0x00, 0x01, 0x05, 0x00, 0x11, 0x01, 0x00, 0x13, 0x22, 0x00, 0x33, 0x96, 0x00, 0x11,
    0x01, 0x00, 0x10, 0x0A, 0x00, 0x00, 0x2B, 0x00, 0x11, 0x0A, 0x00, 0x00, 0x1F, 0x00, 0x11, 0x01,
    0x00, 0x10, 0x0D, 0x00, 0x00, 0x01, 0x00, 0x01, 0x05, 0x00, 0x11, 0x01, 0x00, 0x13, 0x22, 0x00,
    0x33, 0x96, 0x00, 0x11, 0x01, 0x00, 0x10, 0x0A, 0x00, 0x00, 0x29, 0x00, 0x11, 0x0C, 0x00, 0x00,
    0x1F, 0x00, 0x11, 0x01, 0x00, 0x10, 0x0D, 0x00, 0x00, 0x01, 0x00, 0x01, 0x05, 0x00, 0x11, 0x01,
    0x00, 0x13, 0x22, 0x00, 0x33, 0x96, 0x00, 0x11, 0x01, 0x00, 0x10, 0x0A, 0x00, 0x00, 0x27, 0x00,
    0x11, 0x01, 0x00, 0x10, 0x0C, 0x00, 0x00, 0x01, 0x00, 0x01, 0x1F, 0x00, 0x11, 0x01, 0x00, 0x10,
    0x0D, 0x00, 0x00, 0x01, 0x00, 0x01, 0x05, 0x00, 0x11, 0x01, 0x00, 0x13, 0x22, 0x00, 0x33, 0x96,
    0x00, 0x11, 0x01, 0x00, 0x10, 0x0A, 0x00, 0x00, 0x25, 0x00, 0x11, 0x01, 0x00, 0x10, 0x0D, 0x00,
    0x00, 0x21, 0x00, 0x11, 0x01, 0x00, 0x10, 0x0D, 0x00, 0x00, 0x01, 0x00, 0x01, 0x05, 0x00, 0x11,
    0x01, 0x00, 0x13, 0x22, 0x00, 0x33, 0x9D, 0x00, 0x11, 0x01, 0x00, 0x10, 0x02, 0x00, 0x00, 0x01,
    0x00, 0x01, 0x23, 0x00, 0x11, 0x01, 0x00, 0x10, 0x0D, 0x00, 0x00, 0x23, 0x00, 0x11, 0x01, 0x00,
    0x10, 0x0D, 0x00, 0x00, 0x01, 0x00, 0x01, 0x05, 0x00, 0x11, 0x01, 0x00, 0x13, 0x22, 0x00, 0x33,
    0x9F, 0x00, 0x11, 0x01, 0x00, 0x00, 0x01, 0x00, 0x01, 0x22, 0x00, 0x11, 0x0D, 0x00, 0x00, 0x25,
    0x00, 0x11, 0x01, 0x00, 0x10, 0x0D, 0x00, 0x00, 0x01, 0x00, 0x01, 0x05, 0x00, 0x11, 0x01, 0x00,
    0x13, 0x22, 0x00, 0x33, 0x9F, 0x00, 0x11, 0x01, 0x00, 0x10, 0x01, 0x00, 0x00, 0x20, 0x00, 0x11,
    0x0D, 0x00, 0x00, 0x01, 0x00, 0x01, 0x26, 0x00, 0x11, 0x01, 0x00, 0x10, 0x0D, 0x00, 0x00, 0x01,
    0x00, 0x01, 0x05, 0x00, 0x11, 0x01, 0x00, 0x13, 0x22, 0x00, 0x33, 0x9F, 0x00, 0x11, 0x01, 0x00,
    0x10, 0x01, 0x00, 0x00, 0x01, 0x00, 0x01, 0x1D, 0x00, 0x11, 0x01, 0x00, 0x10, 0x0C, 0x00, 0x00,
    0x01, 0x00, 0x01, 0x28, 0x00, 0x11, 0x01, 0x00, 0x10, 0x0D, 0x00, 0x00, 0x01, 0x00, 0x01, 0x05,
    0x00, 0x11, 0x01, 0x00, 0x13, 0x22, 0x00, 0x33, 0xA0, 0x00, 0x11, 0x01, 0x00, 0x00, 0x01, 0x00,
    0x01, 0x1B, 0x00, 0x11, 0x01, 0x00, 0x10, 0x0C, 0x00, 0x00, 0x01, 0x00, 0x01, 0x2A, 0x00, 0x11,
    0x01, 0x00, 0x10, 0x0D, 0x00, 0x00, 0x01, 0x00, 0x01, 0x05, 0x00, 0x11, 0x01, 0x00, 0x13, 0x22,
    0x00, 0x33, 0xA0, 0x00, 0x11, 0x01, 0x00, 0x00, 0x01, 0x00, 0x01, 0x19, 0x00, 0x11, 0x01, 0x00,
    0x10, 0x0D, 0x00, 0x00, 0x2C, 0x00, 0x11, 0x01, 0x00, 0x10, 0x0D, 0x00, 0x00, 0x01, 0x00, 0x01,
    0x05, 0x00, 0x11, 0x01, 0x00, 0x13, 0x22, 0x00, 0x33, 0xA0, 0x00, 0x11, 0x01, 0x00, 0x00, 0x01,
    0x00, 0x01, 0x18, 0x00, 0x11, 0x0D, 0x00, 0x00, 0x2E, 0x00, 0x11, 0x01, 0x00, 0x10, 0x0D, 0x00,
    0x00, 0x01, 0x00, 0x01, 0x05, 0x00, 0x11, 0x01, 0x00, 0x13, 0x22, 0x00, 0x33, 0xA0, 0x00, 0x11,
    0x01, 0x00, 0x00, 0x01, 0x00, 0x01, 0x17, 0x00, 0x11, 0x0C, 0x00, 0x00, 0x01, 0x00, 0x01, 0x2F,
    0x00, 0x11, 0x01, 0x00, 0x10, 0x0D, 0x00, 0x00, 0x01, 0x00, 0x01, 0x05, 0x00, 0x11, 0x01, 0x00,
    0x13, 0x22, 0x00, 0x33, 0x9F, 0x00, 0x11, 0x01, 0x00, 0x10, 0x01, 0x00, 0x00, 0x01, 0x00, 0x01,
    0x17, 0x00, 0x11, 0x0A, 0x00, 0x00, 0x01, 0x00, 0x01, 0x31, 0x00, 0x11, 0x01, 0x00, 0x10, 0x0D,
    0x00, 0x00, 0x01, 0x00, 0x01, 0x05, 0x00, 0x11, 0x01, 0x00, 0x13, 0x22, 0x00, 0x33, 0x9E, 0x00,
    0x11, 0x01, 0x00, 0x10, 0x02, 0x00, 0x00, 0x01, 0x00, 0x01, 0x17, 0x00, 0x11, 0x08, 0x00, 0x00,
    0x01, 0x00, 0x01, 0x33, 0x00, 0x11, 0x01, 0x00, 0x10, 0x0D, 0x00, 0x00, 0x01, 0x00, 0x01, 0x05,
    0x00, 0x11, 0x01, 0x00, 0x13, 0x22, 0x00, 0x33, 0x96, 0x00, 0x11, 0x01, 0x00, 0x10, 0x0A, 0x00,
    0x00, 0x18, 0x00, 0x11, 0x07, 0x00, 0x00, 0x35, 0x00, 0x11, 0x01, 0x00, 0x10, 0x0D, 0x00, 0x00,
    0x01, 0x00, 0x01, 0x05, 0x00, 0x11, 0x01, 0x00, 0x13, 0x22, 0x00, 0x33, 0x96, 0x00, 0x11, 0x01,
    0x00, 0x10, 0x0A, 0x00, 0x00, 0x18, 0x00, 0x11, 0x07, 0x00, 0x00, 0x35, 0x00, 0x11, 0x01, 0x00,
    0x10, 0x0D, 0x00, 0x00, 0x01, 0x00, 0x01, 0x05, 0x00, 0x11, 0x01, 0x00, 0x13, 0x22, 0x00, 0x33,
    0x96, 0x00, 0x11, 0x01, 0x00, 0x10, 0x09, 0x00, 0x00, 0x19, 0x00, 0x11, 0x09, 0x00, 0x00, 0x33,
    0x00, 0x11, 0x01, 0x00, 0x10, 0x0D, 0x00, 0x00, 0x01, 0x00, 0x01, 0x05, 0x00, 0x11, 0x01, 0x00,
    0x13, 0x22, 0x00, 0x33, 0x96, 0x00, 0x11, 0x01, 0x00, 0x10, 0x08, 0x00, 0x00, 0x1A, 0x00, 0x11,
    0x0B, 0x00, 0x00, 0x31, 0x00, 0x11, 0x01, 0x00, 0x10, 0x0D, 0x00, 0x00, 0x01, 0x00, 0x01, 0x05,
    0x00, 0x11, 0x01, 0x00, 0x13, 0x22, 0x00, 0x33, 0xB9, 0x00, 0x11, 0x0D, 0x00, 0x00, 0x01, 0x00,
    0x01, 0x2E, 0x00, 0x11, 0x01, 0x00, 0x10, 0x0D, 0x00, 0x00, 0x01, 0x00, 0x01, 0x05, 0x00, 0x11,
    0x01, 0x00, 0x13, 0x22, 0x00, 0x33, 0xB9, 0x00, 0x11, 0x0F, 0x00, 0x00, 0x01, 0x00, 0x01, 0x2C,
    0x00, 0x11, 0x01, 0x00, 0x10, 0x0D, 0x00, 0x00, 0x01, 0x00, 0x01, 0x05, 0x00, 0x11, 0x01, 0x00,
    0x13, 0x22, 0x00, 0x33, 0xBB, 0x00, 0x11, 0x0F, 0x00, 0x00, 0x01, 0x00, 0x01, 0x2A, 0x00, 0x11,
    0x01, 0x00, 0x10, 0x0D, 0x00, 0x00, 0x01, 0x00, 0x01, 0x05, 0x00, 0x11, 0x01, 0x00, 0x13, 0x22,
    0x00, 0x33, 0xBD, 0x00, 0x11, 0x10, 0x00, 0x00, 0x28, 0x00, 0x11, 0x01, 0x00, 0x10, 0x0D, 0x00,
    0x00, 0x01, 0x00, 0x01, 0x05, 0x00, 0x11, 0x01, 0x00, 0x13, 0x22, 0x00, 0x33, 0x96, 0x00, 0x11,
    0x01, 0x00, 0x10, 0x0A, 0x00, 0x00, 0x1D, 0x00, 0x11, 0x01, 0x00, 0x10, 0x10, 0x00, 0x00, 0x26,
    0x00, 0x11, 0x01, 0x00, 0x10, 0x0D, 0x00, 0x00, 0x01, 0x00, 0x01, 0x05, 0x00, 0x11, 0x01, 0x00,
    0x13, 0x22, 0x00, 0x33, 0x96, 0x00, 0x11, 0x01, 0x00, 0x10, 0x0A, 0x00, 0x00, 0x1F, 0x00, 0x11,
    0x01, 0x00, 0x10, 0x10, 0x00, 0x00, 0x24, 0x00, 0x11, 0x01, 0x00, 0x10, 0x0D, 0x00, 0x00, 0x01,
    0x00, 0x01, 0x05, 0x00, 0x11, 0x01, 0x00, 0x13, 0x22, 0x00, 0x33, 0x96, 0x00, 0x11, 0x01, 0x00,
    0x10, 0x0A, 0x00, 0x00, 0x21, 0x00, 0x11, 0x01, 0x00, 0x10, 0x10, 0x00, 0x00, 0x01, 0x00, 0x01,
    0x21, 0x00, 0x11, 0x01, 0x00, 0x10, 0x0D, 0x00, 0x00, 0x01, 0x00, 0x01, 0x05, 0x00, 0x11, 0x01,
    0x00, 0x13, 0x22, 0x00, 0x33, 0x96, 0x00, 0x11, 0x01, 0x00, 0x10, 0x0A, 0x00, 0x00, 0x23, 0x00,
    0x11, 0x01, 0x00, 0x10, 0x10, 0x00, 0x00, 0x01, 0x00, 0x01, 0x1F, 0x00, 0x11, 0x01, 0x00, 0x10,
    0x0D, 0x00, 0x00, 0x01, 0x00, 0x01, 0x05, 0x00, 0x11, 0x01, 0x00, 0x13, 0x22, 0x00, 0x33, 0x9D,
    0x00, 0x11, 0x01, 0x00, 0x10, 0x02, 0x00, 0x00, 0x01, 0x00, 0x01, 0x25, 0x00, 0x11, 0x01, 0x00,
    0x10, 0x0F, 0x00, 0x00, 0x1F, 0x00, 0x11, 0x01, 0x00, 0x10, 0x0D, 0x00, 0x00, 0x01, 0x00, 0x01,
    0x05, 0x00, 0x11, 0x01, 0x00, 0x13, 0x22, 0x00, 0x33, 0x9F, 0x00, 0x11, 0x01, 0x00, 0x00, 0x01,
    0x00, 0x01, 0x27, 0x00, 0x11, 0x01, 0x00, 0x10, 0x0D, 0x00, 0x00, 0x1F, 0x00, 0x11, 0x01, 0x00,
    0x10, 0x0D, 0x00, 0x00, 0x01, 0x00, 0x01, 0x05, 0x00, 0x11, 0x01, 0x00, 0x13, 0x22, 0x00, 0x33,
    0x9F, 0x00, 0x11, 0x01, 0x00, 0x10, 0x01, 0x00, 0x00, 0x29, 0x00, 0x11, 0x0C, 0x00, 0x00, 0x1F,
    0x00, 0x11, 0x01, 0x00, 0x10, 0x0D, 0x00, 0x00, 0x01, 0x00, 0x01, 0x05, 0x00, 0x11, 0x01, 0x00,
    0x13, 0x22, 0x00, 0x33, 0x9F, 0x00, 0x11, 0x01, 0x00, 0x10, 0x01, 0x00, 0x00, 0x01, 0x00, 0x01,
    0x2A, 0x00, 0x11, 0x0A, 0x00, 0x00, 0x1F, 0x00, 0x11, 0x01, 0x00, 0x10, 0x0D, 0x00, 0x00, 0x01,
    0x00, 0x01, 0x05, 0x00, 0x11, 0x01, 0x00, 0x13, 0x22, 0x00, 0x33, 0xA0, 0x00, 0x11, 0x01, 0x00,
    0x00, 0x01, 0x00, 0x01, 0x2C, 0x00, 0x11, 0x08, 0x00, 0x00, 0x1F, 0x00, 0x11, 0x01, 0x00, 0x10,
    0x0D, 0x00, 0x00, 0x01, 0x00, 0x01, 0x05, 0x00, 0x11, 0x01, 0x00, 0x13, 0x22, 0x00, 0x33, 0xA0,
    0x00, 0x11, 0x01, 0x00, 0x00, 0x01, 0x00, 0x01, 0x2E, 0x00, 0x11, 0x06, 0x00, 0x00, 0x1F, 0x00,
    0x11, 0x01, 0x00, 0x10, 0x0D, 0x00, 0x00, 0x01, 0x00, 0x01, 0x05, 0x00, 0x11, 0x01, 0x00, 0x13,
    0x22, 0x00, 0x33, 0xA0, 0x00, 0x11, 0x01, 0x00, 0x00, 0x01, 0x00, 0x01, 0x30, 0x00, 0x11, 0x04,
    0x00, 0x00, 0x1F, 0x00, 0x11, 0x01, 0x00, 0x10, 0x0D, 0x00, 0x00, 0x01, 0x00, 0x01, 0x05, 0x00,
    0x11, 0x01, 0x00, 0x13, 0x22, 0x00, 0x33, 0xA0, 0x00, 0x11, 0x01, 0x00, 0x00, 0x01, 0x00, 0x01,
    0x32, 0x00, 0x11, 0x02, 0x00, 0x00, 0x1F, 0x00, 0x11, 0x01, 0x00, 0x10, 0x0D, 0x00, 0x00, 0x01,
    0x00, 0x01, 0x05, 0x00, 0x11, 0x01, 0x00, 0x13, 0x22, 0x00, 0x33, 0x9F, 0x00, 0x11, 0x01, 0x00,
    0x10, 0x01, 0x00, 0x00, 0x01, 0x00, 0x01, 0x53, 0x00, 0x11, 0x01, 0x00, 0x10, 0x0D, 0x00, 0x00,
    0x01, 0x00, 0x01, 0x05, 0x00, 0x11, 0x01, 0x00, 0x13, 0x22, 0x00, 0x33, 0x9E, 0x00, 0x11, 0x01,
    0x00, 0x10, 0x02, 0x00, 0x00, 0x01, 0x00, 0x01, 0x53, 0x00, 0x11, 0x01, 0x00, 0x10, 0x0D, 0x00,
    0x00, 0x01, 0x00, 0x01, 0x05, 0x00, 0x11, 0x01, 0x00, 0x13, 0x22, 0x00, 0x33, 0x96, 0x00, 0x11,
    0x01, 0x00, 0x10, 0x0A, 0x00, 0x00, 0x54, 0x00, 0x11, 0x01, 0x00, 0x10, 0x0D, 0x00, 0x00, 0x01,
    0x00, 0x01, 0x05, 0x00, 0x11, 0x01, 0x00, 0x13, 0x22, 0x00, 0x33, 0x96, 0x00, 0x11, 0x01, 0x00,
    0x10, 0x0A, 0x00, 0x00, 0x54, 0x00, 0x11, 0x01, 0x00, 0x10, 0x0D, 0x00, 0x00, 0x01, 0x00, 0x01,
    0x05, 0x00, 0x11, 0x01, 0x00, 0x13, 0x22, 0x00, 0x33, 0x96, 0x00, 0x11, 0x01, 0x00, 0x10, 0x09,
    0x00, 0x00, 0x55, 0x00, 0x11, 0x01, 0x00, 0x10, 0x0D, 0x00, 0x00, 0x01, 0x00, 0x01, 0x05, 0x00,
    0x11, 0x01, 0x00, 0x13, 0x22, 0x00, 0x33, 0x96, 0x00, 0x11, 0x01, 0x00, 0x10, 0x08, 0x00, 0x00,
    0x56, 0x00, 0x11, 0x01, 0x00, 0x10, 0x0D, 0x00, 0x00, 0x01, 0x00, 0x01, 0x05, 0x00, 0x11, 0x01,
    0x00, 0x13, 0x22, 0x00, 0x33, 0xF5, 0x00, 0x11, 0x01, 0x00, 0x10, 0x0D, 0x00, 0x00, 0x01, 0x00,
    0x01, 0x05, 0x00, 0x11, 0x01, 0x00, 0x13, 0x22, 0x00, 0x33, 0xF5, 0x00, 0x11, 0x01, 0x00, 0x10,
    0x0D, 0x00, 0x00, 0x01, 0x00, 0x01, 0x05, 0x00, 0x11, 0x01, 0x00, 0x13, 0x22, 0x00, 0x33, 0xF5,
    0x00, 0x11, 0x01, 0x00, 0x10, 0x0D, 0x00, 0x00, 0x01, 0x00, 0x01, 0x05, 0x00, 0x11, 0x01, 0x00,
    0x13, 0x22, 0x00, 0x33, 0x9A, 0x00, 0x11, 0x03, 0x00, 0x00, 0x58, 0x00, 0x11, 0x01, 0x00, 0x10,
    0x0D, 0x00, 0x00, 0x01, 0x00, 0x01, 0x05, 0x00, 0x11, 0x01, 0x00, 0x13, 0x22, 0x00, 0x33, 0x98,
    0x00, 0x11, 0x01, 0x00, 0x10, 0x05, 0x00, 0x00, 0x01, 0x00, 0x01, 0x56, 0x00, 0x11, 0x01, 0x00,
    0x10, 0x0D, 0x00, 0x00, 0x01, 0x00, 0x01, 0x05, 0x00, 0x11, 0x01, 0x00, 0x13, 0x22, 0x00, 0x33,
    0x98, 0x00, 0x11, 0x07, 0x00, 0x00, 0x01, 0x00, 0x01, 0x55, 0x00, 0x11, 0x01, 0x00, 0x10, 0x0D,
    0x00, 0x00, 0x01, 0x00, 0x01, 0x05, 0x00, 0x11, 0x01, 0x00, 0x13, 0x22, 0x00, 0x33, 0x97, 0x00,
    0x11, 0x09, 0x00, 0x00, 0x55, 0x00, 0x11, 0x01, 0x00, 0x10, 0x0D, 0x00, 0x00, 0x01, 0x00, 0x01,
    0x05, 0x00, 0x11, 0x01, 0x00, 0x13, 0x22, 0x00, 0x33, 0x97, 0x00, 0x11, 0x03, 0x00, 0x00, 0x01,
    0x00, 0x01, 0x05, 0x00, 0x00, 0x01, 0x00, 0x01, 0x54, 0x00, 0x11, 0x01, 0x00, 0x10, 0x0D, 0x00,
    0x00, 0x01, 0x00, 0x01, 0x05, 0x00, 0x11, 0x01, 0x00, 0x13, 0x22, 0x00, 0x33, 0x96, 0x00, 0x11,
    0x01, 0x00, 0x10, 0x02, 0x00, 0x00, 0x02, 0x00, 0x11, 0x01, 0x00, 0x00, 0x01, 0x00, 0x01, 0x01,
    0x00, 0x11, 0x01, 0x00, 0x10, 0x02, 0x00, 0x00, 0x54, 0x00, 0x11, 0x01, 0x00, 0x10, 0x0D, 0x00,
    0x00, 0x01, 0x00, 0x01, 0x05, 0x00, 0x11, 0x01, 0x00, 0x13, 0x22, 0x00, 0x33, 0x96, 0x00, 0x11,
    0x02, 0x00, 0x00, 0x03, 0x00, 0x11, 0x01, 0x00, 0x00, 0x01, 0x00, 0x01, 0x02, 0x00, 0x11, 0x02,
    0x00, 0x00, 0x54, 0x00, 0x11, 0x01, 0x00, 0x10, 0x0D, 0x00, 0x00, 0x01, 0x00, 0x01, 0x05, 0x00,
    0x11, 0x01, 0x00, 0x13, 0x22, 0x00, 0x33, 0x96, 0x00, 0x11, 0x02, 0x00, 0x00, 0x03, 0x00, 0x11,
    0x01, 0x00, 0x00, 0x01, 0x00, 0x01, 0x02, 0x00, 0x11, 0x01, 0x00, 0x10, 0x01, 0x00, 0x00, 0x01,
    0x00, 0x01, 0x53, 0x00, 0x11, 0x01, 0x00, 0x10, 0x0D, 0x00, 0x00, 0x01, 0x00, 0x01, 0x05, 0x00,
    0x11, 0x01, 0x00, 0x13, 0x22, 0x00, 0x33, 0x96, 0x00, 0x11, 0x01, 0x00, 0x00, 0x01, 0x00, 0x01,
    0x03, 0x00, 0x11, 0x01, 0x00, 0x00, 0x01, 0x00, 0x01, 0x03, 0x00, 0x11, 0x01, 0x00, 0x00, 0x01,
    0x00, 0x01, 0x53, 0x00, 0x11, 0x01, 0x00, 0x10, 0x0D, 0x00, 0x00, 0x01, 0x00, 0x01, 0x05, 0x00,
    0x11, 0x01, 0x00, 0x13, 0x22, 0x00, 0x33, 0x96, 0x00, 0x11, 0x01, 0x00, 0x00, 0x01, 0x00, 0x01,
    0x03, 0x00, 0x11, 0x01, 0x00, 0x00, 0x01, 0x00, 0x01, 0x03, 0x00, 0x11, 0x01, 0x00, 0x00, 0x01,
    0x00, 0x01, 0x53, 0x00, 0x11, 0x01, 0x00, 0x10, 0x0D, 0x00, 0x00, 0x01, 0x00, 0x01, 0x05, 0x00,
    0x11, 0x01, 0x00, 0x13, 0x22, 0x00, 0x33, 0x96, 0x00, 0x11, 0x01, 0x00, 0x00, 0x01, 0x00, 0x01,
    0x03, 0x00, 0x11, 0x01, 0x00, 0x00, 0x01, 0x00, 0x01, 0x03, 0x00, 0x11, 0x01, 0x00, 0x00, 0x01,
    0x00, 0x01, 0x53, 0x00, 0x11, 0x01, 0x00, 0x10, 0x0D, 0x00, 0x00, 0x01, 0x00, 0x01, 0x05, 0x00,
    0x11, 0x01, 0x00, 0x13, 0x22, 0x00, 0x33, 0x96, 0x00, 0x11, 0x01, 0x00, 0x00, 0x01, 0x00, 0x01,
    0x03, 0x00, 0x11, 0x01, 0x00, 0x00, 0x01, 0x00, 0x01, 0x03, 0x00, 0x11, 0x01, 0x00, 0x00, 0x01,
    0x00, 0x01, 0x53, 0x00, 0x11, 0x01, 0x00, 0x10, 0x0D, 0x00, 0x00, 0x01, 0x00, 0x01, 0x05, 0x00,
    0x11, 0x01, 0x00, 0x13, 0x22, 0x00, 0x33, 0x96, 0x00, 0x11, 0x02, 0x00, 0x00, 0x03, 0x00, 0x11,
    0x01, 0x00, 0x00, 0x01, 0x00, 0x01, 0x02, 0x00, 0x11, 0x01, 0x00, 0x10, 0x01, 0x00, 0x00, 0x01,
    0x00, 0x01, 0x53, 0x00, 0x11, 0x01, 0x00, 0x10, 0x0D, 0x00, 0x00, 0x01, 0x00, 0x01, 0x05, 0x00,
    0x11, 0x01, 0x00, 0x13, 0x22, 0x00, 0x33, 0x96, 0x00, 0x11, 0x02, 0x00, 0x00, 0x03, 0x00, 0x11,
    0x01, 0x00, 0x00, 0x01, 0x00, 0x01, 0x02, 0x00, 0x11, 0x01, 0x00, 0x10, 0x01, 0x00, 0x00, 0x01,
    0x00, 0x01, 0x53, 0x00, 0x11, 0x01, 0x00, 0x10, 0x0D, 0x00, 0x00, 0x01, 0x00, 0x01, 0x05, 0x00,
    0x11, 0x01, 0x00, 0x13, 0x22, 0x00, 0x33, 0x96, 0x00, 0x11, 0x01, 0x00, 0x10, 0x01, 0x00, 0x00,
    0x01, 0x00, 0x01, 0x02, 0x00, 0x11, 0x01, 0x00, 0x00, 0x01, 0x00, 0x01, 0x01, 0x00, 0x11, 0x01,
    0x00, 0x10, 0x02, 0x00, 0x00, 0x54, 0x00, 0x11, 0x01, 0x00, 0x10, 0x0D, 0x00, 0x00, 0x01, 0x00,
    0x01, 0x05, 0x00, 0x11, 0x01, 0x00, 0x13, 0x22, 0x00, 0x33, 0x96, 0x00, 0x11, 0x01, 0x00, 0x10,
    0x02, 0x00, 0x00, 0x01, 0x00, 0x01, 0x01, 0x00, 0x11, 0x01, 0x00, 0x00, 0x01, 0x00, 0x01, 0x03,
    0x00, 0x00, 0x01, 0x00, 0x01, 0x54, 0x00, 0x11, 0x01, 0x00, 0x10, 0x0D, 0x00, 0x00, 0x01, 0x00,
    0x01, 0x05, 0x00, 0x11, 0x01, 0x00, 0x13, 0x22, 0x00, 0x33, 0x97, 0x00, 0x11, 0x02, 0x00, 0x00,
    0x01, 0x00, 0x01, 0x01, 0x00, 0x11, 0x05, 0x00, 0x00, 0x01, 0x00, 0x01, 0x54, 0x00, 0x11, 0x01,
    0x00, 0x10, 0x0D, 0x00, 0x00, 0x01, 0x00, 0x01, 0x05, 0x00, 0x11, 0x01, 0x00, 0x13, 0x22, 0x00,
    0x33, 0x97, 0x00, 0x11, 0x01, 0x00, 0x10, 0x01, 0x00, 0x00, 0x01, 0x00, 0x01, 0x01, 0x00, 0x11,
    0x05, 0x00, 0x00, 0x55, 0x00, 0x11, 0x01, 0x00, 0x10, 0x0D, 0x00, 0x00, 0x01, 0x00, 0x01, 0x05,
    0x00, 0x11, 0x01, 0x00, 0x13, 0x22, 0x00, 0x33, 0x98, 0x00, 0x11, 0x01, 0x00, 0x10, 0x01, 0x00,
    0x01, 0x01, 0x00, 0x11, 0x04, 0x00, 0x00, 0x56, 0x00, 0x11, 0x01, 0x00, 0x10, 0x0D, 0x00, 0x00,
    0x01, 0x00, 0x01, 0x05, 0x00, 0x11, 0x01, 0x00, 0x13, 0x22, 0x00, 0x33, 0x9B, 0x00, 0x11, 0x02,
    0x00, 0x00, 0x58, 0x00, 0x11, 0x01, 0x00, 0x10, 0x0D, 0x00, 0x00, 0x01, 0x00, 0x01, 0x05, 0x00,
    0x11, 0x01, 0x00, 0x13, 0x22, 0x00, 0x33, 0xB9, 0x00, 0x11, 0x1D, 0x00, 0x00, 0x1F, 0x00, 0x11,
    0x01, 0x00, 0x10, 0x0D, 0x00, 0x00, 0x01, 0x00, 0x01, 0x05, 0x00, 0x11, 0x01, 0x00, 0x13, 0x22,
    0x00, 0x33, 0xB9, 0x00, 0x11, 0x1D, 0x00, 0x00, 0x1F, 0x00, 0x11, 0x01, 0x00, 0x10, 0x0D, 0x00,
    0x00, 0x01, 0x00, 0x01, 0x05, 0x00, 0x11, 0x01, 0x00, 0x13, 0x22, 0x00, 0x33, 0x99, 0x00, 0x11,
    0x01, 0x00, 0x10, 0x03, 0x00, 0x00, 0x01, 0x00, 0x01, 0x1B, 0x00, 0x11, 0x1D, 0x00, 0x00, 0x1F,
    0x00, 0x11, 0x01, 0x00, 0x10, 0x0D, 0x00, 0x00, 0x01, 0x00, 0x01, 0x05, 0x00, 0x11, 0x01, 0x00,
    0x13, 0x22, 0x00, 0x33, 0x98, 0x00, 0x11, 0x01, 0x00, 0x10, 0x06, 0x00, 0x00, 0x1A, 0x00, 0x11,
    0x1D, 0x00, 0x00, 0x1F, 0x00, 0x11, 0x01, 0x00, 0x10, 0x0D, 0x00, 0x00, 0x01, 0x00, 0x01, 0x05,
    0x00, 0x11, 0x01, 0x00, 0x13, 0x22, 0x00, 0x33, 0x97, 0x00, 0x11, 0x01, 0x00, 0x10, 0x08, 0x00,
    0x00, 0x19, 0x00, 0x11, 0x1D, 0x00, 0x00, 0x1F, 0x00, 0x11, 0x01, 0x00, 0x10, 0x0D, 0x00, 0x00,
    0x01, 0x00, 0x01, 0x05, 0x00, 0x11, 0x01, 0x00, 0x13, 0x22, 0x00, 0x33, 0x97, 0x00, 0x11, 0x09,
    0x00, 0x00, 0x01, 0x00, 0x01, 0x18, 0x00, 0x11, 0x1D, 0x00, 0x00, 0x1F, 0x00, 0x11, 0x01, 0x00,
    0x10, 0x0D, 0x00, 0x00, 0x01, 0x00, 0x01, 0x05, 0x00, 0x11, 0x01, 0x00, 0x13, 0x22, 0x00, 0x33,
    0x96, 0x00, 0x11, 0x01, 0x00, 0x10, 0x03, 0x00, 0x00, 0x03, 0x00, 0x11, 0x01, 0x00, 0x10, 0x03,
    0x00, 0x00, 0x18, 0x00, 0x11, 0x1D, 0x00, 0x00, 0x1F, 0x00, 0x11, 0x01, 0x00, 0x10, 0x0D, 0x00,
    0x00, 0x01, 0x00, 0x01, 0x05, 0x00, 0x11, 0x01, 0x00, 0x13, 0x22, 0x00, 0x33, 0x96, 0x00, 0x11,
    0x01, 0x00, 0x10, 0x01, 0x00, 0x00, 0x01, 0x00, 0x01, 0x05, 0x00, 0x11, 0x01, 0x00, 0x10, 0x02,
    0x00, 0x00, 0x18, 0x00, 0x11, 0x1D, 0x00, 0x00, 0x1F, 0x00, 0x11, 0x01, 0x00, 0x10, 0x0D, 0x00,
    0x00, 0x01, 0x00, 0x01, 0x05, 0x00, 0x11, 0x01, 0x00, 0x13, 0x22, 0x00, 0x33, 0x96, 0x00, 0x11,
    0x02, 0x00, 0x00, 0x07, 0x00, 0x11, 0x01, 0x00, 0x10, 0x01, 0x00, 0x00, 0x01, 0x00, 0x01, 0x17,
    0x00, 0x11, 0x03, 0x00, 0x00, 0x01, 0x00, 0x01, 0x09, 0x00, 0x11, 0x03, 0x00, 0x00, 0x01, 0x00,
    0x01, 0x08, 0x00, 0x11, 0x01, 0x00, 0x10, 0x03, 0x00, 0x00, 0x1F, 0x00, 0x11, 0x01, 0x00, 0x10,
    0x0D, 0x00, 0x00, 0x01, 0x00, 0x01, 0x05, 0x00, 0x11, 0x01, 0x00, 0x13, 0x22, 0x00, 0x33, 0x96,
    0x00, 0x11, 0x02, 0x00, 0x00, 0x07, 0x00, 0x11, 0x01, 0x00, 0x10, 0x01, 0x00, 0x00, 0x01, 0x00,
    0x01, 0x17, 0x00, 0x11, 0x03, 0x00, 0x00, 0x01, 0x00, 0x01, 0x09, 0x00, 0x11, 0x03, 0x00, 0x00,
    0x01, 0x00, 0x01, 0x08, 0x00, 0x11, 0x01, 0x00, 0x10, 0x03, 0x00, 0x00, 0x1F, 0x00, 0x11, 0x01,
    0x00, 0x10, 0x0D, 0x00, 0x00, 0x01, 0x00, 0x01, 0x05, 0x00, 0x11, 0x01, 0x00, 0x13, 0x22, 0x00,
    0x33, 0x96, 0x00, 0x11, 0x01, 0x00, 0x00, 0x01, 0x00, 0x01, 0x08, 0x00, 0x11, 0x01, 0x00, 0x00,
    0x01, 0x00, 0x01, 0x17, 0x00, 0x11, 0x03, 0x00, 0x00, 0x01, 0x00, 0x01, 0x09, 0x00, 0x11, 0x03,
    0x00, 0x00, 0x01, 0x00, 0x01, 0x08, 0x00, 0x11, 0x01, 0x00, 0x10, 0x03, 0x00, 0x00, 0x1F, 0x00,
    0x11, 0x01, 0x00, 0x10, 0x0D, 0x00, 0x00, 0x01, 0x00, 0x01, 0x05, 0x00, 0x11, 0x01, 0x00, 0x13,
    0x22, 0x00, 0x33, 0x96, 0x00, 0x11, 0x01, 0x00, 0x00, 0x01, 0x00, 0x01, 0x08, 0x00, 0x11, 0x01,
    0x00, 0x00, 0x01, 0x00, 0x01, 0x17, 0x00, 0x11, 0x03, 0x00, 0x00, 0x01, 0x00, 0x01, 0x09, 0x00,
    0x11, 0x03, 0x00, 0x00, 0x01, 0x00, 0x01, 0x08, 0x00, 0x11, 0x01, 0x00, 0x10, 0x03, 0x00, 0x00,
    0x1F, 0x00, 0x11, 0x01, 0x00, 0x10, 0x0D, 0x00, 0x00, 0x01, 0x00, 0x01, 0x05, 0x00, 0x11, 0x01,
    0x00, 0x13, 0x22, 0x00, 0x33, 0x96, 0x00, 0x11, 0x01, 0x00, 0x00, 0x01, 0x00, 0x01, 0x08, 0x00,
    0x11, 0x01, 0x00, 0x00, 0x01, 0x00, 0x01, 0x17, 0x00, 0x11, 0x03, 0x00, 0x00, 0x01, 0x00, 0x01,
    0x09, 0x00, 0x11, 0x03, 0x00, 0x00, 0x01, 0x00, 0x01, 0x08, 0x00, 0x11, 0x01, 0x00, 0x10, 0x03,
    0x00, 0x00, 0x1F, 0x00, 0x11, 0x01, 0x00, 0x10, 0x0D, 0x00, 0x00, 0x01, 0x00, 0x01, 0x05, 0x00,
    0x11, 0x01, 0x00, 0x13, 0x22, 0x00, 0x33, 0x96, 0x00, 0x11, 0x02, 0x00, 0x00, 0x08, 0x00, 0x11,
    0x01, 0x00, 0x00, 0x01, 0x00, 0x01, 0x17, 0x00, 0x11, 0x03, 0x00, 0x00, 0x01, 0x00, 0x01, 0x09,
    0x00, 0x11, 0x03, 0x00, 0x00, 0x01, 0x00, 0x01, 0x08, 0x00, 0x11, 0x01, 0x00, 0x10, 0x03, 0x00,
    0x00, 0x1F, 0x00, 0x11, 0x01, 0x00, 0x10, 0x0D, 0x00, 0x00, 0x01, 0x00, 0x01, 0x05, 0x00, 0x11,
    0x01, 0x00, 0x13, 0x22, 0x00, 0x33, 0x96, 0x00, 0x11, 0x02, 0x00, 0x00, 0x07, 0x00, 0x11, 0x01,
    0x00, 0x10, 0x01, 0x00, 0x00, 0x01, 0x00, 0x01, 0x17, 0x00, 0x11, 0x03, 0x00, 0x00, 0x01, 0x00,
    0x01, 0x09, 0x00, 0x11, 0x03, 0x00, 0x00, 0x01, 0x00, 0x01, 0x08, 0x00, 0x11, 0x01, 0x00, 0x10,
    0x03, 0x00, 0x00, 0x1F, 0x00, 0x11, 0x01, 0x00, 0x10, 0x0D, 0x00, 0x00, 0x01, 0x00, 0x01, 0x05,
    0x00, 0x11, 0x01, 0x00, 0x13, 0x22, 0x00, 0x33, 0x96, 0x00, 0x11, 0x01, 0x00, 0x10, 0x02, 0x00,
    0x00, 0x06, 0x00, 0x11, 0x02, 0x00, 0x00, 0x18, 0x00, 0x11, 0x03, 0x00, 0x00, 0x01, 0x00, 0x01,
    0x09, 0x00, 0x11, 0x03, 0x00, 0x00, 0x01, 0x00, 0x01, 0x08, 0x00, 0x11, 0x01, 0x00, 0x10, 0x03,
    0x00, 0x00, 0x1F, 0x00, 0x11, 0x01, 0x00, 0x10, 0x0D, 0x00, 0x00, 0x01, 0x00, 0x01, 0x05, 0x00,
    0x11, 0x01, 0x00, 0x13, 0x22, 0x00, 0x33, 0x96, 0x00, 0x11, 0x01, 0x00, 0x10, 0x03, 0x00, 0x00,
    0x03, 0x00, 0x11, 0x01, 0x00, 0x10, 0x03, 0x00, 0x00, 0x18, 0x00, 0x11, 0x03, 0x00, 0x00, 0x01,
    0x00, 0x01, 0x09, 0x00, 0x11, 0x03, 0x00, 0x00, 0x01, 0x00, 0x01, 0x08, 0x00, 0x11, 0x01, 0x00,
    0x10, 0x03, 0x00, 0x00, 0x1F, 0x00, 0x11, 0x01, 0x00, 0x10, 0x0D, 0x00, 0x00, 0x01, 0x00, 0x01,
    0x05, 0x00, 0x11, 0x01, 0x00, 0x13, 0x22, 0x00, 0x33, 0x97, 0x00, 0x11, 0x03, 0x00, 0x00, 0x03,
    0x00, 0x11, 0x01, 0x00, 0x10, 0x02, 0x00, 0x00, 0x01, 0x00, 0x01, 0x18, 0x00, 0x11, 0x03, 0x00,
    0x00, 0x01, 0x00, 0x01, 0x09, 0x00, 0x11, 0x03, 0x00, 0x00, 0x01, 0x00, 0x01, 0x08, 0x00, 0x11,
    0x01, 0x00, 0x10, 0x03, 0x00, 0x00, 0x1F, 0x00, 0x11, 0x01, 0x00, 0x10, 0x0D, 0x00, 0x00, 0x01,
    0x00, 0x01, 0x05, 0x00, 0x11, 0x01, 0x00, 0x13, 0x22, 0x00, 0x33, 0x97, 0x00, 0x11, 0x01, 0x00,
    0x10, 0x02, 0x00, 0x00, 0x03, 0x00, 0x11, 0x01, 0x00, 0x10, 0x02, 0x00, 0x00, 0x19, 0x00, 0x11,
    0x03, 0x00, 0x00, 0x01, 0x00, 0x01, 0x09, 0x00, 0x11, 0x03, 0x00, 0x00, 0x01, 0x00, 0x01, 0x08,
    0x00, 0x11, 0x01, 0x00, 0x10, 0x03, 0x00, 0x00, 0x1F, 0x00, 0x11, 0x01, 0x00, 0x10, 0x0D, 0x00,
    0x00, 0x01, 0x00, 0x01, 0x05, 0x00, 0x11, 0x01, 0x00, 0x13, 0x22, 0x00, 0x33, 0x98, 0x00, 0x11,
    0x01, 0x00, 0x10, 0x01, 0x00, 0x00, 0x03, 0x00, 0x11, 0x01, 0x00, 0x10, 0x01, 0x00, 0x00, 0x1A,
    0x00, 0x11, 0x03, 0x00, 0x00, 0x01, 0x00, 0x01, 0x09, 0x00, 0x11, 0x03, 0x00, 0x00, 0x01, 0x00,
    0x01, 0x08, 0x00, 0x11, 0x01, 0x00, 0x10, 0x03, 0x00, 0x00, 0x1F, 0x00, 0x11, 0x01, 0x00, 0x10,
    0x0D, 0x00, 0x00, 0x01, 0x00, 0x01, 0x05, 0x00, 0x11, 0x01, 0x00, 0x13, 0x22, 0x00, 0x33, 0xB9,
    0x00, 0x11, 0x03, 0x00, 0x00, 0x01, 0x00, 0x01, 0x09, 0x00, 0x11, 0x03, 0x00, 0x00, 0x01, 0x00,
    0x01, 0x08, 0x00, 0x11, 0x01, 0x00, 0x10, 0x03, 0x00, 0x00, 0x1F, 0x00, 0x11, 0x01, 0x00, 0x10,
    0x0D, 0x00, 0x00, 0x01, 0x00, 0x01, 0x05, 0x00, 0x11, 0x01, 0x00, 0x13, 0x22, 0x00, 0x33, 0x9F,
    0x00, 0x11, 0x01, 0x00, 0x10, 0x01, 0x00, 0x00, 0x18, 0x00, 0x11, 0x03, 0x00, 0x00, 0x01, 0x00,
    0x01, 0x09, 0x00, 0x11, 0x03, 0x00, 0x00, 0x01, 0x00, 0x01, 0x08, 0x00, 0x11, 0x01, 0x00, 0x10,
    0x03, 0x00, 0x00, 0x1F, 0x00, 0x11, 0x01, 0x00, 0x10, 0x0D, 0x00, 0x00, 0x01, 0x00, 0x01, 0x05,
    0x00, 0x11, 0x01, 0x00, 0x13, 0x22, 0x00, 0x33, 0x9F, 0x00, 0x11, 0x01, 0x00, 0x10, 0x01, 0x00,
    0x00, 0x18, 0x00, 0x11, 0x03, 0x00, 0x00, 0x01, 0x00, 0x01, 0x09, 0x00, 0x11, 0x03, 0x00, 0x00,
    0x01, 0x00, 0x01, 0x08, 0x00, 0x11, 0x01, 0x00, 0x10, 0x03, 0x00, 0x00, 0x1F, 0x00, 0x11, 0x01,
    0x00, 0x10, 0x0D, 0x00, 0x00, 0x01, 0x00, 0x01, 0x05, 0x00, 0x11, 0x01, 0x00, 0x13, 0x22, 0x00,
    0x33, 0x9F, 0x00, 0x11, 0x01, 0x00, 0x10, 0x01, 0x00, 0x00, 0x18, 0x00, 0x11, 0x03, 0x00, 0x00,
    0x01, 0x00, 0x01, 0x09, 0x00, 0x11, 0x03, 0x00, 0x00, 0x01, 0x00, 0x01, 0x08, 0x00, 0x11, 0x01,
    0x00, 0x10, 0x03, 0x00, 0x00, 0x1F, 0x00, 0x11, 0x01, 0x00, 0x10, 0x0D, 0x00, 0x00, 0x01, 0x00,
    0x01, 0x05, 0x00, 0x11, 0x01, 0x00, 0x13, 0x22, 0x00, 0x33, 0x97, 0x00, 0x11, 0x01, 0x00, 0x10,
    0x0C, 0x00, 0x00, 0x15, 0x00, 0x11, 0x03, 0x00, 0x00, 0x01, 0x00, 0x01, 0x09, 0x00, 0x11, 0x03,
    0x00, 0x00, 0x01, 0x00, 0x01, 0x08, 0x00, 0x11, 0x01, 0x00, 0x10, 0x03, 0x00, 0x00, 0x1F, 0x00,
    0x11, 0x01, 0x00, 0x10, 0x0D, 0x00, 0x00, 0x01, 0x00, 0x01, 0x05, 0x00, 0x11, 0x01, 0x00, 0x13,
    0x22, 0x00, 0x33, 0x97, 0x00, 0x11, 0x0D, 0x00, 0x00, 0x15, 0x00, 0x11, 0x03, 0x00, 0x00, 0x01,
    0x00, 0x01, 0x09, 0x00, 0x11, 0x03, 0x00, 0x00, 0x01, 0x00, 0x01, 0x08, 0x00, 0x11, 0x01, 0x00,
    0x10, 0x03, 0x00, 0x00, 0x1F, 0x00, 0x11, 0x01, 0x00, 0x10, 0x0D, 0x00, 0x00, 0x01, 0x00, 0x01,
    0x05, 0x00, 0x11, 0x01, 0x00, 0x13, 0x22, 0x00, 0x33, 0x96, 0x00, 0x11, 0x01, 0x00, 0x10, 0x0D,
    0x00, 0x00, 0x15, 0x00, 0x11, 0x03, 0x00, 0x00, 0x01, 0x00, 0x01, 0x09, 0x00, 0x11, 0x04, 0x00,
    0x00, 0x08, 0x00, 0x11, 0x04, 0x00, 0x00, 0x1F, 0x00, 0x11, 0x01, 0x00, 0x10, 0x0D, 0x00, 0x00,
    0x01, 0x00, 0x01, 0x05, 0x00, 0x11, 0x01, 0x00, 0x13, 0x22, 0x00, 0x33, 0x96, 0x00, 0x11, 0x01,
    0x00, 0x10, 0x0D, 0x00, 0x00, 0x15, 0x00, 0x11, 0x03, 0x00, 0x00, 0x01, 0x00, 0x01, 0x08, 0x00,
    0x11, 0x01, 0x00, 0x10, 0x04, 0x00, 0x00, 0x08, 0x00, 0x11, 0x04, 0x00, 0x00, 0x1F, 0x00, 0x11,
    0x01, 0x00, 0x10, 0x0D, 0x00, 0x00, 0x01, 0x00, 0x01, 0x05, 0x00, 0x11, 0x01, 0x00, 0x13, 0x22,
    0x00, 0x33, 0x96, 0x00, 0x11, 0x01, 0x00, 0x10, 0x01, 0x00, 0x00, 0x01, 0x00, 0x01, 0x06, 0x00,
    0x11, 0x01, 0x00, 0x10, 0x01, 0x00, 0x00, 0x18, 0x00, 0x11, 0x04, 0x00, 0x00, 0x08, 0x00, 0x11,
    0x01, 0x00, 0x10, 0x04, 0x00, 0x00, 0x08, 0x00, 0x11, 0x04, 0x00, 0x00, 0x1F, 0x00, 0x11, 0x01,
    0x00, 0x10, 0x0D, 0x00, 0x00, 0x01, 0x00, 0x01, 0x05, 0x00, 0x11, 0x01, 0x00, 0x13, 0x22, 0x00,
    0x33, 0x96, 0x00, 0x11, 0x01, 0x00, 0x10, 0x01, 0x00, 0x00, 0x07, 0x00, 0x11, 0x01, 0x00, 0x10,
    0x01, 0x00, 0x00, 0x18, 0x00, 0x11, 0x04, 0x00, 0x00, 0x08, 0x00, 0x11, 0x01, 0x00, 0x10, 0x04,
    0x00, 0x00, 0x01, 0x00, 0x01, 0x06, 0x00, 0x11, 0x01, 0x00, 0x10, 0x04, 0x00, 0x00, 0x1F, 0x00,
    0x11, 0x01, 0x00, 0x10, 0x0D, 0x00, 0x00, 0x01, 0x00, 0x01, 0x05, 0x00, 0x11, 0x01, 0x00, 0x13,
    0x22, 0x00, 0x33, 0x96, 0x00, 0x11, 0x01, 0x00, 0x10, 0x01, 0x00, 0x00, 0x07, 0x00, 0x11, 0x01,
    0x00, 0x10, 0x01, 0x00, 0x00, 0x18, 0x00, 0x11, 0x04, 0x00, 0x00, 0x08, 0x00, 0x11, 0x01, 0x00,
    0x10, 0x04, 0x00, 0x00, 0x01, 0x00, 0x01, 0x06, 0x00, 0x11, 0x01, 0x00, 0x10, 0x04, 0x00, 0x00,
    0x1F, 0x00, 0x11, 0x01, 0x00, 0x10, 0x0D, 0x00, 0x00, 0x01, 0x00, 0x01, 0x05, 0x00, 0x11, 0x01,
    0x00, 0x13, 0x22, 0x00, 0x33, 0xB9, 0x00, 0x11, 0x01, 0x00, 0x10, 0x03, 0x00, 0x00, 0x01, 0x00,
    0x01, 0x07, 0x00, 0x11, 0x06, 0x00, 0x00, 0x06, 0x00, 0x11, 0x04, 0x00, 0x00, 0x01, 0x00, 0x01,
    0x1F, 0x00, 0x11, 0x01, 0x00, 0x10, 0x0D, 0x00, 0x00, 0x01, 0x00, 0x01, 0x05, 0x00, 0x11, 0x01,
    0x00, 0x13, 0x22, 0x00, 0x33, 0xB9, 0x00, 0x11, 0x01, 0x00, 0x10, 0x03, 0x00, 0x00, 0x01, 0x00,
    0x01, 0x07, 0x00, 0x11, 0x07, 0x00, 0x00, 0x04, 0x00, 0x11, 0x01, 0x00, 0x10, 0x04, 0x00, 0x00,
    0x01, 0x00, 0x01, 0x1F, 0x00, 0x11, 0x01, 0x00, 0x10, 0x0D, 0x00, 0x00, 0x01, 0x00, 0x01, 0x05,
    0x00, 0x11, 0x01, 0x00, 0x13, 0x22, 0x00, 0x33, 0xB9, 0x00, 0x11, 0x01, 0x00, 0x10, 0x04, 0x00,
    0x00, 0x06, 0x00, 0x11, 0x01, 0x00, 0x10, 0x10, 0x00, 0x00, 0x20, 0x00, 0x11, 0x01, 0x00, 0x10,
    0x0D, 0x00, 0x00, 0x01, 0x00, 0x01, 0x05, 0x00, 0x11, 0x01, 0x00, 0x13, 0x22, 0x00, 0x33, 0xBA,
    0x00, 0x11, 0x04, 0x00, 0x00, 0x01, 0x00, 0x01, 0x05, 0x00, 0x11, 0x04, 0x00, 0x00, 0x01, 0x00,
    0x10, 0x0C, 0x00, 0x00, 0x20, 0x00, 0x11, 0x01, 0x00, 0x10, 0x0D, 0x00, 0x00, 0x01, 0x00, 0x01,
    0x05, 0x00, 0x11, 0x01, 0x00, 0x13, 0x22, 0x00, 0x33, 0xBA, 0x00, 0x11, 0x05, 0x00, 0x00, 0x01,
    0x00, 0x01, 0x03, 0x00, 0x11, 0x05, 0x00, 0x00, 0x01, 0x00, 0x10, 0x0B, 0x00, 0x00, 0x01, 0x00,
    0x01, 0x20, 0x00, 0x11, 0x01, 0x00, 0x10, 0x0D, 0x00, 0x00, 0x01, 0x00, 0x01, 0x05, 0x00, 0x11,
    0x01, 0x00, 0x13, 0x22, 0x00, 0x33, 0xBA, 0x00, 0x11, 0x01, 0x00, 0x10, 0x0C, 0x00, 0x00, 0x01,
    0x00, 0x01, 0x01, 0x00, 0x11, 0x0B, 0x00, 0x00, 0x01, 0x00, 0x01, 0x20, 0x00, 0x11, 0x01, 0x00,
    0x10, 0x0D, 0x00, 0x00, 0x01, 0x00, 0x01, 0x05, 0x00, 0x11, 0x01, 0x00, 0x13, 0x22, 0x00, 0x33,
    0xBA, 0x00, 0x11, 0x01, 0x00, 0x10, 0x0C, 0x00, 0x00, 0x01, 0x00, 0x01, 0x01, 0x00, 0x11, 0x01,
    0x00, 0x10, 0x0A, 0x00, 0x00, 0x21, 0x00, 0x11, 0x01, 0x00, 0x10, 0x0D, 0x00, 0x00, 0x01, 0x00,
    0x01, 0x05, 0x00, 0x11, 0x01, 0x00, 0x13, 0x22, 0x00, 0x33, 0xBB, 0x00, 0x11, 0x0C, 0x00, 0x00,
    0x03, 0x00, 0x11, 0x09, 0x00, 0x00, 0x01, 0x00, 0x01, 0x21, 0x00, 0x11, 0x01, 0x00, 0x10, 0x0D,
    0x00, 0x00, 0x01, 0x00, 0x01, 0x05, 0x00, 0x11, 0x01, 0x00, 0x13, 0x22, 0x00, 0x33, 0xBB, 0x00,
    0x11, 0x01, 0x00, 0x10, 0x0B, 0x00, 0x00, 0x03, 0x00, 0x11, 0x01, 0x00, 0x10, 0x07, 0x00, 0x00,
    0x01, 0x00, 0x01, 0x22, 0x00, 0x11, 0x01, 0x00, 0x10, 0x0D, 0x00, 0x00, 0x01, 0x00, 0x01, 0x05,
    0x00, 0x11, 0x01, 0x00, 0x13, 0x22, 0x00, 0x33, 0xBC, 0x00, 0x11, 0x0A, 0x00, 0x00, 0x01, 0x00,
    0x01, 0x04, 0x00, 0x11, 0x01, 0x00, 0x10, 0x05, 0x00, 0x00, 0x01, 0x00, 0x01, 0x23, 0x00, 0x11,
    0x01, 0x00, 0x10, 0x0D, 0x00, 0x00, 0x01, 0x00, 0x01, 0x05, 0x00, 0x11, 0x01, 0x00, 0x13, 0x22,
    0x00, 0x33, 0xBD, 0x00, 0x11, 0x09, 0x00, 0x00, 0x08, 0x00, 0x11, 0x01, 0x00, 0x00, 0x01, 0x00,
    0x01, 0x25, 0x00, 0x11, 0x01, 0x00, 0x10, 0x0D, 0x00, 0x00, 0x01, 0x00, 0x01, 0x05, 0x00, 0x11,
    0x01, 0x00, 0x13, 0x22, 0x00, 0x33, 0xBD, 0x00, 0x11, 0x01, 0x00, 0x10, 0x07, 0x00, 0x00, 0x30,
    0x00, 0x11, 0x01, 0x00, 0x10, 0x0D, 0x00, 0x00, 0x01, 0x00, 0x01, 0x05, 0x00, 0x11, 0x01, 0x00,
    0x13, 0x22, 0x00, 0x33, 0xBE, 0x00, 0x11, 0x01, 0x00, 0x10, 0x05, 0x00, 0x00, 0x31, 0x00, 0x11,
    0x01, 0x00, 0x10, 0x0D, 0x00, 0x00, 0x01, 0x00, 0x01, 0x05, 0x00, 0x11, 0x01, 0x00, 0x13, 0x22,
    0x00, 0x33, 0xF5, 0x00, 0x11, 0x01, 0x00, 0x10, 0x0D, 0x00, 0x00, 0x01, 0x00, 0x01, 0x05, 0x00,
    0x11, 0x01, 0x00, 0x13, 0x22, 0x00, 0x33, 0x99, 0x00, 0x11, 0x01, 0x00, 0x10, 0x03, 0x00, 0x00,
    0x01, 0x00, 0x01, 0x57, 0x00, 0x11, 0x01, 0x00, 0x10, 0x0D, 0x00, 0x00, 0x01, 0x00, 0x01, 0x05,
    0x00, 0x11, 0x01, 0x00, 0x13, 0x22, 0x00, 0x33, 0x98, 0x00, 0x11, 0x01, 0x00, 0x10, 0x06, 0x00,
    0x00, 0x56, 0x00, 0x11, 0x01, 0x00, 0x10, 0x0D, 0x00, 0x00, 0x01, 0x00, 0x01, 0x05, 0x00, 0x11,
    0x01, 0x00, 0x13, 0x22, 0x00, 0x33, 0x97, 0x00, 0x11, 0x01, 0x00, 0x10, 0x08, 0x00, 0x00, 0x55,
    0x00, 0x11, 0x01, 0x00, 0x10, 0x0D, 0x00, 0x00, 0x01, 0x00, 0x01, 0x05, 0x00, 0x11, 0x01, 0x00,
    0x13, 0x22, 0x00, 0x33, 0x97, 0x00, 0x11, 0x09, 0x00, 0x00, 0x01, 0x00, 0x01, 0x54, 0x00, 0x11,
    0x01, 0x00, 0x10, 0x0D, 0x00, 0x00, 0x01, 0x00, 0x01, 0x05, 0x00, 0x11, 0x01, 0x00, 0x13, 0x22,
    0x00, 0x33, 0x96, 0x00, 0x11, 0x01, 0x00, 0x10, 0x03, 0x00, 0x00, 0x03, 0x00, 0x11, 0x01, 0x00,
    0x10, 0x03, 0x00, 0x00, 0x18, 0x00, 0x11, 0x01, 0x00, 0x01, 0x3B, 0x00, 0x11, 0x01, 0x00, 0x10,
    0x0D, 0x00, 0x00, 0x01, 0x00, 0x01, 0x05, 0x00, 0x11, 0x01, 0x00, 0x13, 0x22, 0x00, 0x33, 0x96,
    0x00, 0x11, 0x01, 0x00, 0x10, 0x01, 0x00, 0x00, 0x01, 0x00, 0x01, 0x05, 0x00, 0x11, 0x01, 0x00,
    0x10, 0x02, 0x00, 0x00, 0x18, 0x00, 0x11, 0x02, 0x00, 0x00, 0x3A, 0x00, 0x11, 0x01, 0x00, 0x10,
    0x0D, 0x00, 0x00, 0x01, 0x00, 0x01, 0x05, 0x00, 0x11, 0x01, 0x00, 0x13, 0x22, 0x00, 0x33, 0x96,
    0x00, 0x11, 0x02, 0x00, 0x00, 0x07, 0x00, 0x11, 0x01, 0x00, 0x10, 0x01, 0x00, 0x00, 0x01, 0x00,
    0x01, 0x17, 0x00, 0x11, 0x03, 0x00, 0x00, 0x01, 0x00, 0x01, 0x38, 0x00, 0x11, 0x01, 0x00, 0x10,
    0x0D, 0x00, 0x00, 0x01, 0x00, 0x01, 0x05, 0x00, 0x11, 0x01, 0x00, 0x13, 0x22, 0x00, 0x33, 0x28,
    0x00, 0x11, 0x04, 0x00, 0x33, 0x01, 0x00, 0x31, 0x69, 0x00, 0x11, 0x02, 0x00, 0x00, 0x07, 0x00,
    0x11, 0x01, 0x00, 0x10, 0x01, 0x00, 0x00, 0x01, 0x00, 0x01, 0x17, 0x00, 0x11, 0x04, 0x00, 0x00,
    0x01, 0x00, 0x01, 0x37, 0x00, 0x11, 0x01, 0x00, 0x10, 0x0D, 0x00, 0x00, 0x01, 0x00, 0x01, 0x05,
    0x00, 0x11, 0x01, 0x00, 0x13, 0x22, 0x00, 0x33, 0x26, 0x00, 0x11, 0x01, 0x00, 0x13, 0x07, 0x00,
    0x33, 0x68, 0x00, 0x11, 0x01, 0x00, 0x00, 0x01, 0x00, 0x01, 0x08, 0x00, 0x11, 0x01, 0x00, 0x00,
    0x01, 0x00, 0x01, 0x17, 0x00, 0x11, 0x06, 0x00, 0x00, 0x36, 0x00, 0x11, 0x01, 0x00, 0x10, 0x0D,
    0x00, 0x00, 0x01, 0x00, 0x01, 0x05, 0x00, 0x11, 0x01, 0x00, 0x13, 0x22, 0x00, 0x33, 0x25, 0x00,
    0x11, 0x09, 0x00, 0x33, 0x68, 0x00, 0x11, 0x01, 0x00, 0x00, 0x01, 0x00, 0x01, 0x08, 0x00, 0x11,
    0x01, 0x00, 0x00, 0x01, 0x00, 0x01, 0x17, 0x00, 0x11, 0x07, 0x00, 0x00, 0x01, 0x00, 0x01, 0x34,
    0x00, 0x11, 0x01, 0x00, 0x10, 0x0D, 0x00, 0x00, 0x01, 0x00, 0x01, 0x05, 0x00, 0x11, 0x01, 0x00,
    0x13, 0x22, 0x00, 0x33, 0x24, 0x00, 0x11, 0x01, 0x00, 0x13, 0x09, 0x00, 0x33, 0x68, 0x00, 0x11,
    0x01, 0x00, 0x00, 0x01, 0x00, 0x01, 0x08, 0x00, 0x11, 0x01, 0x00, 0x00, 0x01, 0x00, 0x01, 0x17,
    0x00, 0x11, 0x08, 0x00, 0x00, 0x01, 0x00, 0x01, 0x33, 0x00, 0x11, 0x01, 0x00, 0x10, 0x0D, 0x00,
    0x00, 0x01, 0x00, 0x01, 0x05, 0x00, 0x11, 0x01, 0x00, 0x13, 0x22, 0x00, 0x33, 0x23, 0x00, 0x11,
    0x01, 0x00, 0x13, 0x0A, 0x00, 0x33, 0x68, 0x00, 0x11, 0x02, 0x00, 0x00, 0x08, 0x00, 0x11, 0x01,
    0x00, 0x00, 0x01, 0x00, 0x01, 0x17, 0x00, 0x11, 0x0A, 0x00, 0x00, 0x32, 0x00, 0x11, 0x01, 0x00,
    0x10, 0x0D, 0x00, 0x00, 0x01, 0x00, 0x01, 0x05, 0x00, 0x11, 0x01, 0x00, 0x13, 0x22, 0x00, 0x33,
    0x23, 0x00, 0x11, 0x0B, 0x00, 0x33, 0x68, 0x00, 0x11, 0x02, 0x00, 0x00, 0x07, 0x00, 0x11, 0x01,
    0x00, 0x10, 0x01, 0x00, 0x00, 0x01, 0x00, 0x01, 0x17, 0x00, 0x11, 0x0B, 0x00, 0x00, 0x01, 0x00,
    0x01, 0x30, 0x00, 0x11, 0x01, 0x00, 0x10, 0x0D, 0x00, 0x00, 0x01, 0x00, 0x01, 0x05, 0x00, 0x11,
    0x01, 0x00, 0x13, 0x22, 0x00, 0x33, 0x22, 0x00, 0x11, 0x01, 0x00, 0x13, 0x0B, 0x00, 0x33, 0x68,
    0x00, 0x11, 0x01, 0x00, 0x10, 0x02, 0x00, 0x00, 0x06, 0x00, 0x11, 0x02, 0x00, 0x00, 0x19, 0x00,
    0x11, 0x01, 0x00, 0x10, 0x0A, 0x00, 0x00, 0x01, 0x00, 0x01, 0x2F, 0x00, 0x11, 0x01, 0x00, 0x10,
    0x0D, 0x00, 0x00, 0x01, 0x00, 0x01, 0x05, 0x00, 0x11, 0x01, 0x00, 0x13, 0x22, 0x00, 0x33, 0x22,
    0x00, 0x11, 0x0C, 0x00, 0x33, 0x68, 0x00, 0x11, 0x01, 0x00, 0x10, 0x03, 0x00, 0x00, 0x03, 0x00,
    0x11, 0x01, 0x00, 0x10, 0x03, 0x00, 0x00, 0x1B, 0x00, 0x11, 0x0B, 0x00, 0x00, 0x2E, 0x00, 0x11,
    0x01, 0x00, 0x10, 0x0D, 0x00, 0x00, 0x01, 0x00, 0x01, 0x05, 0x00, 0x11, 0x01, 0x00, 0x13, 0x22,
    0x00, 0x33, 0x21, 0x00, 0x11, 0x01, 0x00, 0x13, 0x0C, 0x00, 0x33, 0x69, 0x00, 0x11, 0x03, 0x00,
    0x00, 0x03, 0x00, 0x11, 0x01, 0x00, 0x10, 0x02, 0x00, 0x00, 0x01, 0x00, 0x01, 0x1C, 0x00, 0x11,
    0x01, 0x00, 0x10, 0x0A, 0x00, 0x00, 0x2D, 0x00, 0x11, 0x01, 0x00, 0x10, 0x0D, 0x00, 0x00, 0x01,
    0x00, 0x01, 0x05, 0x00, 0x11, 0x01, 0x00, 0x13, 0x22, 0x00, 0x33, 0x21, 0x00, 0x11, 0x0D, 0x00,
    0x33, 0x69, 0x00, 0x11, 0x01, 0x00, 0x10, 0x02, 0x00, 0x00, 0x03, 0x00, 0x11, 0x01, 0x00, 0x10,
    0x02, 0x00, 0x00, 0x1E, 0x00, 0x11, 0x01, 0x00, 0x10, 0x0A, 0x00, 0x00, 0x01, 0x00, 0x01, 0x2B,
    0x00, 0x11, 0x01, 0x00, 0x10, 0x0D, 0x00, 0x00, 0x01, 0x00, 0x01, 0x05, 0x00, 0x11, 0x01, 0x00,
    0x13, 0x22, 0x00, 0x33, 0x21, 0x00, 0x11, 0x0D, 0x00, 0x33, 0x6A, 0x00, 0x11, 0x01, 0x00, 0x10,
    0x01, 0x00, 0x00, 0x03, 0x00, 0x11, 0x01, 0x00, 0x10, 0x01, 0x00, 0x00, 0x21, 0x00, 0x11, 0x0B,
    0x00, 0x00, 0x2A, 0x00, 0x11, 0x01, 0x00, 0x10, 0x0D, 0x00, 0x00, 0x01, 0x00, 0x01, 0x05, 0x00,
    0x11, 0x01, 0x00, 0x13, 0x22, 0x00, 0x33, 0x20, 0x00, 0x11, 0x01, 0x00, 0x13, 0x0D, 0x00, 0x33,
    0x93, 0x00, 0x11, 0x01, 0x00, 0x10, 0x0A, 0x00, 0x00, 0x29, 0x00, 0x11, 0x01, 0x00, 0x10, 0x0D,
    0x00, 0x00, 0x01, 0x00, 0x01, 0x05, 0x00, 0x11, 0x01, 0x00, 0x13, 0x22, 0x00, 0x33, 0x20, 0x00,
    0x11, 0x0E, 0x00, 0x33, 0x93, 0x00, 0x11, 0x01, 0x00, 0x10, 0x0B, 0x00, 0x00, 0x01, 0x00, 0x01,
    0x27, 0x00, 0x11, 0x01, 0x00, 0x10, 0x0D, 0x00, 0x00, 0x01, 0x00, 0x01, 0x05, 0x00, 0x11, 0x01,
    0x00, 0x13, 0x22, 0x00, 0x33, 0x20, 0x00, 0x11, 0x0E, 0x00, 0x33, 0x93, 0x00, 0x11, 0x01, 0x00,
    0x10, 0x0D, 0x00, 0x00, 0x26, 0x00, 0x11, 0x01, 0x00, 0x10, 0x0D, 0x00, 0x00, 0x01, 0x00, 0x01,
    0x05, 0x00, 0x11, 0x01, 0x00, 0x13, 0x22, 0x00, 0x33, 0x20, 0x00, 0x11, 0x0E, 0x00, 0x33, 0x68,
    0x00, 0x11, 0x01, 0x00, 0x10, 0x0E, 0x00, 0x00, 0x1C, 0x00, 0x11, 0x01, 0x00, 0x10, 0x02, 0x00,
    0x00, 0x01, 0x00, 0x01, 0x01, 0x00, 0x10, 0x0A, 0x00, 0x00, 0x25, 0x00, 0x11, 0x01, 0x00, 0x10,
    0x0D, 0x00, 0x00, 0x01, 0x00, 0x01, 0x05, 0x00, 0x11, 0x01, 0x00, 0x13, 0x22, 0x00, 0x33, 0x1F,
    0x00, 0x11, 0x01, 0x00, 0x13, 0x0E, 0x00, 0x33, 0x68, 0x00, 0x11, 0x01, 0x00, 0x10, 0x0E, 0x00,
    0x00, 0x1C, 0x00, 0x11, 0x01, 0x00, 0x10, 0x02, 0x00, 0x00, 0x01, 0x00, 0x01, 0x02, 0x00, 0x11,
    0x0A, 0x00, 0x00, 0x01, 0x00, 0x01, 0x23, 0x00, 0x11, 0x01, 0x00, 0x10, 0x0D, 0x00, 0x00, 0x01,
    0x00, 0x01, 0x05, 0x00, 0x11, 0x01, 0x00, 0x13, 0x22, 0x00, 0x33, 0x1F, 0x00, 0x11, 0x01, 0x00,
    0x13, 0x0E, 0x00, 0x33, 0x68, 0x00, 0x11, 0x01, 0x00, 0x10, 0x0E, 0x00, 0x00, 0x1C, 0x00, 0x11,
    0x01, 0x00, 0x10, 0x02, 0x00, 0x00, 0x01, 0x00, 0x01, 0x03, 0x00, 0x11, 0x0B, 0x00, 0x00, 0x22,
    0x00, 0x11, 0x01, 0x00, 0x10, 0x0D, 0x00, 0x00, 0x01, 0x00, 0x01, 0x05, 0x00, 0x11, 0x01, 0x00,
    0x13, 0x22, 0x00, 0x33, 0x1F, 0x00, 0x11, 0x01, 0x00, 0x13, 0x0E, 0x00, 0x33, 0x68, 0x00, 0x11,
    0x01, 0x00, 0x10, 0x0E, 0x00, 0x00, 0x1C, 0x00, 0x11, 0x01, 0x00, 0x10, 0x02, 0x00, 0x00, 0x01,
    0x00, 0x01, 0x04, 0x00, 0x11, 0x01, 0x00, 0x10, 0x0A, 0x00, 0x00, 0x21, 0x00, 0x11, 0x01, 0x00,
    0x10, 0x0D, 0x00, 0x00, 0x01, 0x00, 0x01, 0x05, 0x00, 0x11, 0x01, 0x00, 0x13, 0x22, 0x00, 0x33,
    0x1F, 0x00, 0x11, 0x0F, 0x00, 0x33, 0x6F, 0x00, 0x11, 0x01, 0x00, 0x10, 0x02, 0x00, 0x00, 0x01,
    0x00, 0x01, 0x20, 0x00, 0x11, 0x01, 0x00, 0x10, 0x02, 0x00, 0x00, 0x01, 0x00, 0x01, 0x06, 0x00,
    0x11, 0x0A, 0x00, 0x00, 0x01, 0x00, 0x01, 0x1F, 0x00, 0x11, 0x01, 0x00, 0x10, 0x0D, 0x00, 0x00,
    0x01, 0x00, 0x01, 0x05, 0x00, 0x11, 0x01, 0x00, 0x13, 0x22, 0x00, 0x33, 0x1F, 0x00, 0x11, 0x0F,
    0x00, 0x33, 0x71, 0x00, 0x11, 0x01, 0x00, 0x00, 0x01, 0x00, 0x01, 0x20, 0x00, 0x11, 0x01, 0x00,
    0x10, 0x02, 0x00, 0x00, 0x01, 0x00, 0x01, 0x07, 0x00, 0x11, 0x01, 0x00, 0x10, 0x08, 0x00, 0x00,
    0x01, 0x00, 0x01, 0x1F, 0x00, 0x11, 0x01, 0x00, 0x10, 0x0D, 0x00, 0x00, 0x01, 0x00, 0x01, 0x05,
    0x00, 0x11, 0x01, 0x00, 0x13, 0x22, 0x00, 0x33, 0x1F, 0x00, 0x11, 0x0F, 0x00, 0x33, 0x71, 0x00,
    0x11, 0x01, 0x00, 0x10, 0x01, 0x00, 0x00, 0x20, 0x00, 0x11, 0x01, 0x00, 0x10, 0x02, 0x00, 0x00,
    0x01, 0x00, 0x01, 0x08, 0x00, 0x11, 0x01, 0x00, 0x10, 0x07, 0x00, 0x00, 0x01, 0x00, 0x01, 0x1F,
    0x00, 0x11, 0x01, 0x00, 0x10, 0x0D, 0x00, 0x00, 0x01, 0x00, 0x01, 0x05, 0x00, 0x11, 0x01, 0x00,
    0x13, 0x22, 0x00, 0x33, 0x1F, 0x00, 0x11, 0x0F, 0x00, 0x33, 0x71, 0x00, 0x11, 0x01, 0x00, 0x10,
    0x01, 0x00, 0x00, 0x01, 0x00, 0x01, 0x1F, 0x00, 0x11, 0x01, 0x00, 0x10, 0x02, 0x00, 0x00, 0x01,
    0x00, 0x01, 0x0A, 0x00, 0x11, 0x06, 0x00, 0x00, 0x01, 0x00, 0x01, 0x1F, 0x00, 0x11, 0x01, 0x00,
    0x10, 0x0D, 0x00, 0x00, 0x01, 0x00, 0x01, 0x05, 0x00, 0x11, 0x01, 0x00, 0x13, 0x22, 0x00, 0x33,
    0x1F, 0x00, 0x11, 0x0F, 0x00, 0x33, 0x72, 0x00, 0x11, 0x01, 0x00, 0x00, 0x01, 0x00, 0x01, 0x1F,
    0x00, 0x11, 0x01, 0x00, 0x10, 0x02, 0x00, 0x00, 0x01, 0x00, 0x01, 0x0B, 0x00, 0x11, 0x01, 0x00,
    0x10, 0x04, 0x00, 0x00, 0x01, 0x00, 0x01, 0x1F, 0x00, 0x11, 0x01, 0x00, 0x10, 0x0D, 0x00, 0x00,
    0x01, 0x00, 0x01, 0x05, 0x00, 0x11, 0x01, 0x00, 0x13, 0x22, 0x00, 0x33, 0x1F, 0x00, 0x11, 0x0F,
    0x00, 0x33, 0x72, 0x00, 0x11, 0x01, 0x00, 0x00, 0x01, 0x00, 0x01, 0x1F, 0x00, 0x11, 0x01, 0x00,
    0x10, 0x02, 0x00, 0x00, 0x01, 0x00, 0x01, 0x0B, 0x00, 0x11, 0x05, 0x00, 0x00, 0x01, 0x00, 0x01,
    0x1F, 0x00, 0x11, 0x01, 0x00, 0x10, 0x0D, 0x00, 0x00, 0x01, 0x00, 0x01, 0x05, 0x00, 0x11, 0x01,
    0x00, 0x13, 0x22, 0x00, 0x33, 0x1F, 0x00, 0x11, 0x0F, 0x00, 0x33, 0x72, 0x00, 0x11, 0x01, 0x00,
    0x00, 0x01, 0x00, 0x01, 0x1F, 0x00, 0x11, 0x01, 0x00, 0x10, 0x02, 0x00, 0x00, 0x01, 0x00, 0x01,
    0x09, 0x00, 0x11, 0x01, 0x00, 0x10, 0x06, 0x00, 0x00, 0x01, 0x00, 0x01, 0x1F, 0x00, 0x11, 0x01,
    0x00, 0x10, 0x0D, 0x00, 0x00, 0x01, 0x00, 0x01, 0x05, 0x00, 0x11, 0x01, 0x00, 0x13, 0x22, 0x00,
    0x33, 0x1F, 0x00, 0x11, 0x0F, 0x00, 0x33, 0x72, 0x00, 0x11, 0x01, 0x00, 0x00, 0x01, 0x00, 0x01,
    0x1F, 0x00, 0x11, 0x01, 0x00, 0x10, 0x02, 0x00, 0x00, 0x01, 0x00, 0x01, 0x08, 0x00, 0x11, 0x08,
    0x00, 0x00, 0x01, 0x00, 0x01, 0x1F, 0x00, 0x11, 0x01, 0x00, 0x10, 0x0D, 0x00, 0x00, 0x01, 0x00,
    0x01, 0x05, 0x00, 0x11, 0x01, 0x00, 0x13, 0x22, 0x00, 0x33, 0x1F, 0x00, 0x11, 0x0F, 0x00, 0x33,
    0x71, 0x00, 0x11, 0x01, 0x00, 0x10, 0x01, 0x00, 0x00, 0x01, 0x00, 0x01, 0x1F, 0x00, 0x11, 0x01,
    0x00, 0x10, 0x02, 0x00, 0x00, 0x01, 0x00, 0x01, 0x06, 0x00, 0x11, 0x01, 0x00, 0x10, 0x09, 0x00,
    0x00, 0x01, 0x00, 0x01, 0x1F, 0x00, 0x11, 0x01, 0x00, 0x10, 0x0D, 0x00, 0x00, 0x01, 0x00, 0x01,
    0x05, 0x00, 0x11, 0x01, 0x00, 0x13, 0x22, 0x00, 0x33, 0x1F, 0x00, 0x11, 0x01, 0x00, 0x13, 0x0E,
    0x00, 0x33, 0x70, 0x00, 0x11, 0x01, 0x00, 0x10, 0x02, 0x00, 0x00, 0x01, 0x00, 0x01, 0x1F, 0x00,
    0x11, 0x01, 0x00, 0x10, 0x02, 0x00, 0x00, 0x01, 0x00, 0x01, 0x05, 0x00, 0x11, 0x0B, 0x00, 0x00,
    0x01, 0x00, 0x01, 0x1F, 0x00, 0x11, 0x01, 0x00, 0x10, 0x0D, 0x00, 0x00, 0x01, 0x00, 0x01, 0x05,
    0x00, 0x11, 0x01, 0x00, 0x13, 0x22, 0x00, 0x33, 0x1F, 0x00, 0x11, 0x01, 0x00, 0x13, 0x0E, 0x00,
    0x33, 0x68, 0x00, 0x11, 0x01, 0x00, 0x10, 0x0A, 0x00, 0x00, 0x20, 0x00, 0x11, 0x01, 0x00, 0x10,
    0x02, 0x00, 0x00, 0x01, 0x00, 0x01, 0x03, 0x00, 0x11, 0x01, 0x00, 0x10, 0x0B, 0x00, 0x00, 0x01,
    0x00, 0x01, 0x20, 0x00, 0x11, 0x01, 0x00, 0x10, 0x0D, 0x00, 0x00, 0x01, 0x00, 0x01, 0x05, 0x00,
    0x11, 0x01, 0x00, 0x13, 0x22, 0x00, 0x33, 0x1F, 0x00, 0x11, 0x01, 0x00, 0x13, 0x0E, 0x00, 0x33,
    0x68, 0x00, 0x11, 0x01, 0x00, 0x10, 0x0A, 0x00, 0x00, 0x20, 0x00, 0x11, 0x01, 0x00, 0x10, 0x02,
    0x00, 0x00, 0x01, 0x00, 0x01, 0x02, 0x00, 0x11, 0x0C, 0x00, 0x00, 0x22, 0x00, 0x11, 0x01, 0x00,
    0x10, 0x0D, 0x00, 0x00, 0x01, 0x00, 0x01, 0x05, 0x00, 0x11, 0x01, 0x00, 0x13, 0x22, 0x00, 0x33,
    0x20, 0x00, 0x11, 0x0E, 0x00, 0x33, 0x68, 0x00, 0x11, 0x01, 0x00, 0x10, 0x09, 0x00, 0x00, 0x21,
    0x00, 0x11, 0x01, 0x00, 0x10, 0x02, 0x00, 0x00, 0x01, 0x00, 0x01, 0x01, 0x00, 0x10, 0x0C, 0x00,
    0x00, 0x23, 0x00, 0x11, 0x01, 0x00, 0x10, 0x0D, 0x00, 0x00, 0x01, 0x00, 0x01, 0x05, 0x00, 0x11,
    0x01, 0x00, 0x13, 0x22, 0x00, 0x33, 0x20, 0x00, 0x11, 0x0E, 0x00, 0x33, 0x68, 0x00, 0x11, 0x01,
    0x00, 0x10, 0x08, 0x00, 0x00, 0x22, 0x00, 0x11, 0x01, 0x00, 0x10, 0x0E, 0x00, 0x00, 0x01, 0x00,
    0x01, 0x24, 0x00, 0x11, 0x01, 0x00, 0x10, 0x0D, 0x00, 0x00, 0x01, 0x00, 0x01, 0x05, 0x00, 0x11,
    0x01, 0x00, 0x13, 0x22, 0x00, 0x33, 0x20, 0x00, 0x11, 0x0E, 0x00, 0x33, 0x93, 0x00, 0x11, 0x01,
    0x00, 0x10, 0x0D, 0x00, 0x00, 0x26, 0x00, 0x11, 0x01, 0x00, 0x10, 0x0D, 0x00, 0x00, 0x01, 0x00,
    0x01, 0x05, 0x00, 0x11, 0x01, 0x00, 0x13, 0x22, 0x00, 0x33, 0x20, 0x00, 0x11, 0x01, 0x00, 0x13,
    0x0D, 0x00, 0x33, 0x93, 0x00, 0x11, 0x01, 0x00, 0x10, 0x0B, 0x00, 0x00, 0x01, 0x00, 0x01, 0x27,
    0x00, 0x11, 0x01, 0x00, 0x10, 0x0D, 0x00, 0x00, 0x01, 0x00, 0x01, 0x05, 0x00, 0x11, 0x01, 0x00,
    0x13, 0x22, 0x00, 0x33, 0x21, 0x00, 0x11, 0x0D, 0x00, 0x33, 0x92, 0x00, 0x11, 0x01, 0x00, 0x10,
    0x0B, 0x00, 0x00, 0x01, 0x00, 0x01, 0x28, 0x00, 0x11, 0x01, 0x00, 0x10, 0x0D, 0x00, 0x00, 0x01,
    0x00, 0x01, 0x05, 0x00, 0x11, 0x01, 0x00, 0x13, 0x22, 0x00, 0x33, 0x21, 0x00, 0x11, 0x0D, 0x00,
    0x33, 0x6A, 0x00, 0x11, 0x01, 0x00, 0x10, 0x01, 0x00, 0x00, 0x25, 0x00, 0x11, 0x0C, 0x00, 0x00,
    0x2A, 0x00, 0x11, 0x01, 0x00, 0x10, 0x0D, 0x00, 0x00, 0x01, 0x00, 0x01, 0x05, 0x00, 0x11, 0x01,
    0x00, 0x13, 0x22, 0x00, 0x33, 0x21, 0x00, 0x11, 0x01, 0x00, 0x13, 0x0C, 0x00, 0x33, 0x69, 0x00,
    0x11, 0x01, 0x00, 0x10, 0x03, 0x00, 0x00, 0x22, 0x00, 0x11, 0x01, 0x00, 0x10, 0x0B, 0x00, 0x00,
    0x01, 0x00, 0x01, 0x2B, 0x00, 0x11, 0x01, 0x00, 0x10, 0x0D, 0x00, 0x00, 0x01, 0x00, 0x01, 0x05,
    0x00, 0x11, 0x01, 0x00, 0x13, 0x22, 0x00, 0x33, 0x22, 0x00, 0x11, 0x0C, 0x00, 0x33, 0x69, 0x00,
    0x11, 0x04, 0x00, 0x00, 0x01, 0x00, 0x01, 0x02, 0x00, 0x11, 0x02, 0x00, 0x00, 0x1C, 0x00, 0x11,
    0x0C, 0x00, 0x00, 0x2D, 0x00, 0x11, 0x01, 0x00, 0x10, 0x0D, 0x00, 0x00, 0x01, 0x00, 0x01, 0x05,
    0x00, 0x11, 0x01, 0x00, 0x13, 0x22, 0x00, 0x33, 0x22, 0x00, 0x11, 0x01, 0x00, 0x13, 0x0B, 0x00,
    0x33, 0x68, 0x00, 0x11, 0x01, 0x00, 0x10, 0x05, 0x00, 0x00, 0x02, 0x00, 0x11, 0x02, 0x00, 0x00,
    0x01, 0x00, 0x01, 0x19, 0x00, 0x11, 0x01, 0x00, 0x10, 0x0C, 0x00, 0x00, 0x2E, 0x00, 0x11, 0x01,
    0x00, 0x10, 0x0D, 0x00, 0x00, 0x01, 0x00, 0x01, 0x05, 0x00, 0x11, 0x01, 0x00, 0x13, 0x22, 0x00,
    0x33, 0x23, 0x00, 0x11, 0x0B, 0x00, 0x33, 0x68, 0x00, 0x11, 0x06, 0x00, 0x00, 0x01, 0x00, 0x01,
    0x01, 0x00, 0x11, 0x03, 0x00, 0x00, 0x18, 0x00, 0x11, 0x0C, 0x00, 0x00, 0x01, 0x00, 0x01, 0x2F,
    0x00, 0x11, 0x01, 0x00, 0x10, 0x0D, 0x00, 0x00, 0x01, 0x00, 0x01, 0x05, 0x00, 0x11, 0x01, 0x00,
    0x13, 0x22, 0x00, 0x33, 0x23, 0x00, 0x11, 0x01, 0x00, 0x13, 0x0A, 0x00, 0x33, 0x68, 0x00, 0x11,
    0x02, 0x00, 0x00, 0x02, 0x00, 0x11, 0x01, 0x00, 0x10, 0x01, 0x00, 0x00, 0x01, 0x00, 0x01, 0x01,
    0x00, 0x11, 0x01, 0x00, 0x10, 0x02, 0x00, 0x00, 0x18, 0x00, 0x11, 0x0B, 0x00, 0x00, 0x31, 0x00,
    0x11, 0x01, 0x00, 0x10, 0x0D, 0x00, 0x00, 0x01, 0x00, 0x01, 0x05, 0x00, 0x11, 0x01, 0x00, 0x13,
    0x22, 0x00, 0x33, 0x24, 0x00, 0x11, 0x01, 0x00, 0x13, 0x09, 0x00, 0x33, 0x68, 0x00, 0x11, 0x02,
    0x00, 0x00, 0x03, 0x00, 0x11, 0x01, 0x00, 0x00, 0x01, 0x00, 0x01, 0x02, 0x00, 0x11, 0x01, 0x00,
    0x10, 0x01, 0x00, 0x00, 0x01, 0x00, 0x01, 0x17, 0x00, 0x11, 0x09, 0x00, 0x00, 0x01, 0x00, 0x01,
    0x32, 0x00, 0x11, 0x01, 0x00, 0x10, 0x0D, 0x00, 0x00, 0x01, 0x00, 0x01, 0x05, 0x00, 0x11, 0x01,
    0x00, 0x13, 0x22, 0x00, 0x33, 0x25, 0x00, 0x11, 0x09, 0x00, 0x33, 0x68, 0x00, 0x11, 0x01, 0x00,
    0x00, 0x01, 0x00, 0x01, 0x03, 0x00, 0x11, 0x02, 0x00, 0x00, 0x02, 0x00, 0x11, 0x01, 0x00, 0x10,
    0x01, 0x00, 0x00, 0x01, 0x00, 0x01, 0x17, 0x00, 0x11, 0x08, 0x00, 0x00, 0x01, 0x00, 0x01, 0x33,
    0x00, 0x11, 0x01, 0x00, 0x10, 0x0D, 0x00, 0x00, 0x01, 0x00, 0x01, 0x05, 0x00, 0x11, 0x01, 0x00,
    0x13, 0x22, 0x00, 0x33, 0x26, 0x00, 0x11, 0x01, 0x00, 0x13, 0x07, 0x00, 0x33, 0x68, 0x00, 0x11,
    0x01, 0x00, 0x00, 0x01, 0x00, 0x01, 0x03, 0x00, 0x11, 0x02, 0x00, 0x00, 0x03, 0x00, 0x11, 0x01,
    0x00, 0x00, 0x01, 0x00, 0x01, 0x17, 0x00, 0x11, 0x07, 0x00, 0x00, 0x35, 0x00, 0x11, 0x01, 0x00,
    0x10, 0x0D, 0x00, 0x00, 0x01, 0x00, 0x01, 0x05, 0x00, 0x11, 0x01, 0x00, 0x13, 0x22, 0x00, 0x33,
    0x28, 0x00, 0x11, 0x04, 0x00, 0x33, 0x01, 0x00, 0x31, 0x69, 0x00, 0x11, 0x01, 0x00, 0x00, 0x01,
    0x00, 0x01, 0x03, 0x00, 0x11, 0x02, 0x00, 0x00, 0x03, 0x00, 0x11, 0x01, 0x00, 0x00, 0x01, 0x00,
    0x01, 0x17, 0x00, 0x11, 0x05, 0x00, 0x00, 0x01, 0x00, 0x01, 0x13, 0x00, 0x11, 0x01, 0x00, 0x10,
    0x03, 0x00, 0x00, 0x1F, 0x00, 0x11, 0x01, 0x00, 0x10, 0x0D, 0x00, 0x00, 0x01, 0x00, 0x01, 0x05,
    0x00, 0x11, 0x01, 0x00, 0x13, 0x22, 0x00, 0x33, 0x96, 0x00, 0x11, 0x02, 0x00, 0x00, 0x03, 0x00,
    0x11, 0x01, 0x00, 0x10, 0x01, 0x00, 0x00, 0x03, 0x00, 0x11, 0x01, 0x00, 0x00, 0x01, 0x00, 0x01,
    0x17, 0x00, 0x11, 0x04, 0x00, 0x00, 0x15, 0x00, 0x11, 0x01, 0x00, 0x10, 0x03, 0x00, 0x00, 0x1F,
    0x00, 0x11, 0x01, 0x00, 0x10, 0x0D, 0x00, 0x00, 0x01, 0x00, 0x01, 0x05, 0x00, 0x11, 0x01, 0x00,
    0x13, 0x22, 0x00, 0x33, 0x96, 0x00, 0x11, 0x01, 0x00, 0x10, 0x01, 0x00, 0x00, 0x03, 0x00, 0x11,
    0x01, 0x00, 0x10, 0x01, 0x00, 0x00, 0x03, 0x00, 0x11, 0x01, 0x00, 0x00, 0x01, 0x00, 0x01, 0x17,
    0x00, 0x11, 0x03, 0x00, 0x00, 0x16, 0x00, 0x11, 0x01, 0x00, 0x10, 0x03, 0x00, 0x00, 0x1F, 0x00,
    0x11, 0x01, 0x00, 0x10, 0x0D, 0x00, 0x00, 0x01, 0x00, 0x01, 0x05, 0x00, 0x11, 0x01, 0x00, 0x13,
    0x22, 0x00, 0x33, 0x96, 0x00, 0x11, 0x01, 0x00, 0x10, 0x01, 0x00, 0x00, 0x01, 0x00, 0x01, 0x02,
    0x00, 0x11, 0x01, 0x00, 0x10, 0x01, 0x00, 0x00, 0x02, 0x00, 0x11, 0x01, 0x00, 0x10, 0x01, 0x00,
    0x00, 0x01, 0x00, 0x01, 0x17, 0x00, 0x11, 0x01, 0x00, 0x00, 0x01, 0x00, 0x01, 0x17, 0x00, 0x11,
    0x01, 0x00, 0x10, 0x03, 0x00, 0x00, 0x1F, 0x00, 0x11, 0x01, 0x00, 0x10, 0x0D, 0x00, 0x00, 0x01,
    0x00, 0x01, 0x05, 0x00, 0x11, 0x01, 0x00, 0x13, 0x22, 0x00, 0x33, 0x97, 0x00, 0x11, 0x02, 0x00,
    0x00, 0x02, 0x00, 0x11, 0x01, 0x00, 0x10, 0x01, 0x00, 0x00, 0x02, 0x00, 0x11, 0x01, 0x00, 0x10,
    0x01, 0x00, 0x00, 0x01, 0x00, 0x01, 0x30, 0x00, 0x11, 0x01, 0x00, 0x10, 0x03, 0x00, 0x00, 0x1F,
    0x00, 0x11, 0x01, 0x00, 0x10, 0x0D, 0x00, 0x00, 0x01, 0x00, 0x01, 0x05, 0x00, 0x11, 0x01, 0x00,
    0x13, 0x22, 0x00, 0x33, 0x97, 0x00, 0x11, 0x01, 0x00, 0x10, 0x09, 0x00, 0x00, 0x31, 0x00, 0x11,
    0x01, 0x00, 0x10, 0x03, 0x00, 0x00, 0x1F, 0x00, 0x11, 0x01, 0x00, 0x10, 0x0D, 0x00, 0x00, 0x01,
    0x00, 0x01, 0x05, 0x00, 0x11, 0x01, 0x00, 0x13, 0x22, 0x00, 0x33, 0x96, 0x00, 0x11, 0x01, 0x00,
    0x10, 0x0A, 0x00, 0x00, 0x31, 0x00, 0x11, 0x01, 0x00, 0x10, 0x03, 0x00, 0x00, 0x1F, 0x00, 0x11,
    0x01, 0x00, 0x10, 0x0D, 0x00, 0x00, 0x01, 0x00, 0x01, 0x05, 0x00, 0x11, 0x01, 0x00, 0x13, 0x22,
    0x00, 0x33, 0x96, 0x00, 0x11, 0x0A, 0x00, 0x00, 0x01, 0x00, 0x01, 0x31, 0x00, 0x11, 0x01, 0x00,
    0x10, 0x03, 0x00, 0x00, 0x1F, 0x00, 0x11, 0x01, 0x00, 0x10, 0x0D, 0x00, 0x00, 0x01, 0x00, 0x01,
    0x05, 0x00, 0x11, 0x01, 0x00, 0x13, 0x22, 0x00, 0x33, 0x96, 0x00, 0x11, 0x0A, 0x00, 0x00, 0x32,
    0x00, 0x11, 0x01, 0x00, 0x10, 0x03, 0x00, 0x00, 0x1F, 0x00, 0x11, 0x01, 0x00, 0x10, 0x0D, 0x00,
    0x00, 0x01, 0x00, 0x01, 0x05, 0x00, 0x11, 0x01, 0x00, 0x13, 0x22, 0x00, 0x33, 0x96, 0x00, 0x11,
    0x02, 0x00, 0x00, 0x3A, 0x00, 0x11, 0x01, 0x00, 0x10, 0x03, 0x00, 0x00, 0x1F, 0x00, 0x11, 0x01,
    0x00, 0x10, 0x0D, 0x00, 0x00, 0x01, 0x00, 0x01, 0x05, 0x00, 0x11, 0x01, 0x00, 0x13, 0x22, 0x00,
    0x33, 0x96, 0x00, 0x11, 0x01, 0x00, 0x00, 0x01, 0x00, 0x01, 0x3A, 0x00, 0x11, 0x01, 0x00, 0x10,
    0x03, 0x00, 0x00, 0x1F, 0x00, 0x11, 0x01, 0x00, 0x10, 0x0D, 0x00, 0x00, 0x01, 0x00, 0x01, 0x05,
    0x00, 0x11, 0x01, 0x00, 0x13, 0x22, 0x00, 0x33, 0x96, 0x00, 0x11, 0x01, 0x00, 0x10, 0x01, 0x00,
    0x01, 0x3A, 0x00, 0x11, 0x01, 0x00, 0x10, 0x03, 0x00, 0x00, 0x1F, 0x00, 0x11, 0x01, 0x00, 0x10,
    0x0D, 0x00, 0x00, 0x01, 0x00, 0x01, 0x05, 0x00, 0x11, 0x01, 0x00, 0x13, 0x22, 0x00, 0x33, 0xD2,
    0x00, 0x11, 0x01, 0x00, 0x10, 0x03, 0x00, 0x00, 0x1F, 0x00, 0x11, 0x01, 0x00, 0x10, 0x0D, 0x00,
    0x00, 0x01, 0x00, 0x01, 0x05, 0x00, 0x11, 0x01, 0x00, 0x13, 0x22, 0x00, 0x33, 0xD2, 0x00, 0x11,
    0x01, 0x00, 0x10, 0x03, 0x00, 0x00, 0x1F, 0x00, 0x11, 0x01, 0x00, 0x10, 0x0D, 0x00, 0x00, 0x01,
    0x00, 0x01, 0x05, 0x00, 0x11, 0x01, 0x00, 0x13, 0x22, 0x00, 0x33, 0x96, 0x00, 0x11, 0x01, 0x00,
    0x10, 0x0A, 0x00, 0x00, 0x31, 0x00, 0x11, 0x01, 0x00, 0x10, 0x03, 0x00, 0x00, 0x1F, 0x00, 0x11,
    0x01, 0x00, 0x10, 0x0D, 0x00, 0x00, 0x01, 0x00, 0x01, 0x05, 0x00, 0x11, 0x01, 0x00, 0x13, 0x22,
    0x00, 0x33, 0x96, 0x00, 0x11, 0x01, 0x00, 0x10, 0x0A, 0x00, 0x00, 0x31, 0x00, 0x11, 0x01, 0x00,
    0x10, 0x03, 0x00, 0x00, 0x1F, 0x00, 0x11, 0x01, 0x00, 0x10, 0x0D, 0x00, 0x00, 0x01, 0x00, 0x01,
    0x05, 0x00, 0x11, 0x01, 0x00, 0x13, 0x22, 0x00, 0x33, 0x96, 0x00, 0x11, 0x01, 0x00, 0x10, 0x0A,
    0x00, 0x00, 0x31, 0x00, 0x11, 0x01, 0x00, 0x10, 0x03, 0x00, 0x00, 0x1F, 0x00, 0x11, 0x01, 0x00,
    0x10, 0x0D, 0x00, 0x00, 0x01, 0x00, 0x01, 0x05, 0x00, 0x11, 0x01, 0x00, 0x13, 0x22, 0x00, 0x33,
    0x96, 0x00, 0x11, 0x01, 0x00, 0x10, 0x0A, 0x00, 0x00, 0x31, 0x00, 0x11, 0x01, 0x00, 0x10, 0x03,
    0x00, 0x00, 0x1F, 0x00, 0x11, 0x01, 0x00, 0x10, 0x0D, 0x00, 0x00, 0x01, 0x00, 0x01, 0x05, 0x00,
    0x11, 0x01, 0x00, 0x13, 0x22, 0x00, 0x33, 0x9D, 0x00, 0x11, 0x03, 0x00, 0x00, 0x32, 0x00, 0x11,
    0x01, 0x00, 0x10, 0x03, 0x00, 0x00, 0x1F, 0x00, 0x11, 0x01, 0x00, 0x10, 0x0D, 0x00, 0x00, 0x01,
    0x00, 0x01, 0x05, 0x00, 0x11, 0x01, 0x00, 0x13, 0x22, 0x00, 0x33, 0x9E, 0x00, 0x11, 0x01, 0x00,
    0x10, 0x01, 0x00, 0x00, 0x01, 0x00, 0x01, 0x18, 0x00, 0x11, 0x1D, 0x00, 0x00, 0x1F, 0x00, 0x11,
    0x01, 0x00, 0x10, 0x0D, 0x00, 0x00, 0x01, 0x00, 0x01, 0x05, 0x00, 0x11, 0x01, 0x00, 0x13, 0x22,
    0x00, 0x33, 0x9F, 0x00, 0x11, 0x02, 0x00, 0x00, 0x18, 0x00, 0x11, 0x1D, 0x00, 0x00, 0x1F, 0x00,
    0x11, 0x01, 0x00, 0x10, 0x0D, 0x00, 0x00, 0x01, 0x00, 0x01, 0x05, 0x00, 0x11, 0x01, 0x00, 0x13,
    0x22, 0x00, 0x33, 0x9F, 0x00, 0x11, 0x02, 0x00, 0x00, 0x01, 0x00, 0x01, 0x17, 0x00, 0x11, 0x1D,
    0x00, 0x00, 0x1F, 0x00, 0x11, 0x01, 0x00, 0x10, 0x0D, 0x00, 0x00, 0x01, 0x00, 0x01, 0x05, 0x00,
    0x11, 0x01, 0x00, 0x13, 0x22, 0x00, 0x33, 0x9F, 0x00, 0x11, 0x01, 0x00, 0x10, 0x01, 0x00, 0x00,
    0x01, 0x00, 0x01, 0x17, 0x00, 0x11, 0x1D, 0x00, 0x00, 0x1F, 0x00, 0x11, 0x01, 0x00, 0x10, 0x0D,
    0x00, 0x00, 0x01, 0x00, 0x01, 0x05, 0x00, 0x11, 0x01, 0x00, 0x13, 0x22, 0x00, 0x33, 0x9F, 0x00,
    0x11, 0x01, 0x00, 0x10, 0x01, 0x00, 0x00, 0x01, 0x00, 0x01, 0x17, 0x00, 0x11, 0x1D, 0x00, 0x00,
    0x1F, 0x00, 0x11, 0x01, 0x00, 0x10, 0x0D, 0x00, 0x00, 0x01, 0x00, 0x01, 0x05, 0x00, 0x11, 0x01,
    0x00, 0x13, 0x22, 0x00, 0x33, 0x9F, 0x00, 0x11, 0x01, 0x00, 0x10, 0x01, 0x00, 0x00, 0x01, 0x00,
    0x01, 0x17, 0x00, 0x11, 0x1D, 0x00, 0x00, 0x1F, 0x00, 0x11, 0x01, 0x00, 0x10, 0x0D, 0x00, 0x00,
    0x01, 0x00, 0x01, 0x05, 0x00, 0x11, 0x01, 0x00, 0x13, 0x22, 0x00, 0x33, 0xB9, 0x00, 0x11, 0x1D,
    0x00, 0x00, 0x1F, 0x00, 0x11, 0x01, 0x00, 0x10, 0x0D, 0x00, 0x00, 0x01, 0x00, 0x01, 0x05, 0x00,
    0x11, 0x01, 0x00, 0x13, 0x22, 0x00, 0x33, 0x99, 0x00, 0x11, 0x01, 0x00, 0x10, 0x04, 0x00, 0x00,
    0x1B, 0x00, 0x11, 0x1D, 0x00, 0x00, 0x1F, 0x00, 0x11, 0x01, 0x00, 0x10, 0x0D, 0x00, 0x00, 0x01,
    0x00, 0x01, 0x05, 0x00, 0x11, 0x01, 0x00, 0x13, 0x22, 0x00, 0x33, 0x93, 0x00, 0x11, 0x01, 0x00,
    0x10, 0x01, 0x00, 0x00, 0x03, 0x00, 0x11, 0x01, 0x00, 0x10, 0x06, 0x00, 0x00, 0x1A, 0x00, 0x11,
    0x1D, 0x00, 0x00, 0x1F, 0x00, 0x11, 0x01, 0x00, 0x10, 0x0D, 0x00, 0x00, 0x01, 0x00, 0x01, 0x05,
    0x00, 0x11, 0x01, 0x00, 0x13, 0x22, 0x00, 0x33, 0x93, 0x00, 0x11, 0x02, 0x00, 0x00, 0x03, 0x00,
    0x11, 0x08, 0x00, 0x00, 0x32, 0x00, 0x11, 0x01, 0x00, 0x10, 0x03, 0x00, 0x00, 0x1F, 0x00, 0x11,
    0x01, 0x00, 0x10, 0x0D, 0x00, 0x00, 0x01, 0x00, 0x01, 0x05, 0x00, 0x11, 0x01, 0x00, 0x13, 0x22,
    0x00, 0x33, 0x92, 0x00, 0x11, 0x01, 0x00, 0x10, 0x02, 0x00, 0x00, 0x02, 0x00, 0x11, 0x01, 0x00,
    0x10, 0x08, 0x00, 0x00, 0x01, 0x00, 0x01, 0x31, 0x00, 0x11, 0x01, 0x00, 0x10, 0x03, 0x00, 0x00,
    0x1F, 0x00, 0x11, 0x01, 0x00, 0x10, 0x0D, 0x00, 0x00, 0x01, 0x00, 0x01, 0x05, 0x00, 0x11, 0x01,
    0x00, 0x13, 0x22, 0x00, 0x33, 0x92, 0x00, 0x11, 0x01, 0x00, 0x10, 0x02, 0x00, 0x00, 0x02, 0x00,
    0x11, 0x03, 0x00, 0x00, 0x04, 0x00, 0x11, 0x03, 0x00, 0x00, 0x31, 0x00, 0x11, 0x01, 0x00, 0x10,
    0x03, 0x00, 0x00, 0x1F, 0x00, 0x11, 0x01, 0x00, 0x10, 0x0D, 0x00, 0x00, 0x01, 0x00, 0x01, 0x05,
    0x00, 0x11, 0x01, 0x00, 0x13, 0x22, 0x00, 0x33, 0x92, 0x00, 0x11, 0x02, 0x00, 0x00, 0x02, 0x00,
    0x11, 0x01, 0x00, 0x10, 0x02, 0x00, 0x00, 0x06, 0x00, 0x11, 0x02, 0x00, 0x00, 0x31, 0x00, 0x11,
    0x01, 0x00, 0x10, 0x03, 0x00, 0x00, 0x1F, 0x00, 0x11, 0x01, 0x00, 0x10, 0x0D, 0x00, 0x00, 0x01,
    0x00, 0x01, 0x05, 0x00, 0x11, 0x01, 0x00, 0x13, 0x22, 0x00, 0x33, 0x92, 0x00, 0x11, 0x02, 0x00,
    0x00, 0x02, 0x00, 0x11, 0x01, 0x00, 0x10, 0x01, 0x00, 0x00, 0x01, 0x00, 0x01, 0x06, 0x00, 0x11,
    0x01, 0x00, 0x10, 0x01, 0x00, 0x00, 0x01, 0x00, 0x01, 0x30, 0x00, 0x11, 0x01, 0x00, 0x10, 0x03,
    0x00, 0x00, 0x1F, 0x00, 0x11, 0x01, 0x00, 0x10, 0x0D, 0x00, 0x00, 0x01, 0x00, 0x01, 0x05, 0x00,
    0x11, 0x01, 0x00, 0x13, 0x22, 0x00, 0x33, 0x92, 0x00, 0x11, 0x01, 0x00, 0x00, 0x01, 0x00, 0x01,
    0x02, 0x00, 0x11, 0x01, 0x00, 0x10, 0x01, 0x00, 0x00, 0x07, 0x00, 0x11, 0x01, 0x00, 0x10, 0x01,
    0x00, 0x00, 0x01, 0x00, 0x01, 0x30, 0x00, 0x11, 0x01, 0x00, 0x10, 0x03, 0x00, 0x00, 0x1F, 0x00,
    0x11, 0x01, 0x00, 0x10, 0x0D, 0x00, 0x00, 0x01, 0x00, 0x01, 0x05, 0x00, 0x11, 0x01, 0x00, 0x13,
    0x22, 0x00, 0x33, 0x92, 0x00, 0x11, 0x01, 0x00, 0x00, 0x01, 0x00, 0x01, 0x02, 0x00, 0x11, 0x01,
    0x00, 0x10, 0x01, 0x00, 0x00, 0x08, 0x00, 0x11, 0x01, 0x00, 0x00, 0x01, 0x00, 0x01, 0x30, 0x00,
    0x11, 0x01, 0x00, 0x10, 0x03, 0x00, 0x00, 0x1F, 0x00, 0x11, 0x01, 0x00, 0x10, 0x0D, 0x00, 0x00,
    0x01, 0x00, 0x01, 0x05, 0x00, 0x11, 0x01, 0x00, 0x13, 0x22, 0x00, 0x33, 0x92, 0x00, 0x11, 0x01,
    0x00, 0x00, 0x01, 0x00, 0x01, 0x02, 0x00, 0x11, 0x01, 0x00, 0x10, 0x01, 0x00, 0x00, 0x08, 0x00,
    0x11, 0x01, 0x00, 0x00, 0x01, 0x00, 0x01, 0x30, 0x00, 0x11, 0x01, 0x00, 0x10, 0x03, 0x00, 0x00,
    0x1F, 0x00, 0x11, 0x01, 0x00, 0x10, 0x0D, 0x00, 0x00, 0x01, 0x00, 0x01, 0x05, 0x00, 0x11, 0x01,
    0x00, 0x13, 0x22, 0x00, 0x33, 0x92, 0x00, 0x11, 0x01, 0x00, 0x00, 0x01, 0x00, 0x01, 0x02, 0x00,
    0x11, 0x01, 0x00, 0x10, 0x01, 0x00, 0x00, 0x08, 0x00, 0x11, 0x01, 0x00, 0x00, 0x01, 0x00, 0x01,
    0x30, 0x00, 0x11, 0x01, 0x00, 0x10, 0x03, 0x00, 0x00, 0x1F, 0x00, 0x11, 0x01, 0x00, 0x10, 0x0D,
    0x00, 0x00, 0x01, 0x00, 0x01, 0x05, 0x00, 0x11, 0x01, 0x00, 0x13, 0x22, 0x00, 0x33, 0x92, 0x00,
    0x11, 0x02, 0x00, 0x00, 0x02, 0x00, 0x11, 0x01, 0x00, 0x10, 0x01, 0x00, 0x00, 0x01, 0x00, 0x01,
    0x06, 0x00, 0x11, 0x01, 0x00, 0x10, 0x01, 0x00, 0x00, 0x01, 0x00, 0x01, 0x30, 0x00, 0x11, 0x01,
    0x00, 0x10, 0x03, 0x00, 0x00, 0x1F, 0x00, 0x11, 0x01, 0x00, 0x10, 0x0D, 0x00, 0x00, 0x01, 0x00,
    0x01, 0x05, 0x00, 0x11, 0x01, 0x00, 0x13, 0x22, 0x00, 0x33, 0x92, 0x00, 0x11, 0x02, 0x00, 0x00,
    0x03, 0x00, 0x11, 0x01, 0x00, 0x00, 0x01, 0x00, 0x01, 0x06, 0x00, 0x11, 0x01, 0x00, 0x10, 0x01,
    0x00, 0x00, 0x31, 0x00, 0x11, 0x01, 0x00, 0x10, 0x03, 0x00, 0x00, 0x1F, 0x00, 0x11, 0x01, 0x00,
    0x10, 0x0D, 0x00, 0x00, 0x01, 0x00, 0x01, 0x05, 0x00, 0x11, 0x01, 0x00, 0x13, 0x22, 0x00, 0x33,
    0x92, 0x00, 0x11, 0x01, 0x00, 0x10, 0x01, 0x00, 0x00, 0x01, 0x00, 0x01, 0x02, 0x00, 0x11, 0x02,
    0x00, 0x00, 0x06, 0x00, 0x11, 0x02, 0x00, 0x00, 0x31, 0x00, 0x11, 0x01, 0x00, 0x10, 0x03, 0x00,
    0x00, 0x1F, 0x00, 0x11, 0x01, 0x00, 0x10, 0x0D, 0x00, 0x00, 0x01, 0x00, 0x01, 0x05, 0x00, 0x11,
    0x01, 0x00, 0x13, 0x22, 0x00, 0x33, 0x92, 0x00, 0x11, 0x01, 0x00, 0x10, 0x02, 0x00, 0x00, 0x01,
    0x00, 0x01, 0x01, 0x00, 0x11, 0x01, 0x00, 0x10, 0x02, 0x00, 0x00, 0x04, 0x00, 0x11, 0x02, 0x00,
    0x00, 0x01, 0x00, 0x01, 0x31, 0x00, 0x11, 0x01, 0x00, 0x10, 0x03, 0x00, 0x00, 0x1F, 0x00, 0x11,
    0x01, 0x00, 0x10, 0x0D, 0x00, 0x00, 0x01, 0x00, 0x01, 0x05, 0x00, 0x11, 0x01, 0x00, 0x13, 0x22,
    0x00, 0x33, 0x93, 0x00, 0x11, 0x0E, 0x00, 0x00, 0x31, 0x00, 0x11, 0x01, 0x00, 0x10, 0x03, 0x00,
    0x00, 0x1F, 0x00, 0x11, 0x01, 0x00, 0x10, 0x0D, 0x00, 0x00, 0x01, 0x00, 0x01, 0x05, 0x00, 0x11,
    0x01, 0x00, 0x13, 0x22, 0x00, 0x33, 0x93, 0x00, 0x11, 0x01, 0x00, 0x10, 0x0D, 0x00, 0x00, 0x31,
    0x00, 0x11, 0x01, 0x00, 0x10, 0x03, 0x00, 0x00, 0x1F, 0x00, 0x11, 0x01, 0x00, 0x10, 0x0D, 0x00,
    0x00, 0x01, 0x00, 0x01, 0x05, 0x00, 0x11, 0x01, 0x00, 0x13, 0x22, 0x00, 0x33, 0x94, 0x00, 0x11,
    0x0D, 0x00, 0x00, 0x31, 0x00, 0x11, 0x01, 0x00, 0x10, 0x03, 0x00, 0x00, 0x1F, 0x00, 0x11, 0x01,
    0x00, 0x10, 0x0D, 0x00, 0x00, 0x01, 0x00, 0x01, 0x05, 0x00, 0x11, 0x01, 0x00, 0x13, 0x22, 0x00,
    0x33, 0x96, 0x00, 0x11, 0x0B, 0x00, 0x00, 0x31, 0x00, 0x11, 0x01, 0x00, 0x10, 0x03, 0x00, 0x00,
    0x1F, 0x00, 0x11, 0x01, 0x00, 0x10, 0x0D, 0x00, 0x00, 0x01, 0x00, 0x01, 0x05, 0x00, 0x11, 0x01,
    0x00, 0x13, 0x22, 0x00, 0x33, 0xD2, 0x00, 0x11, 0x01, 0x00, 0x10, 0x03, 0x00, 0x00, 0x1F, 0x00,
    0x11, 0x01, 0x00, 0x10, 0x0D, 0x00, 0x00, 0x01, 0x00, 0x01, 0x05, 0x00, 0x11, 0x01, 0x00, 0x13,
    0x22, 0x00, 0x33, 0xD2, 0x00, 0x11, 0x01, 0x00, 0x10, 0x03, 0x00, 0x00, 0x1F, 0x00, 0x11, 0x01,
    0x00, 0x10, 0x0D, 0x00, 0x00, 0x01, 0x00, 0x01, 0x05, 0x00, 0x11, 0x01, 0x00, 0x13, 0x22, 0x00,
    0x33, 0xF5, 0x00, 0x11, 0x01, 0x00, 0x10, 0x0D, 0x00, 0x00, 0x01, 0x00, 0x01, 0x05, 0x00, 0x11,
    0x01, 0x00, 0x13, 0x22, 0x00, 0x33, 0xF5, 0x00, 0x11, 0x01, 0x00, 0x10, 0x0D, 0x00, 0x00, 0x01,
    0x00, 0x01, 0x05, 0x00, 0x11, 0x01, 0x00, 0x13, 0x22, 0x00, 0x33, 0x9A, 0x00, 0x11, 0x03, 0x00,
    0x00, 0x35, 0x00, 0x11, 0x01, 0x00, 0x10, 0x03, 0x00, 0x00, 0x1F, 0x00, 0x11, 0x01, 0x00, 0x10,
    0x0D, 0x00, 0x00, 0x01, 0x00, 0x01, 0x05, 0x00, 0x11, 0x01, 0x00, 0x13, 0x22, 0x00, 0x33, 0x98,
    0x00, 0x11, 0x01, 0x00, 0x10, 0x05, 0x00, 0x00, 0x01, 0x00, 0x01, 0x33, 0x00, 0x11, 0x01, 0x00,
    0x10, 0x03, 0x00, 0x00, 0x1F, 0x00, 0x11, 0x01, 0x00, 0x10, 0x0D, 0x00, 0x00, 0x01, 0x00, 0x01,
    0x05, 0x00, 0x11, 0x01, 0x00, 0x13, 0x22, 0x00, 0x33, 0x98, 0x00, 0x11, 0x07, 0x00, 0x00, 0x01,
    0x00, 0x01, 0x32, 0x00, 0x11, 0x01, 0x00, 0x10, 0x03, 0x00, 0x00, 0x1F, 0x00, 0x11, 0x01, 0x00,
    0x10, 0x0D, 0x00, 0x00, 0x01, 0x00, 0x01, 0x05, 0x00, 0x11, 0x01, 0x00, 0x13, 0x22, 0x00, 0x33,
    0x97, 0x00, 0x11, 0x09, 0x00, 0x00, 0x32, 0x00, 0x11, 0x01, 0x00, 0x10, 0x03, 0x00, 0x00, 0x1F,
    0x00, 0x11, 0x01, 0x00, 0x10, 0x0D, 0x00, 0x00, 0x01, 0x00, 0x01, 0x05, 0x00, 0x11, 0x01, 0x00,
    0x13, 0x22, 0x00, 0x33, 0x97, 0x00, 0x11, 0x03, 0x00, 0x00, 0x01, 0x00, 0x01, 0x05, 0x00, 0x00,
    0x01, 0x00, 0x01, 0x31, 0x00, 0x11, 0x01, 0x00, 0x10, 0x03, 0x00, 0x00, 0x1F, 0x00, 0x11, 0x01,
    0x00, 0x10, 0x0D, 0x00, 0x00, 0x01, 0x00, 0x01, 0x05, 0x00, 0x11, 0x01, 0x00, 0x13, 0x22, 0x00,
    0x33, 0x96, 0x00, 0x11, 0x01, 0x00, 0x10, 0x02, 0x00, 0x00, 0x02, 0x00, 0x11, 0x01, 0x00, 0x00,
    0x01, 0x00, 0x01, 0x01, 0x00, 0x11, 0x01, 0x00, 0x10, 0x02, 0x00, 0x00, 0x31, 0x00, 0x11, 0x01,
    0x00, 0x10, 0x03, 0x00, 0x00, 0x1F, 0x00, 0x11, 0x01, 0x00, 0x10, 0x0D, 0x00, 0x00, 0x01, 0x00,
    0x01, 0x05, 0x00, 0x11, 0x01, 0x00, 0x13, 0x22, 0x00, 0x33, 0x96, 0x00, 0x11, 0x02, 0x00, 0x00,
    0x03, 0x00, 0x11, 0x01, 0x00, 0x00, 0x01, 0x00, 0x01, 0x02, 0x00, 0x11, 0x02, 0x00, 0x00, 0x31,
    0x00, 0x11, 0x01, 0x00, 0x10, 0x03, 0x00, 0x00, 0x1F, 0x00, 0x11, 0x01, 0x00, 0x10, 0x0D, 0x00,
    0x00, 0x01, 0x00, 0x01, 0x05, 0x00, 0x11, 0x01, 0x00, 0x13, 0x22, 0x00, 0x33, 0x96, 0x00, 0x11,
    0x02, 0x00, 0x00, 0x03, 0x00, 0x11, 0x01, 0x00, 0x00, 0x01, 0x00, 0x01, 0x02, 0x00, 0x11, 0x01,
    0x00, 0x10, 0x01, 0x00, 0x00, 0x01, 0x00, 0x01, 0x30, 0x00, 0x11, 0x01, 0x00, 0x10, 0x03, 0x00,
    0x00, 0x1F, 0x00, 0x11, 0x01, 0x00, 0x10, 0x0D, 0x00, 0x00, 0x01, 0x00, 0x01, 0x05, 0x00, 0x11,
    0x01, 0x00, 0x13, 0x22, 0x00, 0x33, 0x96, 0x00, 0x11, 0x01, 0x00, 0x00, 0x01, 0x00, 0x01, 0x03,
    0x00, 0x11, 0x01, 0x00, 0x00, 0x01, 0x00, 0x01, 0x03, 0x00, 0x11, 0x01, 0x00, 0x00, 0x01, 0x00,
    0x01, 0x30, 0x00, 0x11, 0x01, 0x00, 0x10, 0x03, 0x00, 0x00, 0x1F, 0x00, 0x11, 0x01, 0x00, 0x10,
    0x0D, 0x00, 0x00, 0x01, 0x00, 0x01, 0x05, 0x00, 0x11, 0x01, 0x00, 0x13, 0x22, 0x00, 0x33, 0x96,
    0x00, 0x11, 0x01, 0x00, 0x00, 0x01, 0x00, 0x01, 0x03, 0x00, 0x11, 0x01, 0x00, 0x00, 0x01, 0x00,
    0x01, 0x03, 0x00, 0x11, 0x01, 0x00, 0x00, 0x01, 0x00, 0x01, 0x30, 0x00, 0x11, 0x01, 0x00, 0x10,
    0x03, 0x00, 0x00, 0x1F, 0x00, 0x11, 0x01, 0x00, 0x10, 0x0D, 0x00, 0x00, 0x01, 0x00, 0x01, 0x05,
    0x00, 0x11, 0x01, 0x00, 0x13, 0x22, 0x00, 0x33, 0x96, 0x00, 0x11, 0x01, 0x00, 0x00, 0x01, 0x00,
    0x01, 0x03, 0x00, 0x11, 0x01, 0x00, 0x00, 0x01, 0x00, 0x01, 0x03, 0x00, 0x11, 0x01, 0x00, 0x00,
    0x01, 0x00, 0x01, 0x30, 0x00, 0x11, 0x01, 0x00, 0x10, 0x03, 0x00, 0x00, 0x1F, 0x00, 0x11, 0x01,
    0x00, 0x10, 0x0D, 0x00, 0x00, 0x01, 0x00, 0x01, 0x05, 0x00, 0x11, 0x01, 0x00, 0x13, 0x22, 0x00,
    0x33, 0x96, 0x00, 0x11, 0x01, 0x00, 0x00, 0x01, 0x00, 0x01, 0x03, 0x00, 0x11, 0x01, 0x00, 0x00,
    0x01, 0x00, 0x01, 0x03, 0x00, 0x11, 0x01, 0x00, 0x00, 0x01, 0x00, 0x01, 0x30, 0x00, 0x11, 0x01,
    0x00, 0x10, 0x03, 0x00, 0x00, 0x1F, 0x00, 0x11, 0x01, 0x00, 0x10, 0x0D, 0x00, 0x00, 0x01, 0x00,
    0x01, 0x05, 0x00, 0x11, 0x01, 0x00, 0x13, 0x22, 0x00, 0x33, 0x96, 0x00, 0x11, 0x02, 0x00, 0x00,
    0x03, 0x00, 0x11, 0x01, 0x00, 0x00, 0x01, 0x00, 0x01, 0x02, 0x00, 0x11, 0x01, 0x00, 0x10, 0x01,
    0x00, 0x00, 0x01, 0x00, 0x01, 0x30, 0x00, 0x11, 0x01, 0x00, 0x10, 0x03, 0x00, 0x00, 0x1F, 0x00,
    0x11, 0x01, 0x00, 0x10, 0x0D, 0x00, 0x00, 0x01, 0x00, 0x01, 0x05, 0x00, 0x11, 0x01, 0x00, 0x13,
    0x22, 0x00, 0x33, 0x96, 0x00, 0x11, 0x02, 0x00, 0x00, 0x03, 0x00, 0x11, 0x01, 0x00, 0x00, 0x01,
    0x00, 0x01, 0x02, 0x00, 0x11, 0x01, 0x00, 0x10, 0x01, 0x00, 0x00, 0x01, 0x00, 0x01, 0x30, 0x00,
    0x11, 0x01, 0x00, 0x10, 0x03, 0x00, 0x00, 0x1F, 0x00, 0x11, 0x01, 0x00, 0x10, 0x0D, 0x00, 0x00,
    0x01, 0x00, 0x01, 0x05, 0x00, 0x11, 0x01, 0x00, 0x13, 0x22, 0x00, 0x33, 0x96, 0x00, 0x11, 0x01,
    0x00, 0x10, 0x01, 0x00, 0x00, 0x01, 0x00, 0x01, 0x02, 0x00, 0x11, 0x01, 0x00, 0x00, 0x01, 0x00,
    0x01, 0x01, 0x00, 0x11, 0x01, 0x00, 0x10, 0x02, 0x00, 0x00, 0x31, 0x00, 0x11, 0x01, 0x00, 0x10,
    0x03, 0x00, 0x00, 0x1F, 0x00, 0x11, 0x01, 0x00, 0x10, 0x0D, 0x00, 0x00, 0x01, 0x00, 0x01, 0x05,
    0x00, 0x11, 0x01, 0x00, 0x13, 0x22, 0x00, 0x33, 0x96, 0x00, 0x11, 0x01, 0x00, 0x10, 0x02, 0x00,
    0x00, 0x01, 0x00, 0x01, 0x01, 0x00, 0x11, 0x01, 0x00, 0x00, 0x01, 0x00, 0x01, 0x03, 0x00, 0x00,
    0x01, 0x00, 0x01, 0x31, 0x00, 0x11, 0x01, 0x00, 0x10, 0x03, 0x00, 0x00, 0x1F, 0x00, 0x11, 0x01,
    0x00, 0x10, 0x0D, 0x00, 0x00, 0x01, 0x00, 0x01, 0x05, 0x00, 0x11, 0x01, 0x00, 0x13, 0x22, 0x00,
    0x33, 0x97, 0x00, 0x11, 0x02, 0x00, 0x00, 0x01, 0x00, 0x01, 0x01, 0x00, 0x11, 0x05, 0x00, 0x00,
    0x01, 0x00, 0x01, 0x31, 0x00, 0x11, 0x01, 0x00, 0x10, 0x03, 0x00, 0x00, 0x1F, 0x00, 0x11, 0x01,
    0x00, 0x10, 0x0D, 0x00, 0x00, 0x01, 0x00, 0x01, 0x05, 0x00, 0x11, 0x01, 0x00, 0x13, 0x22, 0x00,
    0x33, 0x97, 0x00, 0x11, 0x01, 0x00, 0x10, 0x01, 0x00, 0x00, 0x01, 0x00, 0x01, 0x01, 0x00, 0x11,
    0x05, 0x00, 0x00, 0x32, 0x00, 0x11, 0x01, 0x00, 0x10, 0x03, 0x00, 0x00, 0x1F, 0x00, 0x11, 0x01,
    0x00, 0x10, 0x0D, 0x00, 0x00, 0x01, 0x00, 0x01, 0x05, 0x00, 0x11, 0x01, 0x00, 0x13, 0x22, 0x00,
    0x33, 0x98, 0x00, 0x11, 0x01, 0x00, 0x10, 0x01, 0x00, 0x01, 0x01, 0x00, 0x11, 0x04, 0x00, 0x00,
    0x33, 0x00, 0x11, 0x01, 0x00, 0x10, 0x03, 0x00, 0x00, 0x1F, 0x00, 0x11, 0x01, 0x00, 0x10, 0x0D,
    0x00, 0x00, 0x01, 0x00, 0x01, 0x05, 0x00, 0x11, 0x01, 0x00, 0x13, 0x22, 0x00, 0x33, 0x9B, 0x00,
    0x11, 0x02, 0x00, 0x00, 0x1C, 0x00, 0x11, 0x1D, 0x00, 0x00, 0x1F, 0x00, 0x11, 0x01, 0x00, 0x10,
    0x0D, 0x00, 0x00, 0x01, 0x00, 0x01, 0x05, 0x00, 0x11, 0x01, 0x00, 0x13, 0x22, 0x00, 0x33, 0xB9,
    0x00, 0x11, 0x1D, 0x00, 0x00, 0x1F, 0x00, 0x11, 0x01, 0x00, 0x10, 0x0D, 0x00, 0x00, 0x01, 0x00,
    0x01, 0x05, 0x00, 0x11, 0x01, 0x00, 0x13, 0x22, 0x00, 0x33, 0xB9, 0x00, 0x11, 0x1D, 0x00, 0x00,
    0x1F, 0x00, 0x11, 0x01, 0x00, 0x10, 0x0D, 0x00, 0x00, 0x01, 0x00, 0x01, 0x05, 0x00, 0x11, 0x01,
    0x00, 0x13, 0x22, 0x00, 0x33, 0xB9, 0x00, 0x11, 0x1D, 0x00, 0x00, 0x1F, 0x00, 0x11, 0x01, 0x00,
    0x10, 0x0D, 0x00, 0x00, 0x01, 0x00, 0x01, 0x05, 0x00, 0x11, 0x01, 0x00, 0x13, 0x22, 0x00, 0x33,
    0x96, 0x00, 0x11, 0x01, 0x00, 0x10, 0x0A, 0x00, 0x00, 0x18, 0x00, 0x11, 0x1D, 0x00, 0x00, 0x1F,
    0x00, 0x11, 0x01, 0x00, 0x10, 0x0D, 0x00, 0x00, 0x01, 0x00, 0x01, 0x05, 0x00, 0x11, 0x01, 0x00,
    0x13, 0x22, 0x00, 0x33, 0x96, 0x00, 0x11, 0x01, 0x00, 0x10, 0x0A, 0x00, 0x00, 0x18, 0x00, 0x11,
    0x1D, 0x00, 0x00, 0x1F, 0x00, 0x11, 0x01, 0x00, 0x10, 0x0D, 0x00, 0x00, 0x01, 0x00, 0x01, 0x05,
    0x00, 0x11, 0x01, 0x00, 0x13, 0x22, 0x00, 0x33, 0x96, 0x00, 0x11, 0x01, 0x00, 0x10, 0x0A, 0x00,
    0x00, 0x18, 0x00, 0x11, 0x1D, 0x00, 0x00, 0x1F, 0x00, 0x11, 0x01, 0x00, 0x10, 0x0D, 0x00, 0x00,
    0x01, 0x00, 0x01, 0x05, 0x00, 0x11, 0x01, 0x00, 0x13, 0x22, 0x00, 0x33, 0x96, 0x00, 0x11, 0x01,
    0x00, 0x10, 0x0A, 0x00, 0x00, 0x18, 0x00, 0x11, 0x1D, 0x00, 0x00, 0x1F, 0x00, 0x11, 0x01, 0x00,
    0x10, 0x0D, 0x00, 0x00, 0x01, 0x00, 0x01, 0x05, 0x00, 0x11, 0x01, 0x00, 0x13, 0x22, 0x00, 0x33,
    0x9D, 0x00, 0x11, 0x03, 0x00, 0x00, 0x19, 0x00, 0x11, 0x1D, 0x00, 0x00, 0x1F, 0x00, 0x11, 0x01,
    0x00, 0x10, 0x0D, 0x00, 0x00, 0x01, 0x00, 0x01, 0x05, 0x00, 0x11, 0x01, 0x00, 0x13, 0x22, 0x00,
    0x33, 0x9E, 0x00, 0x11, 0x01, 0x00, 0x10, 0x01, 0x00, 0x00, 0x01, 0x00, 0x01, 0x31, 0x00, 0x11,
    0x01, 0x00, 0x10, 0x03, 0x00, 0x00, 0x1F, 0x00, 0x11, 0x01, 0x00, 0x10, 0x0D, 0x00, 0x00, 0x01,
    0x00, 0x01, 0x05, 0x00, 0x11, 0x01, 0x00, 0x13, 0x22, 0x00, 0x33, 0x9F, 0x00, 0x11, 0x02, 0x00,
    0x00, 0x31, 0x00, 0x11, 0x01, 0x00, 0x10, 0x03, 0x00, 0x00, 0x1F, 0x00, 0x11, 0x01, 0x00, 0x10,
    0x0D, 0x00, 0x00, 0x01, 0x00, 0x01, 0x05, 0x00, 0x11, 0x01, 0x00, 0x13, 0x22, 0x00, 0x33, 0x9F,
    0x00, 0x11, 0x02, 0x00, 0x00, 0x01, 0x00, 0x01, 0x30, 0x00, 0x11, 0x01, 0x00, 0x10, 0x03, 0x00,
    0x00, 0x1F, 0x00, 0x11, 0x01, 0x00, 0x10, 0x0D, 0x00, 0x00, 0x01, 0x00, 0x01, 0x05, 0x00, 0x11,
    0x01, 0x00, 0x13, 0x22, 0x00, 0x33, 0x9F, 0x00, 0x11, 0x01, 0x00, 0x10, 0x01, 0x00, 0x00, 0x01,
    0x00, 0x01, 0x30, 0x00, 0x11, 0x01, 0x00, 0x10, 0x03, 0x00, 0x00, 0x1F, 0x00, 0x11, 0x01, 0x00,
    0x10, 0x0D, 0x00, 0x00, 0x01, 0x00, 0x01, 0x05, 0x00, 0x11, 0x01, 0x00, 0x13, 0x22, 0x00, 0x33,
    0x9F, 0x00, 0x11, 0x01, 0x00, 0x10, 0x01, 0x00, 0x00, 0x01, 0x00, 0x01, 0x30, 0x00, 0x11, 0x01,
    0x00, 0x10, 0x03, 0x00, 0x00, 0x1F, 0x00, 0x11, 0x01, 0x00, 0x10, 0x0D, 0x00, 0x00, 0x01, 0x00,
    0x01, 0x05, 0x00, 0x11, 0x01, 0x00, 0x13, 0x22, 0x00, 0x33, 0x9F, 0x00, 0x11, 0x01, 0x00, 0x10,
    0x01, 0x00, 0x00, 0x01, 0x00, 0x01, 0x30, 0x00, 0x11, 0x01, 0x00, 0x10, 0x03, 0x00, 0x00, 0x1F,
    0x00, 0x11, 0x01, 0x00, 0x10, 0x0D, 0x00, 0x00, 0x01, 0x00, 0x01, 0x05, 0x00, 0x11, 0x01, 0x00,
    0x13, 0x22, 0x00, 0x33, 0xD2, 0x00, 0x11, 0x01, 0x00, 0x10, 0x03, 0x00, 0x00, 0x1F, 0x00, 0x11,
    0x01, 0x00, 0x10, 0x0D, 0x00, 0x00, 0x01, 0x00, 0x01, 0x05, 0x00, 0x11, 0x01, 0x00, 0x13, 0x22,
    0x00, 0x33, 0xD2, 0x00, 0x11, 0x01, 0x00, 0x10, 0x03, 0x00, 0x00, 0x1F, 0x00, 0x11, 0x01, 0x00,
    0x10, 0x0D, 0x00, 0x00, 0x01, 0x00, 0x01, 0x05, 0x00, 0x11, 0x01, 0x00, 0x13, 0x22, 0x00, 0x33,
    0xD2, 0x00, 0x11, 0x01, 0x00, 0x10, 0x03, 0x00, 0x00, 0x1F, 0x00, 0x11, 0x01, 0x00, 0x10, 0x0D,
    0x00, 0x00, 0x01, 0x00, 0x01, 0x05, 0x00, 0x11, 0x01, 0x00, 0x13, 0x22, 0x00, 0x33, 0xD2, 0x00,
    0x11, 0x01, 0x00, 0x10, 0x03, 0x00, 0x00, 0x1F, 0x00, 0x11, 0x01, 0x00, 0x10, 0x0D, 0x00, 0x00,
    0x01, 0x00, 0x01, 0x05, 0x00, 0x11, 0x01, 0x00, 0x13, 0x22, 0x00, 0x33, 0xD2, 0x00, 0x11, 0x01,
    0x00, 0x10, 0x03, 0x00, 0x00, 0x1F, 0x00, 0x11, 0x01, 0x00, 0x10, 0x0D, 0x00, 0x00, 0x01, 0x00,
    0x01, 0x05, 0x00, 0x11, 0x01, 0x00, 0x13, 0x22, 0x00, 0x33, 0xD2, 0x00, 0x11, 0x01, 0x00, 0x10,
    0x03, 0x00, 0x00, 0x1F, 0x00, 0x11, 0x01, 0x00, 0x10, 0x0D, 0x00, 0x00, 0x01, 0x00, 0x01, 0x05,
    0x00, 0x11, 0x01, 0x00, 0x13, 0x22, 0x00, 0x33, 0xD2, 0x00, 0x11, 0x01, 0x00, 0x10, 0x03, 0x00,
    0x00, 0x1F, 0x00, 0x11, 0x01, 0x00, 0x10, 0x0D, 0x00, 0x00, 0x01, 0x00, 0x01, 0x05, 0x00, 0x11,
    0x01, 0x00, 0x13, 0x22, 0x00, 0x33, 0xD2, 0x00, 0x11, 0x01, 0x00, 0x10, 0x03, 0x00, 0x00, 0x1F,
    0x00, 0x11, 0x01, 0x00, 0x10, 0x0D, 0x00, 0x00, 0x01, 0x00, 0x01, 0x05, 0x00, 0x11, 0x01, 0x00,
    0x13, 0x22, 0x00, 0x33, 0xD2, 0x00, 0x11, 0x01, 0x00, 0x10, 0x03, 0x00, 0x00, 0x1F, 0x00, 0x11,
    0x01, 0x00, 0x10, 0x0D, 0x00, 0x00, 0x01, 0x00, 0x01, 0x05, 0x00, 0x11, 0x01, 0x00, 0x13, 0x22,
    0x00, 0x33, 0xD2, 0x00, 0x11, 0x01, 0x00, 0x10, 0x03, 0x00, 0x00, 0x1F, 0x00, 0x11, 0x01, 0x00,
    0x10, 0x0D, 0x00, 0x00, 0x01, 0x00, 0x01, 0x05, 0x00, 0x11, 0x01, 0x00, 0x13, 0x22, 0x00, 0x33,
    0xD2, 0x00, 0x11, 0x01, 0x00, 0x10, 0x03, 0x00, 0x00, 0x1F, 0x00, 0x11, 0x01, 0x00, 0x10, 0x0D,
    0x00, 0x00, 0x01, 0x00, 0x01, 0x05, 0x00, 0x11, 0x01, 0x00, 0x13, 0x22, 0x00, 0x33, 0x9F, 0x00,
    0x11, 0x01, 0x00, 0x10, 0x01, 0x00, 0x00, 0x31, 0x00, 0x11, 0x01, 0x00, 0x10, 0x03, 0x00, 0x00,
    0x1F, 0x00, 0x11, 0x01, 0x00, 0x10, 0x0D, 0x00, 0x00, 0x01, 0x00, 0x01, 0x05, 0x00, 0x11, 0x01,
    0x00, 0x13, 0x22, 0x00, 0x33, 0x9F, 0x00, 0x11, 0x01, 0x00, 0x10, 0x01, 0x00, 0x00, 0x31, 0x00,
    0x11, 0x01, 0x00, 0x10, 0x03, 0x00, 0x00, 0x1F, 0x00, 0x11, 0x01, 0x00, 0x10, 0x0D, 0x00, 0x00,
    0x01, 0x00, 0x01, 0x05, 0x00, 0x11, 0x01, 0x00, 0x13, 0x22, 0x00, 0x33, 0x9F, 0x00, 0x11, 0x01,
    0x00, 0x10, 0x01, 0x00, 0x00, 0x54, 0x00, 0x11, 0x01, 0x00, 0x10, 0x0D, 0x00, 0x00, 0x01, 0x00,
    0x01, 0x05, 0x00, 0x11, 0x01, 0x00, 0x13, 0x22, 0x00, 0x33, 0x97, 0x00, 0x11, 0x01, 0x00, 0x10,
    0x0C, 0x00, 0x00, 0x51, 0x00, 0x11, 0x01, 0x00, 0x10, 0x0D, 0x00, 0x00, 0x01, 0x00, 0x01, 0x05,
    0x00, 0x11, 0x01, 0x00, 0x13, 0x22, 0x00, 0x33, 0x97, 0x00, 0x11, 0x0D, 0x00, 0x00, 0x51, 0x00,
    0x11, 0x01, 0x00, 0x10, 0x0D, 0x00, 0x00, 0x01, 0x00, 0x01, 0x05, 0x00, 0x11, 0x01, 0x00, 0x13,
    0x22, 0x00, 0x33, 0x96, 0x00, 0x11, 0x01, 0x00, 0x10, 0x0D, 0x00, 0x00, 0x51, 0x00, 0x11, 0x01,
    0x00, 0x10, 0x0D, 0x00, 0x00, 0x01, 0x00, 0x01, 0x05, 0x00, 0x11, 0x01, 0x00, 0x13, 0x22, 0x00,
    0x33, 0x96, 0x00, 0x11, 0x01, 0x00, 0x10, 0x0D, 0x00, 0x00, 0x51, 0x00, 0x11, 0x01, 0x00, 0x10,
    0x0D, 0x00, 0x00, 0x01, 0x00, 0x01, 0x05, 0x00, 0x11, 0x01, 0x00, 0x13, 0x22, 0x00, 0x33, 0x96,
    0x00, 0x11, 0x01, 0x00, 0x10, 0x01, 0x00, 0x00, 0x01, 0x00, 0x01, 0x06, 0x00, 0x11, 0x01, 0x00,
    0x10, 0x01, 0x00, 0x00, 0x54, 0x00, 0x11, 0x01, 0x00, 0x10, 0x0D, 0x00, 0x00, 0x01, 0x00, 0x01,
    0x05, 0x00, 0x11, 0x01, 0x00, 0x13, 0x22, 0x00, 0x33, 0x96, 0x00, 0x11, 0x01, 0x00, 0x10, 0x01,
    0x00, 0x00, 0x07, 0x00, 0x11, 0x01, 0x00, 0x10, 0x01, 0x00, 0x00, 0x54, 0x00, 0x11, 0x01, 0x00,
    0x10, 0x0D, 0x00, 0x00, 0x01, 0x00, 0x01, 0x05, 0x00, 0x11, 0x01, 0x00, 0x13, 0x22, 0x00, 0x33,
    0x96, 0x00, 0x11, 0x01, 0x00, 0x10, 0x01, 0x00, 0x00, 0x07, 0x00, 0x11, 0x01, 0x00, 0x10, 0x01,
    0x00, 0x00, 0x54, 0x00, 0x11, 0x01, 0x00, 0x10, 0x0D, 0x00, 0x00, 0x01, 0x00, 0x01, 0x05, 0x00,
    0x11, 0x01, 0x00, 0x13, 0x22, 0x00, 0x33, 0xB9, 0x00, 0x11, 0x1D, 0x00, 0x00, 0x1F, 0x00, 0x11,
    0x01, 0x00, 0x10, 0x0D, 0x00, 0x00, 0x01, 0x00, 0x01, 0x05, 0x00, 0x11, 0x01, 0x00, 0x13, 0x22,
    0x00, 0x33, 0xB9, 0x00, 0x11, 0x1D, 0x00, 0x00, 0x1F, 0x00, 0x11, 0x01, 0x00, 0x10, 0x0D, 0x00,
    0x00, 0x01, 0x00, 0x01, 0x05, 0x00, 0x11, 0x01, 0x00, 0x13, 0x22, 0x00, 0x33, 0xB9, 0x00, 0x11,
    0x1D, 0x00, 0x00, 0x1F, 0x00, 0x11, 0x01, 0x00, 0x10, 0x0D, 0x00, 0x00, 0x01, 0x00, 0x01, 0x05,
    0x00, 0x11, 0x01, 0x00, 0x13, 0x22, 0x00, 0x33, 0x99, 0x00, 0x11, 0x01, 0x00, 0x10, 0x03, 0x00,
    0x00, 0x01, 0x00, 0x01, 0x1B, 0x00, 0x11, 0x1D, 0x00, 0x00, 0x1F, 0x00, 0x11, 0x01, 0x00, 0x10,
    0x0D, 0x00, 0x00, 0x01, 0x00, 0x01, 0x05, 0x00, 0x11, 0x01, 0x00, 0x13, 0x22, 0x00, 0x33, 0x98,
    0x00, 0x11, 0x07, 0x00, 0x00, 0x1A, 0x00, 0x11, 0x1D, 0x00, 0x00, 0x1F, 0x00, 0x11, 0x01, 0x00,
    0x10, 0x0D, 0x00, 0x00, 0x01, 0x00, 0x01, 0x05, 0x00, 0x11, 0x01, 0x00, 0x13, 0x22, 0x00, 0x33,
    0x97, 0x00, 0x11, 0x01, 0x00, 0x10, 0x08, 0x00, 0x00, 0x19, 0x00, 0x11, 0x1D, 0x00, 0x00, 0x1F,
    0x00, 0x11, 0x01, 0x00, 0x10, 0x0D, 0x00, 0x00, 0x01, 0x00, 0x01, 0x05, 0x00, 0x11, 0x01, 0x00,
    0x13, 0x22, 0x00, 0x33, 0x97, 0x00, 0x11, 0x09, 0x00, 0x00, 0x01, 0x00, 0x01, 0x18, 0x00, 0x11,
    0x1D, 0x00, 0x00, 0x1F, 0x00, 0x11, 0x01, 0x00, 0x10, 0x0D, 0x00, 0x00, 0x01, 0x00, 0x01, 0x05,
    0x00, 0x11, 0x01, 0x00, 0x13, 0x22, 0x00, 0x33, 0x96, 0x00, 0x11, 0x01, 0x00, 0x10, 0x02, 0x00,
    0x00, 0x01, 0x00, 0x01, 0x03, 0x00, 0x11, 0x01, 0x00, 0x10, 0x03, 0x00, 0x00, 0x18, 0x00, 0x11,
    0x1D, 0x00, 0x00, 0x1F, 0x00, 0x11, 0x01, 0x00, 0x10, 0x0D, 0x00, 0x00, 0x01, 0x00, 0x01, 0x05,
    0x00, 0x11, 0x01, 0x00, 0x13, 0x22, 0x00, 0x33, 0x96, 0x00, 0x11, 0x01, 0x00, 0x10, 0x01, 0x00,
    0x00, 0x01, 0x00, 0x01, 0x05, 0x00, 0x11, 0x01, 0x00, 0x10, 0x02, 0x00, 0x00, 0x18, 0x00, 0x11,
    0x03, 0x00, 0x00, 0x01, 0x00, 0x01, 0x09, 0x00, 0x11, 0x03, 0x00, 0x00, 0x01, 0x00, 0x01, 0x08,
    0x00, 0x11, 0x01, 0x00, 0x10, 0x03, 0x00, 0x00, 0x1F, 0x00, 0x11, 0x01, 0x00, 0x10, 0x0D, 0x00,
    0x00, 0x01, 0x00, 0x01, 0x05, 0x00, 0x11, 0x01, 0x00, 0x13, 0x22, 0x00, 0x33, 0x96, 0x00, 0x11,
    0x02, 0x00, 0x00, 0x07, 0x00, 0x11, 0x01, 0x00, 0x10, 0x01, 0x00, 0x00, 0x01, 0x00, 0x01, 0x17,
    0x00, 0x11, 0x03, 0x00, 0x00, 0x01, 0x00, 0x01, 0x09, 0x00, 0x11, 0x03, 0x00, 0x00, 0x01, 0x00,
    0x01, 0x08, 0x00, 0x11, 0x01, 0x00, 0x10, 0x03, 0x00, 0x00, 0x1F, 0x00, 0x11, 0x01, 0x00, 0x10,
    0x0D, 0x00, 0x00, 0x01, 0x00, 0x01, 0x05, 0x00, 0x11, 0x01, 0x00, 0x13, 0x22, 0x00, 0x33, 0x96,
    0x00, 0x11, 0x02, 0x00, 0x00, 0x07, 0x00, 0x11, 0x01, 0x00, 0x10, 0x01, 0x00, 0x00, 0x01, 0x00,
    0x01, 0x17, 0x00, 0x11, 0x03, 0x00, 0x00, 0x01, 0x00, 0x01, 0x09, 0x00, 0x11, 0x03, 0x00, 0x00,
    0x01, 0x00, 0x01, 0x08, 0x00, 0x11, 0x01, 0x00, 0x10, 0x03, 0x00, 0x00, 0x1F, 0x00, 0x11, 0x01,
    0x00, 0x10, 0x0D, 0x00, 0x00, 0x01, 0x00, 0x01, 0x05, 0x00, 0x11, 0x01, 0x00, 0x13, 0x22, 0x00,
    0x33, 0x96, 0x00, 0x11, 0x01, 0x00, 0x00, 0x01, 0x00, 0x01, 0x08, 0x00, 0x11, 0x01, 0x00, 0x00,
    0x01, 0x00, 0x01, 0x17, 0x00, 0x11, 0x03, 0x00, 0x00, 0x01, 0x00, 0x01, 0x09, 0x00, 0x11, 0x03,
    0x00, 0x00, 0x01, 0x00, 0x01, 0x08, 0x00, 0x11, 0x01, 0x00, 0x10, 0x03, 0x00, 0x00, 0x1F, 0x00,
    0x11, 0x01, 0x00, 0x10, 0x0D, 0x00, 0x00, 0x01, 0x00, 0x01, 0x05, 0x00, 0x11, 0x01, 0x00, 0x13,
    0x22, 0x00, 0x33, 0x96, 0x00, 0x11, 0x01, 0x00, 0x00, 0x01, 0x00, 0x01, 0x08, 0x00, 0x11, 0x01,
    0x00, 0x00, 0x01, 0x00, 0x01, 0x17, 0x00, 0x11, 0x03, 0x00, 0x00, 0x01, 0x00, 0x01, 0x09, 0x00,
    0x11, 0x03, 0x00, 0x00, 0x01, 0x00, 0x01, 0x08, 0x00, 0x11, 0x01, 0x00, 0x10, 0x03, 0x00, 0x00,
    0x1F, 0x00, 0x11, 0x01, 0x00, 0x10, 0x0D, 0x00, 0x00, 0x01, 0x00, 0x01, 0x05, 0x00, 0x11, 0x01,
    0x00, 0x13, 0x22, 0x00, 0x33, 0x96, 0x00, 0x11, 0x01, 0x00, 0x00, 0x01, 0x00, 0x01, 0x08, 0x00,
    0x11, 0x01, 0x00, 0x00, 0x01, 0x00, 0x01, 0x17, 0x00, 0x11, 0x03, 0x00, 0x00, 0x01, 0x00, 0x01,
    0x09, 0x00, 0x11, 0x03, 0x00, 0x00, 0x01, 0x00, 0x01, 0x08, 0x00, 0x11, 0x01, 0x00, 0x10, 0x03,
    0x00, 0x00, 0x1F, 0x00, 0x11, 0x01, 0x00, 0x10, 0x0D, 0x00, 0x00, 0x01, 0x00, 0x01, 0x05, 0x00,
    0x11, 0x01, 0x00, 0x13, 0x22, 0x00, 0x33, 0x96, 0x00, 0x11, 0x01, 0x00, 0x00, 0x01, 0x00, 0x01,
    0x08, 0x00, 0x11, 0x01, 0x00, 0x00, 0x01, 0x00, 0x01, 0x17, 0x00, 0x11, 0x03, 0x00, 0x00, 0x01,
    0x00, 0x01, 0x09, 0x00, 0x11, 0x03, 0x00, 0x00, 0x01, 0x00, 0x01, 0x08, 0x00, 0x11, 0x01, 0x00,
    0x10, 0x03, 0x00, 0x00, 0x1F, 0x00, 0x11, 0x01, 0x00, 0x10, 0x0D, 0x00, 0x00, 0x01, 0x00, 0x01,
    0xBE, 0x00, 0x11, 0x02, 0x00, 0x00, 0x07, 0x00, 0x11, 0x01, 0x00, 0x10, 0x01, 0x00, 0x00, 0x01,
    0x00, 0x01, 0x17, 0x00, 0x11, 0x03, 0x00, 0x00, 0x01, 0x00, 0x01, 0x09, 0x00, 0x11, 0x03, 0x00,
    0x00, 0x01, 0x00, 0x01, 0x08, 0x00, 0x11, 0x01, 0x00, 0x10, 0x03, 0x00, 0x00, 0x1F, 0x00, 0x11,
    0x01, 0x00, 0x10, 0x0D, 0x00, 0x00, 0x01, 0x00, 0x01, 0xBE, 0x00, 0x11, 0x02, 0x00, 0x00, 0x07,
    0x00, 0x11, 0x01, 0x00, 0x10, 0x01, 0x00, 0x00, 0x01, 0x00, 0x01, 0x17, 0x00, 0x11, 0x03, 0x00,
    0x00, 0x01, 0x00, 0x01, 0x09, 0x00, 0x11, 0x03, 0x00, 0x00, 0x01, 0x00, 0x01, 0x08, 0x00, 0x11,
    0x01, 0x00, 0x10, 0x03, 0x00, 0x00, 0x1F, 0x00, 0x11, 0x01, 0x00, 0x10, 0x0D, 0x00, 0x00, 0x01,
    0x00, 0x01, 0xBE, 0x00, 0x11, 0x01, 0x00, 0x10, 0x02, 0x00, 0x00, 0x05, 0x00, 0x11, 0x01, 0x00,
    0x10, 0x02, 0x00, 0x00, 0x18, 0x00, 0x11, 0x03, 0x00, 0x00, 0x01, 0x00, 0x01, 0x09, 0x00, 0x11,
    0x03, 0x00, 0x00, 0x01, 0x00, 0x01, 0x08, 0x00, 0x11, 0x01, 0x00, 0x10, 0x03, 0x00, 0x00, 0x1F,
    0x00, 0x11, 0x01, 0x00, 0x10, 0x0D, 0x00, 0x00, 0x01, 0x00, 0x01, 0xBF, 0x00, 0x11, 0x03, 0x00,
    0x00, 0x01, 0x00, 0x01, 0x02, 0x00, 0x11, 0x01, 0x00, 0x10, 0x03, 0x00, 0x00, 0x18, 0x00, 0x11,
    0x03, 0x00, 0x00, 0x01, 0x00, 0x01, 0x09, 0x00, 0x11, 0x03, 0x00, 0x00, 0x01, 0x00, 0x01, 0x08,
    0x00, 0x11, 0x01, 0x00, 0x10, 0x03, 0x00, 0x00, 0x1F, 0x00, 0x11, 0x01, 0x00, 0x10, 0x0D, 0x00,
    0x00, 0x01, 0x00, 0x01, 0xBF, 0x00, 0x11, 0x09, 0x00, 0x00, 0x01, 0x00, 0x01, 0x18, 0x00, 0x11,
    0x03, 0x00, 0x00, 0x01, 0x00, 0x01, 0x09, 0x00, 0x11, 0x03, 0x00, 0x00, 0x01, 0x00, 0x01, 0x08,
    0x00, 0x11, 0x01, 0x00, 0x10, 0x03, 0x00, 0x00, 0x1F, 0x00, 0x11, 0x01, 0x00, 0x10, 0x0D, 0x00,
    0x00, 0x01, 0x00, 0x01, 0xC0, 0x00, 0x11, 0x08, 0x00, 0x00, 0x19, 0x00, 0x11, 0x03, 0x00, 0x00,
    0x01, 0x00, 0x01, 0x09, 0x00, 0x11, 0x03, 0x00, 0x00, 0x01, 0x00, 0x01, 0x08, 0x00, 0x11, 0x01,
    0x00, 0x10, 0x03, 0x00, 0x00, 0x1F, 0x00, 0x11, 0x01, 0x00, 0x10, 0x0D, 0x00, 0x00, 0x01, 0x00,
    0x01, 0xC0, 0x00, 0x11, 0x01, 0x00, 0x10, 0x06, 0x00, 0x00, 0x1A, 0x00, 0x11, 0x03, 0x00, 0x00,
    0x01, 0x00, 0x01, 0x09, 0x00, 0x11, 0x03, 0x00, 0x00, 0x01, 0x00, 0x01, 0x08, 0x00, 0x11, 0x01,
    0x00, 0x10, 0x03, 0x00, 0x00, 0x1F, 0x00, 0x11, 0x01, 0x00, 0x10, 0x0D, 0x00, 0x00, 0x01, 0x00,
    0x01, 0xC2, 0x00, 0x11, 0x01, 0x00, 0x10, 0x02, 0x00, 0x00, 0x01, 0x00, 0x01, 0x1B, 0x00, 0x11,
    0x03, 0x00, 0x00, 0x01, 0x00, 0x01, 0x09, 0x00, 0x11, 0x03, 0x00, 0x00, 0x01, 0x00, 0x01, 0x08,
    0x00, 0x11, 0x01, 0x00, 0x10, 0x03, 0x00, 0x00, 0x1F, 0x00, 0x11, 0x01, 0x00, 0x10, 0x0D, 0x00,
    0x00, 0x01, 0x00, 0x01, 0xE1, 0x00, 0x11, 0x03, 0x00, 0x00, 0x01, 0x00, 0x01, 0x09, 0x00, 0x11,
    0x03, 0x00, 0x00, 0x01, 0x00, 0x01, 0x08, 0x00, 0x11, 0x01, 0x00, 0x10, 0x03, 0x00, 0x00, 0x1F,
    0x00, 0x11, 0x01, 0x00, 0x10, 0x0D, 0x00, 0x00, 0x01, 0x00, 0x01, 0xE1, 0x00, 0x11, 0x03, 0x00,
    0x00, 0x01, 0x00, 0x01, 0x09, 0x00, 0x11, 0x03, 0x00, 0x00, 0x01, 0x00, 0x01, 0x08, 0x00, 0x11,
    0x01, 0x00, 0x10, 0x03, 0x00, 0x00, 0x1F, 0x00, 0x11, 0x01, 0x00, 0x10, 0x0D, 0x00, 0x00, 0x01,
    0x00, 0x01, 0xE1, 0x00, 0x11, 0x03, 0x00, 0x00, 0x01, 0x00, 0x01, 0x09, 0x00, 0x11, 0x03, 0x00,
    0x00, 0x01, 0x00, 0x01, 0x08, 0x00, 0x11, 0x01, 0x00, 0x10, 0x03, 0x00, 0x00, 0x1F, 0x00, 0x11,
    0x01, 0x00, 0x10, 0x0D, 0x00, 0x00, 0x01, 0x00, 0x01, 0xE1, 0x00, 0x11, 0x03, 0x00, 0x00, 0x01,
    0x00, 0x01, 0x09, 0x00, 0x11, 0x03, 0x00, 0x00, 0x01, 0x00, 0x01, 0x08, 0x00, 0x11, 0x01, 0x00,
    0x10, 0x03, 0x00, 0x00, 0x1F, 0x00, 0x11, 0x01, 0x00, 0x10, 0x64, 0x00, 0x00, 0x8B, 0x00, 0x11,
    0x03, 0x00, 0x00, 0x01, 0x00, 0x01, 0x09, 0x00, 0x11, 0x03, 0x00, 0x00, 0x01, 0x00, 0x01, 0x08,
    0x00, 0x11, 0x01, 0x00, 0x10, 0x03, 0x00, 0x00, 0x1F, 0x00, 0x11, 0x01, 0x00, 0x10, 0x64, 0x00,
    0x00, 0x8B, 0x00, 0x11, 0x03, 0x00, 0x00, 0x01, 0x00, 0x01, 0x09, 0x00, 0x11, 0x03, 0x00, 0x00,
    0x01, 0x00, 0x01, 0x08, 0x00, 0x11, 0x01, 0x00, 0x10, 0x03, 0x00, 0x00, 0x1F, 0x00, 0x11, 0x01,
    0x00, 0x10, 0x64, 0x00, 0x00, 0x8B, 0x00, 0x11, 0x03, 0x00, 0x00, 0x01, 0x00, 0x01, 0x09, 0x00,
    0x11, 0x03, 0x00, 0x00, 0x01, 0x00, 0x01, 0x08, 0x00, 0x11, 0x01, 0x00, 0x10, 0x03, 0x00, 0x00,
    0x1F, 0x00, 0x11, 0x01, 0x00, 0x10, 0x64, 0x00, 0x00, 0x8B, 0x00, 0x11, 0x03, 0x00, 0x00, 0x01,
    0x00, 0x01, 0x09, 0x00, 0x11, 0x03, 0x00, 0x00, 0x01, 0x00, 0x01, 0x08, 0x00, 0x11, 0x01, 0x00,
    0x10, 0x03, 0x00, 0x00, 0x1F, 0x00, 0x11, 0x01, 0x00, 0x10, 0x64, 0x00, 0x00, 0x8B, 0x00, 0x11,
    0x03, 0x00, 0x00, 0x01, 0x00, 0x01, 0x09, 0x00, 0x11, 0x03, 0x00, 0x00, 0x01, 0x00, 0x01, 0x08,
    0x00, 0x11, 0x01, 0x00, 0x10, 0x03, 0x00, 0x00, 0x1F, 0x00, 0x11, 0x01, 0x00, 0x10, 0x64, 0x00,
    0x00, 0x8B, 0x00, 0x11, 0x03, 0x00, 0x00, 0x01, 0x00, 0x01, 0x09, 0x00, 0x11, 0x03, 0x00, 0x00,
    0x01, 0x00, 0x01, 0x08, 0x00, 0x11, 0x01, 0x00, 0x10, 0x03, 0x00, 0x00, 0x1F, 0x00, 0x11, 0x01,
    0x00, 0x10, 0x64, 0x00, 0x00, 0x8B, 0x00, 0x11, 0x03, 0x00, 0x00, 0x01, 0x00, 0x01, 0x09, 0x00,
    0x11, 0x03, 0x00, 0x00, 0x01, 0x00, 0x01, 0x08, 0x00, 0x11, 0x01, 0x00, 0x10, 0x03, 0x00, 0x00,
    0x1F, 0x00, 0x11, 0x01, 0x00, 0x10, 0x64, 0x00, 0x00, 0x8B, 0x00, 0x11, 0x03, 0x00, 0x00, 0x01,
    0x00, 0x01, 0x09, 0x00, 0x11, 0x03, 0x00, 0x00, 0x01, 0x00, 0x01, 0x08, 0x00, 0x11, 0x01, 0x00,
    0x10, 0x03, 0x00, 0x00, 0x1F, 0x00, 0x11, 0x01, 0x00, 0x10, 0x64, 0x00, 0x00, 0x8B, 0x00, 0x11,
    0x03, 0x00, 0x00, 0x01, 0x00, 0x01, 0x09, 0x00, 0x11, 0x03, 0x00, 0x00, 0x01, 0x00, 0x01, 0x08,
    0x00, 0x11, 0x01, 0x00, 0x10, 0x03, 0x00, 0x00, 0x1F, 0x00, 0x11, 0x01, 0x00, 0x10, 0x64, 0x00,
    0x00, 0x6B, 0x00, 0x11, 0x01, 0x00, 0x10, 0x03, 0x00, 0x00, 0x01, 0x00, 0x01, 0x1B, 0x00, 0x11,
    0x03, 0x00, 0x00, 0x01, 0x00, 0x01, 0x09, 0x00, 0x11, 0x03, 0x00, 0x00, 0x01, 0x00, 0x01, 0x08,
    0x00, 0x11, 0x01, 0x00, 0x10, 0x03, 0x00, 0x00, 0x1F, 0x00, 0x11, 0x01, 0x00, 0x10, 0x64, 0x00,
    0x00, 0x6A, 0x00, 0x11, 0x01, 0x00, 0x10, 0x06, 0x00, 0x00, 0x1A, 0x00, 0x11, 0x03, 0x00, 0x00,
    0x01, 0x00, 0x01, 0x09, 0x00, 0x11, 0x03, 0x00, 0x00, 0x01, 0x00, 0x01, 0x08, 0x00, 0x11, 0x01,
    0x00, 0x10, 0x03, 0x00, 0x00, 0x1F, 0x00, 0x11, 0x01, 0x00, 0x10, 0x64, 0x00, 0x00, 0x69, 0x00,
    0x11, 0x01, 0x00, 0x10, 0x08, 0x00, 0x00, 0x19, 0x00, 0x11, 0x03, 0x00, 0x00, 0x01, 0x00, 0x01,
    0x09, 0x00, 0x11, 0x03, 0x00, 0x00, 0x01, 0x00, 0x01, 0x08, 0x00, 0x11, 0x01, 0x00, 0x10, 0x03,
    0x00, 0x00, 0x1F, 0x00, 0x11, 0x01, 0x00, 0x10, 0x64, 0x00, 0x00, 0x69, 0x00, 0x11, 0x09, 0x00,
    0x00, 0x01, 0x00, 0x01, 0x18, 0x00, 0x11, 0x03, 0x00, 0x00, 0x01, 0x00, 0x01, 0x15, 0x00, 0x11,
    0x01, 0x00, 0x10, 0x03, 0x00, 0x00, 0x1F, 0x00, 0x11, 0x01, 0x00, 0x10, 0x64, 0x00, 0x00, 0x68,
    0x00, 0x11, 0x01, 0x00, 0x10, 0x03, 0x00, 0x00, 0x03, 0x00, 0x11, 0x01, 0x00, 0x10, 0x03, 0x00,
    0x00, 0x18, 0x00, 0x11, 0x03, 0x00, 0x00, 0x01, 0x00, 0x01, 0x15, 0x00, 0x11, 0x01, 0x00, 0x10,
    0x03, 0x00, 0x00, 0x1F, 0x00, 0x11, 0x01, 0x00, 0x10, 0x64, 0x00, 0x00, 0x68, 0x00, 0x11, 0x01,
    0x00, 0x10, 0x01, 0x00, 0x00, 0x01, 0x00, 0x01, 0x05, 0x00, 0x11, 0x01, 0x00, 0x10, 0x02, 0x00,
    0x00, 0x18, 0x00, 0x11, 0x03, 0x00, 0x00, 0x01, 0x00, 0x01, 0x15, 0x00, 0x11, 0x01, 0x00, 0x10,
    0x03, 0x00, 0x00, 0x1F, 0x00, 0x11, 0x01, 0x00, 0x10, 0x64, 0x00, 0x00, 0x68, 0x00, 0x11, 0x02,
    0x00, 0x00, 0x07, 0x00, 0x11, 0x01, 0x00, 0x10, 0x01, 0x00, 0x00, 0x01, 0x00, 0x01, 0x53, 0x00,
    0x11, 0x01, 0x00, 0x10, 0x64, 0x00, 0x00, 0x68, 0x00, 0x11, 0x02, 0x00, 0x00, 0x07, 0x00, 0x11,
    0x01, 0x00, 0x10, 0x01, 0x00, 0x00, 0x01, 0x00, 0x01, 0x53, 0x00, 0x11, 0x01, 0x00, 0x10, 0x64,
    0x00, 0x00, 0x68, 0x00, 0x11, 0x01, 0x00, 0x00, 0x01, 0x00, 0x01, 0x08, 0x00, 0x11, 0x01, 0x00,
    0x00, 0x01, 0x00, 0x01, 0x53, 0x00, 0x11, 0x01, 0x00, 0x10, 0x64, 0x00, 0x00, 0x68, 0x00, 0x11,
    0x01, 0x00, 0x00, 0x01, 0x00, 0x01, 0x08, 0x00, 0x11, 0x01, 0x00, 0x00, 0x01, 0x00, 0x01, 0x53,
    0x00, 0x11, 0x01, 0x00, 0x10, 0x64, 0x00, 0x00, 0x68, 0x00, 0x11, 0x01, 0x00, 0x00, 0x01, 0x00,
    0x01, 0x08, 0x00, 0x11, 0x01, 0x00, 0x00, 0x01, 0x00, 0x01, 0x53, 0x00, 0x11, 0x01, 0x00, 0x10,
    0x64, 0x00, 0x00, 0x68, 0x00, 0x11, 0x02, 0x00, 0x00, 0x08, 0x00, 0x11, 0x01, 0x00, 0x00, 0x01,
    0x00, 0x01, 0x53, 0x00, 0x11, 0x01, 0x00, 0x10, 0x64, 0x00, 0x00, 0x68, 0x00, 0x11, 0x02, 0x00,
    0x00, 0x07, 0x00, 0x11, 0x01, 0x00, 0x10, 0x01, 0x00, 0x00, 0x01, 0x00, 0x01, 0x53, 0x00, 0x11,
    0x01, 0x00, 0x10, 0x64, 0x00, 0x00, 0x68, 0x00, 0x11, 0x01, 0x00, 0x10, 0x02, 0x00, 0x00, 0x06,
    0x00, 0x11, 0x02, 0x00, 0x00, 0x54, 0x00, 0x11, 0x01, 0x00, 0x10, 0x64, 0x00, 0x00, 0x68, 0x00,
    0x11, 0x01, 0x00, 0x10, 0x03, 0x00, 0x00, 0x03, 0x00, 0x11, 0x01, 0x00, 0x10, 0x03, 0x00, 0x00,
    0x54, 0x00, 0x11, 0x01, 0x00, 0x10, 0x64, 0x00, 0x00, 0x69, 0x00, 0x11, 0x03, 0x00, 0x00, 0x03,
    0x00, 0x11, 0x01, 0x00, 0x10, 0x02, 0x00, 0x00, 0x01, 0x00, 0x01, 0x54, 0x00, 0x11, 0x01, 0x00,
    0x10, 0x64, 0x00, 0x00, 0x69, 0x00, 0x11, 0x01, 0x00, 0x10, 0x02, 0x00, 0x00, 0x03, 0x00, 0x11,
    0x01, 0x00, 0x10, 0x02, 0x00, 0x00, 0x55, 0x00, 0x11, 0x01, 0x00, 0x10, 0x64, 0x00, 0x00, 0x6A,
    0x00, 0x11, 0x01, 0x00, 0x10, 0x01, 0x00, 0x00, 0x03, 0x00, 0x11, 0x01, 0x00, 0x10, 0x01, 0x00,
    0x00, 0x1A, 0x00, 0x11, 0x1D, 0x00, 0x00, 0x1F, 0x00, 0x11, 0x01, 0x00, 0x10, 0x64, 0x00, 0x00,
    0x8B, 0x00, 0x11, 0x1D, 0x00, 0x00, 0x0F, 0x01, 0x11, 0x1D, 0x00, 0x00, 0xEF, 0x00, 0x11, 0x01,
    0x00, 0x10, 0x03, 0x00, 0x00, 0x01, 0x00, 0x01, 0x1B, 0x00, 0x11, 0x1D, 0x00, 0x00, 0xEE, 0x00,
    0x11, 0x07, 0x00, 0x00, 0x1A, 0x00, 0x11, 0x1D, 0x00, 0x00, 0xED, 0x00, 0x11, 0x01, 0x00, 0x10,
    0x08, 0x00, 0x00, 0x19, 0x00, 0x11, 0x1D, 0x00, 0x00, 0xED, 0x00, 0x11, 0x09, 0x00, 0x00, 0x01,
    0x00, 0x01, 0x18, 0x00, 0x11, 0x1D, 0x00, 0x00, 0xEC, 0x00, 0x11, 0x01, 0x00, 0x10, 0x02, 0x00,
    0x00, 0x01, 0x00, 0x01, 0x03, 0x00, 0x11, 0x01, 0x00, 0x10, 0x03, 0x00, 0x00, 0x18, 0x00, 0x11,
    0x1D, 0x00, 0x00, 0xEC, 0x00, 0x11, 0x01, 0x00, 0x10, 0x01, 0x00, 0x00, 0x01, 0x00, 0x01, 0x05,
    0x00, 0x11, 0x01, 0x00, 0x10, 0x02, 0x00, 0x00, 0x24, 0x00, 0x11, 0x03, 0x00, 0x00, 0x01, 0x00,
    0x01, 0x09, 0x00, 0x11, 0x01, 0x00, 0x10, 0x03, 0x00, 0x00, 0xEC, 0x00, 0x11, 0x02, 0x00, 0x00,
    0x07, 0x00, 0x11, 0x01, 0x00, 0x10, 0x01, 0x00, 0x00, 0x01, 0x00, 0x01, 0x23, 0x00, 0x11, 0x03,
    0x00, 0x00, 0x01, 0x00, 0x01, 0x09, 0x00, 0x11, 0x01, 0x00, 0x10, 0x03, 0x00, 0x00, 0xEC, 0x00,
    0x11, 0x02, 0x00, 0x00, 0x07, 0x00, 0x11, 0x01, 0x00, 0x10, 0x01, 0x00, 0x00, 0x01, 0x00, 0x01,
    0x23, 0x00, 0x11, 0x03, 0x00, 0x00, 0x01, 0x00, 0x01, 0x09, 0x00, 0x11, 0x01, 0x00, 0x10, 0x03,
    0x00, 0x00, 0xEC, 0x00, 0x11, 0x01, 0x00, 0x00, 0x01, 0x00, 0x01, 0x08, 0x00, 0x11, 0x01, 0x00,
    0x00, 0x01, 0x00, 0x01, 0x23, 0x00, 0x11, 0x03, 0x00, 0x00, 0x01, 0x00, 0x01, 0x09, 0x00, 0x11,
    0x01, 0x00, 0x10, 0x03, 0x00, 0x00, 0xEC, 0x00, 0x11, 0x01, 0x00, 0x00, 0x01, 0x00, 0x01, 0x08,
    0x00, 0x11, 0x01, 0x00, 0x00, 0x01, 0x00, 0x01, 0x23, 0x00, 0x11, 0x03, 0x00, 0x00, 0x01, 0x00,
    0x01, 0x09, 0x00, 0x11, 0x01, 0x00, 0x10, 0x03, 0x00, 0x00, 0xEC, 0x00, 0x11, 0x01, 0x00, 0x00,
    0x01, 0x00, 0x01, 0x08, 0x00, 0x11, 0x01, 0x00, 0x00, 0x01, 0x00, 0x01, 0x23, 0x00, 0x11, 0x03,
    0x00, 0x00, 0x01, 0x00, 0x01, 0x09, 0x00, 0x11, 0x01, 0x00, 0x10, 0x03, 0x00, 0x00, 0xEC, 0x00,
    0x11, 0x01, 0x00, 0x00, 0x01, 0x00, 0x01, 0x08, 0x00, 0x11, 0x01, 0x00, 0x00, 0x01, 0x00, 0x01,
    0x23, 0x00, 0x11, 0x03, 0x00, 0x00, 0x01, 0x00, 0x01, 0x09, 0x00, 0x11, 0x01, 0x00, 0x10, 0x03,
    0x00, 0x00, 0xEC, 0x00, 0x11, 0x02, 0x00, 0x00, 0x07, 0x00, 0x11, 0x01, 0x00, 0x10, 0x01, 0x00,
    0x00, 0x01, 0x00, 0x01, 0x23, 0x00, 0x11, 0x03, 0x00, 0x00, 0x01, 0x00, 0x01, 0x09, 0x00, 0x11,
    0x01, 0x00, 0x10, 0x03, 0x00, 0x00, 0xEC, 0x00, 0x11, 0x02, 0x00, 0x00, 0x07, 0x00, 0x11, 0x01,
    0x00, 0x10, 0x01, 0x00, 0x00, 0x01, 0x00, 0x01, 0x23, 0x00, 0x11, 0x03, 0x00, 0x00, 0x01, 0x00,
    0x01, 0x09, 0x00, 0x11, 0x01, 0x00, 0x10, 0x03, 0x00, 0x00, 0xEC, 0x00, 0x11, 0x01, 0x00, 0x10,
    0x02, 0x00, 0x00, 0x05, 0x00, 0x11, 0x01, 0x00, 0x10, 0x02, 0x00, 0x00, 0x24, 0x00, 0x11, 0x03,
    0x00, 0x00, 0x01, 0x00, 0x01, 0x09, 0x00, 0x11, 0x01, 0x00, 0x10, 0x03, 0x00, 0x00, 0xED, 0x00,
    0x11, 0x03, 0x00, 0x00, 0x01, 0x00, 0x01, 0x02, 0x00, 0x11, 0x01, 0x00, 0x10, 0x03, 0x00, 0x00,
    0x24, 0x00, 0x11, 0x03, 0x00, 0x00, 0x01, 0x00, 0x01, 0x09, 0x00, 0x11, 0x01, 0x00, 0x10, 0x03,
    0x00, 0x00, 0xED, 0x00, 0x11, 0x09, 0x00, 0x00, 0x01, 0x00, 0x01, 0x24, 0x00, 0x11, 0x03, 0x00,
    0x00, 0x01, 0x00, 0x01, 0x09, 0x00, 0x11, 0x01, 0x00, 0x10, 0x03, 0x00, 0x00, 0xEE, 0x00, 0x11,
    0x08, 0x00, 0x00, 0x25, 0x00, 0x11, 0x03, 0x00, 0x00, 0x01, 0x00, 0x01, 0x09, 0x00, 0x11, 0x01,
    0x00, 0x10, 0x03, 0x00, 0x00, 0xEE, 0x00, 0x11, 0x01, 0x00, 0x10, 0x06, 0x00, 0x00, 0x26, 0x00,
    0x11, 0x03, 0x00, 0x00, 0x01, 0x00, 0x01, 0x09, 0x00, 0x11, 0x01, 0x00, 0x10, 0x03, 0x00, 0x00,
    0xF0, 0x00, 0x11, 0x01, 0x00, 0x10, 0x02, 0x00, 0x00, 0x01, 0x00, 0x01, 0x27, 0x00, 0x11, 0x03,
    0x00, 0x00, 0x01, 0x00, 0x01, 0x09, 0x00, 0x11, 0x01, 0x00, 0x10, 0x03, 0x00, 0x00, 0x1B, 0x01,
    0x11, 0x03, 0x00, 0x00, 0x01, 0x00, 0x01, 0x09, 0x00, 0x11, 0x01, 0x00, 0x10, 0x03, 0x00, 0x00,
    0x1B, 0x01, 0x11, 0x03, 0x00, 0x00, 0x01, 0x00, 0x01, 0x09, 0x00, 0x11, 0x01, 0x00, 0x10, 0x03,
    0x00, 0x00, 0x1B, 0x01, 0x11, 0x03, 0x00, 0x00, 0x01, 0x00, 0x01, 0x09, 0x00, 0x11, 0x01, 0x00,
    0x10, 0x03, 0x00, 0x00, 0xEC, 0x00, 0x11, 0x01, 0x00, 0x10, 0x0A, 0x00, 0x00, 0x24, 0x00, 0x11,
    0x03, 0x00, 0x00, 0x01, 0x00, 0x01, 0x09, 0x00, 0x11, 0x01, 0x00, 0x10, 0x03, 0x00, 0x00, 0xEC,
    0x00, 0x11, 0x01, 0x00, 0x10, 0x0A, 0x00, 0x00, 0x24, 0x00, 0x11, 0x03, 0x00, 0x00, 0x01, 0x00,
    0x01, 0x09, 0x00, 0x11, 0x01, 0x00, 0x10, 0x03, 0x00, 0x00, 0xEC, 0x00, 0x11, 0x01, 0x00, 0x10,
    0x0A, 0x00, 0x00, 0x24, 0x00, 0x11, 0x03, 0x00, 0x00, 0x01, 0x00, 0x01, 0x09, 0x00, 0x11, 0x01,
    0x00, 0x10, 0x03, 0x00, 0x00, 0xEC, 0x00, 0x11, 0x01, 0x00, 0x10, 0x0A, 0x00, 0x00, 0x24, 0x00,
    0x11, 0x04, 0x00, 0x00, 0x09, 0x00, 0x11, 0x01, 0x00, 0x10, 0x03, 0x00, 0x00, 0xF3, 0x00, 0x11,
    0x01, 0x00, 0x10, 0x02, 0x00, 0x00, 0x01, 0x00, 0x01, 0x23, 0x00, 0x11, 0x01, 0x00, 0x10, 0x04,
    0x00, 0x00, 0x09, 0x00, 0x11, 0x04, 0x00, 0x00, 0xF5, 0x00, 0x11, 0x01, 0x00, 0x00, 0x01, 0x00,
    0x01, 0x23, 0x00, 0x11, 0x01, 0x00, 0x10, 0x04, 0x00, 0x00, 0x09, 0x00, 0x11, 0x04, 0x00, 0x00,
    0xF5, 0x00, 0x11, 0x01, 0x00, 0x10, 0x01, 0x00, 0x00, 0x23, 0x00, 0x11, 0x01, 0x00, 0x10, 0x04,
    0x00, 0x00, 0x09, 0x00, 0x11, 0x04, 0x00, 0x00, 0xF5, 0x00, 0x11, 0x01, 0x00, 0x10, 0x01, 0x00,
    0x00, 0x01, 0x00, 0x01, 0x22, 0x00, 0x11, 0x05, 0x00, 0x00, 0x01, 0x00, 0x01, 0x07, 0x00, 0x11,
    0x01, 0x00, 0x10, 0x03, 0x00, 0x00, 0x01, 0x00, 0x01, 0xF6, 0x00, 0x11, 0x01, 0x00, 0x00, 0x01,
    0x00, 0x01, 0x21, 0x00, 0x11, 0x01, 0x00, 0x10, 0x06, 0x00, 0x00, 0x07, 0x00, 0x11, 0x01, 0x00,
    0x10, 0x03, 0x00, 0x00, 0x01, 0x00, 0x01, 0xF6, 0x00, 0x11, 0x01, 0x00, 0x00, 0x01, 0x00, 0x01,
    0x21, 0x00, 0x11, 0x07, 0x00, 0x00, 0x01, 0x00, 0x01, 0x06, 0x00, 0x11, 0x04, 0x00, 0x00, 0x01,
    0x00, 0x01, 0xF6, 0x00, 0x11, 0x01, 0x00, 0x00, 0x01, 0x00, 0x01, 0x1E, 0x00, 0x11, 0x01, 0x00,
    0x10, 0x0A, 0x00, 0x00, 0x05, 0x00, 0x11, 0x05, 0x00, 0x00, 0x01, 0x00, 0x01, 0xF6, 0x00, 0x11,
    0x01, 0x00, 0x00, 0x01, 0x00, 0x01, 0x17, 0x00, 0x11, 0x01, 0x00, 0x10, 0x1B, 0x00, 0x00, 0xF6,
    0x00, 0x11, 0x01, 0x00, 0x10, 0x01, 0x00, 0x00, 0x01, 0x00, 0x01, 0x17, 0x00, 0x11, 0x1C, 0x00,
    0x00, 0xF5, 0x00, 0x11, 0x01, 0x00, 0x10, 0x02, 0x00, 0x00, 0x01, 0x00, 0x01, 0x17, 0x00, 0x11,
    0x0D, 0x00, 0x00, 0x01, 0x00, 0x01, 0x01, 0x00, 0x10, 0x0C, 0x00, 0x00, 0x01, 0x00, 0x01, 0xED,
    0x00, 0x11, 0x01, 0x00, 0x10, 0x0A, 0x00, 0x00, 0x18, 0x00, 0x11, 0x0D, 0x00, 0x00, 0x02, 0x00,
    0x11, 0x0C, 0x00, 0x00, 0xEE, 0x00, 0x11, 0x01, 0x00, 0x10, 0x0A, 0x00, 0x00, 0x18, 0x00, 0x11,
    0x0C, 0x00, 0x00, 0x01, 0x00, 0x01, 0x02, 0x00, 0x11, 0x01, 0x00, 0x10, 0x0A, 0x00, 0x00, 0x01,
    0x00, 0x01, 0xEE, 0x00, 0x11, 0x01, 0x00, 0x10, 0x09, 0x00, 0x00, 0x19, 0x00, 0x11, 0x0C, 0x00,
    0x00, 0x04, 0x00, 0x11, 0x0A, 0x00, 0x00, 0xEF, 0x00, 0x11, 0x01, 0x00, 0x10, 0x08, 0x00, 0x00,
    0x1A, 0x00, 0x11, 0x0B, 0x00, 0x00, 0x01, 0x00, 0x01, 0x04, 0x00, 0x11, 0x01, 0x00, 0x10, 0x08,
    0x00, 0x00, 0x01, 0x00, 0x01, 0x12, 0x01, 0x11, 0x09, 0x00, 0x00, 0x08, 0x00, 0x11, 0x01, 0x00,
    0x10, 0x06, 0x00, 0x00, 0x01, 0x00, 0x01, 0x13, 0x01, 0x11, 0x02, 0x00, 0x00, 0x11, 0x00, 0x11,
    0x01, 0x00, 0x10, 0x02, 0x00, 0x00, 0x01, 0x00, 0x01, 0xFB, 0x00, 0x11, 0x01, 0x00, 0x10, 0x01,
    0x00, 0x00, 0x18, 0x00, 0x11, 0x01, 0x00, 0x00, 0x11, 0x01, 0x11, 0x01, 0x00, 0x10, 0x01, 0x00,
    0x00, 0x18, 0x00, 0x11, 0x01, 0x00, 0x01, 0x11, 0x01, 0x11, 0x01, 0x00, 0x10, 0x01, 0x00, 0x00,
    0x22, 0x01, 0x11, 0x01, 0x00, 0x10, 0x0C, 0x00, 0x00, 0x1F, 0x01, 0x11, 0x0D, 0x00, 0x00, 0x1E,
    0x01, 0x11, 0x01, 0x00, 0x10, 0x0D, 0x00, 0x00, 0x1E, 0x01, 0x11, 0x01, 0x00, 0x10, 0x0D, 0x00,
    0x00, 0x31, 0x00, 0x11, 0x01, 0x00, 0x00, 0xEC, 0x00, 0x11, 0x01, 0x00, 0x10, 0x01, 0x00, 0x00,
    0x01, 0x00, 0x01, 0x06, 0x00, 0x11, 0x01, 0x00, 0x10, 0x01, 0x00, 0x00, 0x33, 0x00, 0x11, 0x01,
    0x00, 0x10, 0x01, 0x00, 0x00, 0xEC, 0x00, 0x11, 0x01, 0x00, 0x10, 0x01, 0x00, 0x00, 0x07, 0x00,
    0x11, 0x01, 0x00, 0x10, 0x01, 0x00, 0x00, 0x32, 0x00, 0x11, 0x01, 0x00, 0x10, 0x02, 0x00, 0x00,
    0xEC, 0x00, 0x11, 0x01, 0x00, 0x10, 0x01, 0x00, 0x00, 0x07, 0x00, 0x11, 0x01, 0x00, 0x10, 0x01,
    0x00, 0x00, 0x32, 0x00, 0x11, 0x03, 0x00, 0x00, 0x28, 0x01, 0x11, 0x04, 0x00, 0x00, 0x27, 0x01,
    0x11, 0x05, 0x00, 0x00, 0x26, 0x01, 0x11, 0x01, 0x00, 0x10, 0x05, 0x00, 0x00, 0x25, 0x01, 0x11,
    0x01, 0x00, 0x10, 0x06, 0x00, 0x00, 0xEC, 0x00, 0x11, 0x01, 0x00, 0x10, 0x0A, 0x00, 0x00, 0x02,
    0x00, 0x11, 0x02, 0x00, 0x00, 0x2A, 0x00, 0x11, 0x07, 0x00, 0x00, 0xEC, 0x00, 0x11, 0x01, 0x00,
    0x10, 0x0A, 0x00, 0x00, 0x02, 0x00, 0x11, 0x02, 0x00, 0x00, 0x29, 0x00, 0x11, 0x07, 0x00, 0x00,
    0x01, 0x00, 0x01, 0xEC, 0x00, 0x11, 0x01, 0x00, 0x10, 0x0A, 0x00, 0x00, 0x02, 0x00, 0x11, 0x02,
    0x00, 0x00, 0x28, 0x00, 0x11, 0x07, 0x00, 0x00, 0x01, 0x00, 0x01, 0xED, 0x00, 0x11, 0x01, 0x00,
    0x10, 0x0A, 0x00, 0x00, 0x02, 0x00, 0x11, 0x02, 0x00, 0x00, 0x27, 0x00, 0x11, 0x01, 0x00, 0x10,
    0x07, 0x00, 0x00, 0x23, 0x01, 0x11, 0x01, 0x00, 0x10, 0x07, 0x00, 0x00, 0x24, 0x01, 0x11, 0x07,
    0x00, 0x00, 0x24, 0x01, 0x11, 0x07, 0x00, 0x00, 0x01, 0x00, 0x01, 0x23, 0x01, 0x11, 0x07, 0x00,
    0x00, 0x01, 0x00, 0x01, 0xF1, 0x00, 0x11, 0x01, 0x00, 0x10, 0x0A, 0x00, 0x00, 0x27, 0x00, 0x11,
    0x01, 0x00, 0x10, 0x06, 0x00, 0x00, 0x01, 0x00, 0x01, 0xF2, 0x00, 0x11, 0x01, 0x00, 0x10, 0x0A,
    0x00, 0x00, 0x26, 0x00, 0x11, 0x01, 0x00, 0x10, 0x06, 0x00, 0x00, 0x01, 0x00, 0x01, 0xF3, 0x00,
    0x11, 0x01, 0x00, 0x10, 0x0A, 0x00, 0x00, 0x26, 0x00, 0x11, 0x07, 0x00, 0x00, 0xF4, 0x00, 0x11,
    0x01, 0x00, 0x10, 0x0A, 0x00, 0x00, 0x25, 0x00, 0x11, 0x07, 0x00, 0x00, 0xFC, 0x00, 0x11, 0x01,
    0x00, 0x10, 0x02, 0x00, 0x00, 0x01, 0x00, 0x01, 0x24, 0x00, 0x11, 0x07, 0x00, 0x00, 0xFF, 0x00,
    0x11, 0x01, 0x00, 0x00, 0x01, 0x00, 0x01, 0x18, 0x00, 0x11, 0x12, 0x00, 0x00, 0x01, 0x00, 0x01,
    0xFF, 0x00, 0x11, 0x01, 0x00, 0x10, 0x01, 0x00, 0x00, 0x18, 0x00, 0x11, 0x11, 0x00, 0x00, 0x01,
    0x00, 0x01, 0x00, 0x01, 0x11, 0x01, 0x00, 0x10, 0x01, 0x00, 0x00, 0x01, 0x00, 0x01, 0x17, 0x00,
    0x11, 0x10, 0x00, 0x00, 0x01, 0x00, 0x01, 0x02, 0x01, 0x11, 0x01, 0x00, 0x00, 0x01, 0x00, 0x01,
    0x17, 0x00, 0x11, 0x10, 0x00, 0x00, 0x03, 0x01, 0x11, 0x01, 0x00, 0x00, 0x01, 0x00, 0x01, 0x17,
    0x00, 0x11, 0x0F, 0x00, 0x00, 0x01, 0x00, 0x01, 0x03, 0x01, 0x11, 0x01, 0x00, 0x00, 0x01, 0x00,
    0x01, 0x17, 0x00, 0x11, 0x10, 0x00, 0x00, 0x01, 0x00, 0x01, 0x02, 0x01, 0x11, 0x01, 0x00, 0x00,
    0x01, 0x00, 0x01, 0x17, 0x00, 0x11, 0x11, 0x00, 0x00, 0x01, 0x01, 0x11, 0x01, 0x00, 0x10, 0x01,
    0x00, 0x00, 0x01, 0x00, 0x01, 0x17, 0x00, 0x11, 0x12, 0x00, 0x00, 0xFF, 0x00, 0x11, 0x01, 0x00,
    0x10, 0x02, 0x00, 0x00, 0x01, 0x00, 0x01, 0x23, 0x00, 0x11, 0x07, 0x00, 0x00, 0xF6, 0x00, 0x11,
    0x01, 0x00, 0x10, 0x0A, 0x00, 0x00, 0x24, 0x00, 0x11, 0x01, 0x00, 0x10, 0x06, 0x00, 0x00, 0x01,
    0x00, 0x01, 0xF5, 0x00, 0x11, 0x01, 0x00, 0x10, 0x0A, 0x00, 0x00, 0x25, 0x00, 0x11, 0x01, 0x00,
    0x10, 0x06, 0x00, 0x00, 0x01, 0x00, 0x01, 0xF4, 0x00, 0x11, 0x01, 0x00, 0x10, 0x09, 0x00, 0x00,
    0x27, 0x00, 0x11, 0x07, 0x00, 0x00, 0x01, 0x00, 0x01, 0xF3, 0x00, 0x11, 0x01, 0x00, 0x10, 0x08,
    0x00, 0x00, 0x29, 0x00, 0x11, 0x07, 0x00, 0x00, 0x01, 0x00, 0x01, 0x25, 0x01, 0x11, 0x07, 0x00,
    0x00, 0x25, 0x01, 0x11, 0x01, 0x00, 0x10, 0x07, 0x00, 0x00, 0x25, 0x01, 0x11, 0x01, 0x00, 0x10,
    0x07, 0x00, 0x00, 0x25, 0x01, 0x11, 0x07, 0x00, 0x00, 0x01, 0x00, 0x01, 0x25, 0x01, 0x11, 0x07,
    0x00, 0x00, 0x01, 0x00, 0x01, 0xF0, 0x00, 0x11, 0x01, 0x00, 0x10, 0x08, 0x00, 0x00, 0x2C, 0x00,
    0x11, 0x07, 0x00, 0x00, 0x01, 0x00, 0x01, 0xEE, 0x00, 0x11, 0x01, 0x00, 0x10, 0x09, 0x00, 0x00,
    0x2C, 0x00, 0x11, 0x01, 0x00, 0x10, 0x07, 0x00, 0x00, 0xED, 0x00, 0x11, 0x01, 0x00, 0x10, 0x0A,
    0x00, 0x00, 0x2D, 0x00, 0x11, 0x01, 0x00, 0x10, 0x07, 0x00, 0x00, 0xEC, 0x00, 0x11, 0x01, 0x00,
    0x10, 0x0A, 0x00, 0x00, 0x2E, 0x00, 0x11, 0x07, 0x00, 0x00, 0xEC, 0x00, 0x11, 0x03, 0x00, 0x00,
    0x37, 0x00, 0x11, 0x06, 0x00, 0x00, 0xEC, 0x00, 0x11, 0x02, 0x00, 0x00, 0x39, 0x00, 0x11, 0x05,
    0x00, 0x00, 0xEC, 0x00, 0x11, 0x01, 0x00, 0x00, 0x01, 0x00, 0x01, 0x39, 0x00, 0x11, 0x01, 0x00,
    0x10, 0x04, 0x00, 0x00, 0xEC, 0x00, 0x11, 0x01, 0x00, 0x00, 0x01, 0x00, 0x01, 0x3A, 0x00, 0x11,
    0x01, 0x00, 0x10, 0x03, 0x00, 0x00, 0xEC, 0x00, 0x11, 0x01, 0x00, 0x00, 0x01, 0x00, 0x01, 0x3B,
    0x00, 0x11, 0x03, 0x00, 0x00, 0xEC, 0x00, 0x11, 0x01, 0x00, 0x00, 0x01, 0x00, 0x01, 0x3C, 0x00,
    0x11, 0x02, 0x00, 0x00, 0xEC, 0x00, 0x11, 0x02, 0x00, 0x00, 0x3D, 0x00, 0x11, 0x01, 0x00, 0x00,
    0xEC, 0x00, 0x11, 0x01, 0x00, 0x10, 0x01, 0x00, 0x00, 0x3D, 0x00, 0x11, 0x01, 0x00, 0x10, 0xED,
    0x00, 0x11, 0x02, 0x00, 0x00, 0x2A, 0x01, 0x11, 0x01, 0x00, 0x10, 0x02, 0x00, 0x00, 0x01, 0x00,
    0x01, 0x27, 0x01, 0x11, 0x01, 0x00, 0x10, 0x0A, 0x00, 0x00, 0x21, 0x01, 0x11, 0x01, 0x00, 0x10,
    0x0A, 0x00, 0x00, 0x21, 0x01, 0x11, 0x01, 0x00, 0x10, 0x0A, 0x00, 0x00, 0x21, 0x01, 0x11, 0x01,
    0x00, 0x10, 0x0A, 0x00, 0x00, 0xA9, 0x04, 0x11, 0x03, 0x00, 0x00, 0x27, 0x01, 0x11, 0x01, 0x00,
    0x10, 0x05, 0x00, 0x00, 0x01, 0x00, 0x01, 0x25, 0x01, 0x11, 0x07, 0x00, 0x00, 0x01, 0x00, 0x01,
    0x23, 0x01, 0x11, 0x09, 0x00, 0x00, 0x23, 0x01, 0x11, 0x03, 0x00, 0x00, 0x01, 0x00, 0x01, 0x05,
    0x00, 0x00, 0x01, 0x00, 0x01, 0x21, 0x01, 0x11, 0x01, 0x00, 0x10, 0x02, 0x00, 0x00, 0x02, 0x00,
    0x11, 0x01, 0x00, 0x00, 0x01, 0x00, 0x01, 0x01, 0x00, 0x11, 0x01, 0x00, 0x10, 0x02, 0x00, 0x00,
    0x21, 0x01, 0x11, 0x02, 0x00, 0x00, 0x03, 0x00, 0x11, 0x01, 0x00, 0x00, 0x01, 0x00, 0x01, 0x02,
    0x00, 0x11, 0x02, 0x00, 0x00, 0x21, 0x01, 0x11, 0x02, 0x00, 0x00, 0x03, 0x00, 0x11, 0x01, 0x00,
    0x00, 0x01, 0x00, 0x01, 0x02, 0x00, 0x11, 0x01, 0x00, 0x10, 0x01, 0x00, 0x00, 0x01, 0x00, 0x01,
    0x20, 0x01, 0x11, 0x01, 0x00, 0x00, 0x01, 0x00, 0x01, 0x03, 0x00, 0x11, 0x01, 0x00, 0x00, 0x01,
    0x00, 0x01, 0x03, 0x00, 0x11, 0x01, 0x00, 0x00, 0x01, 0x00, 0x01, 0x20, 0x01, 0x11, 0x01, 0x00,
    0x00, 0x01, 0x00, 0x01, 0x03, 0x00, 0x11, 0x01, 0x00, 0x00, 0x01, 0x00, 0x01, 0x03, 0x00, 0x11,
    0x01, 0x00, 0x00, 0x01, 0x00, 0x01, 0x20, 0x01, 0x11, 0x01, 0x00, 0x00, 0x01, 0x00, 0x01, 0x03,
    0x00, 0x11, 0x01, 0x00, 0x00, 0x01, 0x00, 0x01, 0x03, 0x00, 0x11, 0x01, 0x00, 0x00, 0x01, 0x00,
    0x01, 0x20, 0x01, 0x11, 0x01, 0x00, 0x00, 0x01, 0x00, 0x01, 0x03, 0x00, 0x11, 0x01, 0x00, 0x00,
    0x01, 0x00, 0x01, 0x03, 0x00, 0x11, 0x01, 0x00, 0x00, 0x01, 0x00, 0x01, 0x20, 0x01, 0x11, 0x02,
    0x00, 0x00, 0x03, 0x00, 0x11, 0x01, 0x00, 0x00, 0x01, 0x00, 0x01, 0x02, 0x00, 0x11, 0x01, 0x00,
    0x10, 0x01, 0x00, 0x00, 0x01, 0x00, 0x01, 0x20, 0x01, 0x11, 0x02, 0x00, 0x00, 0x03, 0x00, 0x11,
    0x01, 0x00, 0x00, 0x01, 0x00, 0x01, 0x02, 0x00, 0x11, 0x01, 0x00, 0x10, 0x01, 0x00, 0x00, 0x01,
    0x00, 0x01, 0x20, 0x01, 0x11, 0x01, 0x00, 0x10, 0x01, 0x00, 0x00, 0x01, 0x00, 0x01, 0x02, 0x00,
    0x11, 0x01, 0x00, 0x00, 0x01, 0x00, 0x01, 0x01, 0x00, 0x11, 0x01, 0x00, 0x10, 0x02, 0x00, 0x00,
    0x21, 0x01, 0x11, 0x01, 0x00, 0x10, 0x02, 0x00, 0x00, 0x01, 0x00, 0x01, 0x01, 0x00, 0x11, 0x01,
    0x00, 0x00, 0x01, 0x00, 0x01, 0x03, 0x00, 0x00, 0x01, 0x00, 0x01, 0x22, 0x01, 0x11, 0x02, 0x00,
    0x00, 0x01, 0x00, 0x01, 0x01, 0x00, 0x11, 0x05, 0x00, 0x00, 0x01, 0x00, 0x01, 0x22, 0x01, 0x11,
    0x01, 0x00, 0x10, 0x01, 0x00, 0x00, 0x01, 0x00, 0x01, 0x01, 0x00, 0x11, 0x05, 0x00, 0x00, 0x24,
    0x01, 0x11, 0x01, 0x00, 0x10, 0x01, 0x00, 0x01, 0x01, 0x00, 0x11, 0x04, 0x00, 0x00, 0x28, 0x01,
    0x11, 0x02, 0x00, 0x00, 0xFF, 0xFF, 0x11, 0xFF, 0xFF, 0x11, 0xFF, 0xFF, 0x11, 0xFF, 0xFF, 0x11,
    0xFF, 0xFF, 0x11, 0x32, 0x13, 0x11, 0xB4, 0x00, 0x00, 0x78, 0x00, 0x11, 0xB4, 0x00, 0x00, 0x78,
    0x00, 0x11, 0xB4, 0x00, 0x00, 0x78, 0x00, 0x11, 0xB4, 0x00, 0x00, 0x78, 0x00, 0x11, 0xB4, 0x00,
    0x00, 0x78, 0x00, 0x11, 0xB4, 0x00, 0x00, 0x78, 0x00, 0x11, 0xB4, 0x00, 0x00, 0x78, 0x00, 0x11,
    0xB4, 0x00, 0x00, 0x78, 0x00, 0x11, 0xB4, 0x00, 0x00, 0x78, 0x00, 0x11, 0xB4, 0x00, 0x00, 0x78,
    0x00, 0x11, 0xB4, 0x00, 0x00, 0x78, 0x00, 0x11, 0xB4, 0x00, 0x00, 0x78, 0x00, 0x11, 0xB4, 0x00,
    0x00, 0x78, 0x00, 0x11, 0xB4, 0x00, 0x00, 0x78, 0x00, 0x11, 0xB4, 0x00, 0x00, 0x78, 0x00, 0x11,
    0xB4, 0x00, 0x00, 0x78, 0x00, 0x11, 0xB4, 0x00, 0x00, 0x78, 0x00, 0x11, 0xB4, 0x00, 0x00, 0x78,
    0x00, 0x11, 0xB4, 0x00, 0x00, 0x78, 0x00, 0x11, 0xB4, 0x00, 0x00, 0x78, 0x00, 0x11, 0xB4, 0x00,
    0x00, 0x78, 0x00, 0x11, 0xB4, 0x00, 0x00, 0x78, 0x00, 0x11, 0xB4, 0x00, 0x00, 0x78, 0x00, 0x11,
    0xB4, 0x00, 0x00, 0x78, 0x00, 0x11, 0xB4, 0x00, 0x00, 0x78, 0x00, 0x11, 0xB4, 0x00, 0x00, 0x78,
    0x00, 0x11, 0xB4, 0x00, 0x00, 0x78, 0x00, 0x11, 0xB4, 0x00, 0x00, 0x1E, 0x01, 0x11, 0x0E, 0x00,
    0x00, 0x1E, 0x01, 0x11, 0x0E, 0x00, 0x00, 0x1E, 0x01, 0x11, 0x0E, 0x00, 0x00, 0x1E, 0x01, 0x11,
    0x0E, 0x00, 0x00, 0x1E, 0x01, 0x11, 0x0E, 0x00, 0x00, 0x1E, 0x01, 0x11, 0x0E, 0x00, 0x00, 0x1E,
    0x01, 0x11, 0x0E, 0x00, 0x00, 0x1E, 0x01, 0x11, 0x0E, 0x00, 0x00, 0x1E, 0x01, 0x11, 0x0E, 0x00,
    0x00, 0x1E, 0x01, 0x11, 0x0E, 0x00, 0x00, 0x1E, 0x01, 0x11, 0x0E, 0x00, 0x00, 0x1E, 0x01, 0x11,
    0x0E, 0x00, 0x00, 0x1E, 0x01, 0x11, 0x0E, 0x00, 0x00, 0x1E, 0x01, 0x11, 0x0E, 0x00, 0x00, 0x1E,
    0x01, 0x11, 0x0E, 0x00, 0x00, 0x1E, 0x01, 0x11, 0x0E, 0x00, 0x00, 0x1E, 0x01, 0x11, 0x0E, 0x00,
    0x00, 0x1E, 0x01, 0x11, 0x0E, 0x00, 0x00, 0x1E, 0x01, 0x11, 0x0E, 0x00, 0x00, 0x1E, 0x01, 0x11,
    0x0E, 0x00, 0x00, 0x1E, 0x01, 0x11, 0x0E, 0x00, 0x00, 0x1E, 0x01, 0x11, 0x0E, 0x00, 0x00, 0x1E,
    0x01, 0x11, 0x0E, 0x00, 0x00, 0x1E, 0x01, 0x11, 0x0E, 0x00, 0x00, 0x1E, 0x01, 0x11, 0x0E, 0x00,
    0x00, 0x1E, 0x01, 0x11, 0x0E, 0x00, 0x00, 0x1E, 0x01, 0x11, 0x0E, 0x00, 0x00, 0x1E, 0x01, 0x11,
    0x0E, 0x00, 0x00, 0x1E, 0x01, 0x11, 0x0E, 0x00, 0x00, 0x1E, 0x01, 0x11, 0x0E, 0x00, 0x00, 0x1E,
    0x01, 0x11, 0x0E, 0x00, 0x00, 0x1E, 0x01, 0x11, 0x0E, 0x00, 0x00, 0x1E, 0x01, 0x11, 0x0E, 0x00,
    0x00, 0x1E, 0x01, 0x11, 0x0E, 0x00, 0x00, 0x1E, 0x01, 0x11, 0x0E, 0x00, 0x00, 0x1E, 0x01, 0x11,
    0x0E, 0x00, 0x00, 0x1E, 0x01, 0x11, 0x0E, 0x00, 0x00, 0x1E, 0x01, 0x11, 0x0E, 0x00, 0x00, 0x1E,
    0x01, 0x11, 0x0E, 0x00, 0x00, 0x1E, 0x01, 0x11, 0x0E, 0x00, 0x00, 0x1E, 0x01, 0x11, 0x0E, 0x00,
    0x00, 0x1E, 0x01, 0x11, 0x0E, 0x00, 0x00, 0x1E, 0x01, 0x11, 0x0E, 0x00, 0x00, 0x1E, 0x01, 0x11,
    0x0E, 0x00, 0x00, 0x1E, 0x01, 0x11, 0x0E, 0x00, 0x00, 0x1E, 0x01, 0x11, 0x0E, 0x00, 0x00, 0x1E,
    0x01, 0x11, 0x0E, 0x00, 0x00, 0x1E, 0x01, 0x11, 0x0E, 0x00, 0x00, 0x1E, 0x01, 0x11, 0x0E, 0x00,
    0x00, 0x1E, 0x01, 0x11, 0x0E, 0x00, 0x00, 0x1E, 0x01, 0x11, 0x0E, 0x00, 0x00, 0x1E, 0x01, 0x11,
    0x0E, 0x00, 0x00, 0x1E, 0x01, 0x11, 0x0E, 0x00, 0x00, 0x1E, 0x01, 0x11, 0x0E, 0x00, 0x00, 0x1E,
    0x01, 0x11, 0x0E, 0x00, 0x00, 0x1E, 0x01, 0x11, 0x0E, 0x00, 0x00, 0x1E, 0x01, 0x11, 0x0E, 0x00,
    0x00, 0x1E, 0x01, 0x11, 0x0E, 0x00, 0x00, 0x1E, 0x01, 0x11, 0x0E, 0x00, 0x00, 0x1E, 0x01, 0x11,
    0x0E, 0x00, 0x00, 0x1E, 0x01, 0x11, 0x0E, 0x00, 0x00, 0x1E, 0x01, 0x11, 0x0E, 0x00, 0x00, 0x1E,
    0x01, 0x11, 0x0E, 0x00, 0x00, 0x1E, 0x01, 0x11, 0x0E, 0x00, 0x00, 0x1E, 0x01, 0x11, 0x0E, 0x00,
    0x00, 0x1E, 0x01, 0x11, 0x0E, 0x00, 0x00, 0x1E, 0x01, 0x11, 0x0E, 0x00, 0x00, 0x1E, 0x01, 0x11,
    0x0E, 0x00, 0x00, 0x1E, 0x01, 0x11, 0x0E, 0x00, 0x00, 0x1E, 0x01, 0x11, 0x0E, 0x00, 0x00, 0x1E,
    0x01, 0x11, 0x0E, 0x00, 0x00, 0x1E, 0x01, 0x11, 0x0E, 0x00, 0x00, 0x1E, 0x01, 0x11, 0x0E, 0x00,
    0x00, 0x1E, 0x01, 0x11, 0x0E, 0x00, 0x00, 0x1E, 0x01, 0x11, 0x0E, 0x00, 0x00, 0x1E, 0x01, 0x11,
    0x0E, 0x00, 0x00, 0x1E, 0x01, 0x11, 0x0E, 0x00, 0x00, 0x1E, 0x01, 0x11, 0x0E, 0x00, 0x00, 0x1E,
    0x01, 0x11, 0x0E, 0x00, 0x00, 0x1E, 0x01, 0x11, 0x0E, 0x00, 0x00, 0x1E, 0x01, 0x11, 0x0E, 0x00,
    0x00, 0x1E, 0x01, 0x11, 0x0E, 0x00, 0x00, 0x1E, 0x01, 0x11, 0x24, 0x00, 0x00, 0x01, 0x00, 0x01,
    0x07, 0x01, 0x11, 0x24, 0x00, 0x00, 0x01, 0x00, 0x01, 0x07, 0x01, 0x11, 0x24, 0x00, 0x00, 0x01,
    0x00, 0x01, 0x07, 0x01, 0x11, 0x24, 0x00, 0x00, 0x01, 0x00, 0x01, 0x07, 0x01, 0x11, 0x24, 0x00,
    0x00, 0x01, 0x00, 0x01, 0x07, 0x01, 0x11, 0x24, 0x00, 0x00, 0x01, 0x00, 0x01, 0x07, 0x01, 0x11,
    0x24, 0x00, 0x00, 0x01, 0x00, 0x01, 0x07, 0x01, 0x11, 0x24, 0x00, 0x00, 0x01, 0x00, 0x01, 0x07,
    0x01, 0x11, 0x24, 0x00, 0x00, 0x01, 0x00, 0x01, 0x07, 0x01, 0x11, 0x24, 0x00, 0x00, 0x01, 0x00,
    0x01, 0x07, 0x01, 0x11, 0x24, 0x00, 0x00, 0x01, 0x00, 0x01, 0x07, 0x01, 0x11, 0x24, 0x00, 0x00,
    0x01, 0x00, 0x01, 0x07, 0x01, 0x11, 0x24, 0x00, 0x00, 0x01, 0x00, 0x01, 0x07, 0x01, 0x11, 0x24,
    0x00, 0x00, 0x01, 0x00, 0x01, 0x07, 0x01, 0x11, 0x24, 0x00, 0x00, 0x01, 0x00, 0x01, 0x07, 0x01,
    0x11, 0x24, 0x00, 0x00, 0x01, 0x00, 0x01, 0x07, 0x01, 0x11, 0x24, 0x00, 0x00, 0x01, 0x00, 0x01,
    0x07, 0x01, 0x11, 0x24, 0x00, 0x00, 0x01, 0x00, 0x01, 0x07, 0x01, 0x11, 0x24, 0x00, 0x00, 0x01,
    0x00, 0x01, 0x07, 0x01, 0x11, 0x24, 0x00, 0x00, 0x01, 0x00, 0x01, 0x07, 0x01, 0x11, 0x24, 0x00,
    0x00, 0x01, 0x00, 0x01, 0x07, 0x01, 0x11, 0x24, 0x00, 0x00, 0x01, 0x00, 0x01, 0x07, 0x01, 0x11,
    0x24, 0x00, 0x00, 0x01, 0x00, 0x01, 0x07, 0x01, 0x11, 0x24, 0x00, 0x00, 0x01, 0x00, 0x01, 0x07,
    0x01, 0x11, 0x24, 0x00, 0x00, 0x01, 0x00, 0x01, 0x07, 0x01, 0x11, 0x24, 0x00, 0x00, 0x01, 0x00,
    0x01, 0x07, 0x01, 0x11, 0x24, 0x00, 0x00, 0x01, 0x00, 0x01, 0x07, 0x01, 0x11, 0x24, 0x00, 0x00,
    0x01, 0x00, 0x01, 0x07, 0x01, 0x11, 0x24, 0x00, 0x00, 0x01, 0x00, 0x01, 0x07, 0x01, 0x11, 0x24,
    0x00, 0x00, 0x01, 0x00, 0x01, 0x07, 0x01, 0x11, 0x24, 0x00, 0x00, 0x01, 0x00, 0x01, 0x07, 0x01,
    0x11, 0x24, 0x00, 0x00, 0x01, 0x00, 0x01, 0x07, 0x01, 0x11, 0x24, 0x00, 0x00, 0x01, 0x00, 0x01,
    0x07, 0x01, 0x11, 0x24, 0x00, 0x00, 0x01, 0x00, 0x01, 0x07, 0x01, 0x11, 0x24, 0x00, 0x00, 0x01,
    0x00, 0x01, 0x07, 0x01, 0x11, 0x24, 0x00, 0x00, 0x01, 0x00, 0x01, 0x07, 0x01, 0x11, 0x24, 0x00,
    0x00, 0x01, 0x00, 0x01, 0x07, 0x01, 0x11, 0x24, 0x00, 0x00, 0x01, 0x00, 0x01, 0x07, 0x01, 0x11,
    0x24, 0x00, 0x00, 0x01, 0x00, 0x01, 0x07, 0x01, 0x11, 0x24, 0x00, 0x00, 0x01, 0x00, 0x01, 0x07,
    0x01, 0x11, 0x24, 0x00, 0x00, 0x01, 0x00, 0x01, 0x07, 0x01, 0x11, 0x24, 0x00, 0x00, 0x01, 0x00,
    0x01, 0x07, 0x01, 0x11, 0x24, 0x00, 0x00, 0x01, 0x00, 0x01, 0x07, 0x01, 0x11, 0x24, 0x00, 0x00,
    0x01, 0x00, 0x01, 0x07, 0x01, 0x11, 0x24, 0x00, 0x00, 0x01, 0x00, 0x01, 0x07, 0x01, 0x11, 0x24,
    0x00, 0x00, 0x01, 0x00, 0x01, 0x07, 0x01, 0x11, 0x24, 0x00, 0x00, 0x01, 0x00, 0x01, 0x07, 0x01,
    0x11, 0x24, 0x00, 0x00, 0x01, 0x00, 0x01, 0x07, 0x01, 0x11, 0x24, 0x00, 0x00, 0x01, 0x00, 0x01,
    0x07, 0x01, 0x11, 0x24, 0x00, 0x00, 0x01, 0x00, 0x01, 0x61, 0x00, 0x11, 0x01, 0x00, 0x33, 0x01,
    0x00, 0x31, 0x1D, 0x00, 0x11, 0x57, 0x00, 0x33, 0x01, 0x00, 0x31, 0x2F, 0x00, 0x11, 0x24, 0x00,
    0x00, 0x01, 0x00, 0x01, 0x61, 0x00, 0x11, 0x02, 0x00, 0x33, 0x1B, 0x00, 0x11, 0x01, 0x00, 0x13,
    0x5A, 0x00, 0x33, 0x2E, 0x00, 0x11, 0x24, 0x00, 0x00, 0x01, 0x00, 0x01, 0x61, 0x00, 0x11, 0x03,
    0x00, 0x33, 0x19, 0x00, 0x11, 0x01, 0x00, 0x13, 0x5C, 0x00, 0x33, 0x2D, 0x00, 0x11, 0x24, 0x00,
    0x00, 0x01, 0x00, 0x01, 0x61, 0x00, 0x11, 0x03, 0x00, 0x33, 0x01, 0x00, 0x31, 0x18, 0x00, 0x11,
    0x5D, 0x00, 0x33, 0x01, 0x00, 0x31, 0x2C, 0x00, 0x11, 0x24, 0x00, 0x00, 0x01, 0x00, 0x01, 0x61,
    0x00, 0x11, 0x04, 0x00, 0x33, 0x17, 0x00, 0x11, 0x5F, 0x00, 0x33, 0x01, 0x00, 0x31, 0x2B, 0x00,
    0x11, 0x24, 0x00, 0x00, 0x01, 0x00, 0x01, 0x61, 0x00, 0x11, 0x04, 0x00, 0x33, 0x01, 0x00, 0x31,
    0x15, 0x00, 0x11, 0x01, 0x00, 0x13, 0x60, 0x00, 0x33, 0x2B, 0x00, 0x11, 0x24, 0x00, 0x00, 0x01,
    0x00, 0x01, 0x61, 0x00, 0x11, 0x05, 0x00, 0x33, 0x15, 0x00, 0x11, 0x01, 0x00, 0x13, 0x60, 0x00,
    0x33, 0x2B, 0x00, 0x11, 0x24, 0x00, 0x00, 0x01, 0x00, 0x01, 0x61, 0x00, 0x11, 0x05, 0x00, 0x33,
    0x01, 0x00, 0x31, 0x14, 0x00, 0x11, 0x61, 0x00, 0x33, 0x01, 0x00, 0x31, 0x2A, 0x00, 0x11, 0x24,
    0x00, 0x00, 0x01, 0x00, 0x01, 0x61, 0x00, 0x11, 0x05, 0x00, 0x33, 0x01, 0x00, 0x31, 0x13, 0x00,
    0x11, 0x01, 0x00, 0x13, 0x62, 0x00, 0x33, 0x2A, 0x00, 0x11, 0x24, 0x00, 0x00, 0x01, 0x00, 0x01,
    0x61, 0x00, 0x11, 0x06, 0x00, 0x33, 0x13, 0x00, 0x11, 0x01, 0x00, 0x13, 0x62, 0x00, 0x33, 0x2A,
    0x00, 0x11, 0x24, 0x00, 0x00, 0x01, 0x00, 0x01, 0x61, 0x00, 0x11, 0x06, 0x00, 0x33, 0x01, 0x00,
    0x31, 0x12, 0x00, 0x11, 0x63, 0x00, 0x33, 0x01, 0x00, 0x31, 0x29, 0x00, 0x11, 0x24, 0x00, 0x00,
    0x01, 0x00, 0x01, 0x61, 0x00, 0x11, 0x06, 0x00, 0x33, 0x01, 0x00, 0x31, 0x12, 0x00, 0x11, 0x63,
    0x00, 0x33, 0x01, 0x00, 0x31, 0x29, 0x00, 0x11, 0x24, 0x00, 0x00, 0x01, 0x00, 0x01, 0x61, 0x00,
    0x11, 0x06, 0x00, 0x33, 0x01, 0x00, 0x31, 0x12, 0x00, 0x11, 0x63, 0x00, 0x33, 0x01, 0x00, 0x31,
    0x29, 0x00, 0x11, 0x24, 0x00, 0x00, 0x01, 0x00, 0x01, 0x61, 0x00, 0x11, 0x07, 0x00, 0x33, 0x11,
    0x00, 0x11, 0x01, 0x00, 0x13, 0x64, 0x00, 0x33, 0x29, 0x00, 0x11, 0x24, 0x00, 0x00, 0x01, 0x00,
    0x01, 0x61, 0x00, 0x11, 0x07, 0x00, 0x33, 0x11, 0x00, 0x11, 0x01, 0x00, 0x13, 0x64, 0x00, 0x33,
    0x29, 0x00, 0x11, 0x24, 0x00, 0x00, 0x01, 0x00, 0x01, 0x61, 0x00, 0x11, 0x07, 0x00, 0x33, 0x11,
    0x00, 0x11, 0x01, 0x00, 0x13, 0x64, 0x00, 0x33, 0x29, 0x00, 0x11, 0x24, 0x00, 0x00, 0x01, 0x00,
    0x01, 0x61, 0x00, 0x11, 0x07, 0x00, 0x33, 0x01, 0x00, 0x31, 0x10, 0x00, 0x11, 0x01, 0x00, 0x13,
    0x64, 0x00, 0x33, 0x29, 0x00, 0x11, 0x24, 0x00, 0x00, 0x01, 0x00, 0x01, 0x61, 0x00, 0x11, 0x07,
    0x00, 0x33, 0x01, 0x00, 0x31, 0x10, 0x00, 0x11, 0x01, 0x00, 0x13, 0x64, 0x00, 0x33, 0x29, 0x00,
    0x11, 0x24, 0x00, 0x00, 0x01, 0x00, 0x01, 0x61, 0x00, 0x11, 0x07, 0x00, 0x33, 0x01, 0x00, 0x31,
    0x10, 0x00, 0x11, 0x01, 0x00, 0x13, 0x64, 0x00, 0x33, 0x29, 0x00, 0x11, 0x24, 0x00, 0x00, 0x01,
    0x00, 0x01, 0x61, 0x00, 0x11, 0x07, 0x00, 0x33, 0x01, 0x00, 0x31, 0x10, 0x00, 0x11, 0x01, 0x00,
    0x13, 0x64, 0x00, 0x33, 0x29, 0x00, 0x11, 0x24, 0x00, 0x00, 0x01, 0x00, 0x01, 0x61, 0x00, 0x11,
    0x07, 0x00, 0x33, 0x01, 0x00, 0x31, 0x10, 0x00, 0x11, 0x01, 0x00, 0x13, 0x64, 0x00, 0x33, 0x29,
    0x00, 0x11, 0x24, 0x00, 0x00, 0x01, 0x00, 0x01, 0x61, 0x00, 0x11, 0x07, 0x00, 0x33, 0x01, 0x00,
    0x31, 0x10, 0x00, 0x11, 0x01, 0x00, 0x13, 0x64, 0x00, 0x33, 0x29, 0x00, 0x11, 0x24, 0x00, 0x00,
    0x01, 0x00, 0x01, 0x61, 0x00, 0x11, 0x07, 0x00, 0x33, 0x01, 0x00, 0x31, 0x10, 0x00, 0x11, 0x01,
    0x00, 0x13, 0x64, 0x00, 0x33, 0x29, 0x00, 0x11, 0x24, 0x00, 0x00, 0x01, 0x00, 0x01, 0x61, 0x00,
    0x11, 0x07, 0x00, 0x33, 0x01, 0x00, 0x31, 0x10, 0x00, 0x11, 0x01, 0x00, 0x13, 0x64, 0x00, 0x33,
    0x29, 0x00, 0x11, 0x24, 0x00, 0x00, 0x01, 0x00, 0x01, 0x61, 0x00, 0x11, 0x07, 0x00, 0x33, 0x01,
    0x00, 0x31, 0x10, 0x00, 0x11, 0x01, 0x00, 0x13, 0x64, 0x00, 0x33, 0x29, 0x00, 0x11, 0x24, 0x00,
    0x00, 0x01, 0x00, 0x01, 0x61, 0x00, 0x11, 0x07, 0x00, 0x33, 0x11, 0x00, 0x11, 0x01, 0x00, 0x13,
    0x64, 0x00, 0x33, 0x29, 0x00, 0x11, 0x24, 0x00, 0x00, 0x01, 0x00, 0x01, 0x61, 0x00, 0x11, 0x07,
    0x00, 0x33, 0x11, 0x00, 0x11, 0x01, 0x00, 0x13, 0x64, 0x00, 0x33, 0x29, 0x00, 0x11, 0x24, 0x00,
    0x00, 0x01, 0x00, 0x01, 0x61, 0x00, 0x11, 0x07, 0x00, 0x33, 0x11, 0x00, 0x11, 0x01, 0x00, 0x13,
    0x64, 0x00, 0x33, 0x29, 0x00, 0x11, 0x24, 0x00, 0x00, 0x01, 0x00, 0x01, 0x61, 0x00, 0x11, 0x06,
    0x00, 0x33, 0x01, 0x00, 0x31, 0x12, 0x00, 0x11, 0x63, 0x00, 0x33, 0x01, 0x00, 0x31, 0x29, 0x00,
    0x11, 0x24, 0x00, 0x00, 0x01, 0x00, 0x01, 0x61, 0x00, 0x11, 0x06, 0x00, 0x33, 0x01, 0x00, 0x31,
    0x12, 0x00, 0x11, 0x63, 0x00, 0x33, 0x01, 0x00, 0x31, 0x29, 0x00, 0x11, 0x24, 0x00, 0x00, 0x01,
    0x00, 0x01, 0x61, 0x00, 0x11, 0x06, 0x00, 0x33, 0x01, 0x00, 0x31, 0x12, 0x00, 0x11, 0x63, 0x00,
    0x33, 0x01, 0x00, 0x31, 0x29, 0x00, 0x11, 0x24, 0x00, 0x00, 0x01, 0x00, 0x01, 0x61, 0x00, 0x11,
    0x06, 0x00, 0x33, 0x13, 0x00, 0x11, 0x01, 0x00, 0x13, 0x62, 0x00, 0x33, 0x2A, 0x00, 0x11, 0x24,
    0x00, 0x00, 0x01, 0x00, 0x01, 0x61, 0x00, 0x11, 0x05, 0x00, 0x33, 0x01, 0x00, 0x31, 0x13, 0x00,
    0x11, 0x01, 0x00, 0x13, 0x62, 0x00, 0x33, 0x2A, 0x00, 0x11, 0x24, 0x00, 0x00, 0x01, 0x00, 0x01,
    0x61, 0x00, 0x11, 0x05, 0x00, 0x33, 0x01, 0x00, 0x31, 0x14, 0x00, 0x11, 0x61, 0x00, 0x33, 0x01,
    0x00, 0x31, 0x2A, 0x00, 0x11, 0x24, 0x00, 0x00, 0x01, 0x00, 0x01, 0x61, 0x00, 0x11, 0x05, 0x00,
    0x33, 0x15, 0x00, 0x11, 0x01, 0x00, 0x13, 0x60, 0x00, 0x33, 0x2B, 0x00, 0x11, 0x24, 0x00, 0x00,
    0x01, 0x00, 0x01, 0x61, 0x00, 0x11, 0x04, 0x00, 0x33, 0x01, 0x00, 0x31, 0x15, 0x00, 0x11, 0x01,
    0x00, 0x13, 0x60, 0x00, 0x33, 0x2B, 0x00, 0x11, 0x24, 0x00, 0x00, 0x01, 0x00, 0x01, 0x61, 0x00,
    0x11, 0x04, 0x00, 0x33, 0x17, 0x00, 0x11, 0x5F, 0x00, 0x33, 0x01, 0x00, 0x31, 0x2B, 0x00, 0x11,
    0x24, 0x00, 0x00, 0x01, 0x00, 0x01, 0x61, 0x00, 0x11, 0x03, 0x00, 0x33, 0x01, 0x00, 0x31, 0x18,
    0x00, 0x11, 0x5D, 0x00, 0x33, 0x01, 0x00, 0x31, 0x2C, 0x00, 0x11, 0x24, 0x00, 0x00, 0x01, 0x00,
    0x01, 0x61, 0x00, 0x11, 0x03, 0x00, 0x33, 0x19, 0x00, 0x11, 0x01, 0x00, 0x13, 0x5C, 0x00, 0x33,
    0x2D, 0x00, 0x11, 0x24, 0x00, 0x00, 0x01, 0x00, 0x01, 0x61, 0x00, 0x11, 0x02, 0x00, 0x33, 0x1B,
    0x00, 0x11, 0x01, 0x00, 0x13, 0x5A, 0x00, 0x33, 0x2E, 0x00, 0x11, 0x24, 0x00, 0x00, 0x01, 0x00,
    0x01, 0x61, 0x00, 0x11, 0x01, 0x00, 0x33, 0x01, 0x00, 0x31, 0x1D, 0x00, 0x11, 0x57, 0x00, 0x33,
    0x01, 0x00, 0x31, 0x2F, 0x00, 0x11, 0x24, 0x00, 0x00, 0x01, 0x00, 0x01, 0x07, 0x01, 0x11, 0x24,
    0x00, 0x00, 0x01, 0x00, 0x01, 0x07, 0x01, 0x11, 0x24, 0x00, 0x00, 0x01, 0x00, 0x01, 0x07, 0x01,
    0x11, 0x24, 0x00, 0x00, 0x01, 0x00, 0x01, 0x07, 0x01, 0x11, 0x24, 0x00, 0x00, 0x01, 0x00, 0x01,
    0x07, 0x01, 0x11, 0x24, 0x00, 0x00, 0x01, 0x00, 0x01, 0x07, 0x01, 0x11, 0x24, 0x00, 0x00, 0x01,
    0x00, 0x01, 0x07, 0x01, 0x11, 0x24, 0x00, 0x00, 0x01, 0x00, 0x01, 0x07, 0x01, 0x11, 0x24, 0x00,
    0x00, 0x01, 0x00, 0x01, 0x07, 0x01, 0x11, 0x24, 0x00, 0x00, 0x01, 0x00, 0x01, 0x07, 0x01, 0x11,
    0x24, 0x00, 0x00, 0x01, 0x00, 0x01, 0x07, 0x01, 0x11, 0x24, 0x00, 0x00, 0x01, 0x00, 0x01, 0x07,
    0x01, 0x11, 0x24, 0x00, 0x00, 0x01, 0x00, 0x01, 0x07, 0x01, 0x11, 0x24, 0x00, 0x00, 0x01, 0x00,
    0x01, 0x07, 0x01, 0x11, 0x24, 0x00, 0x00, 0x01, 0x00, 0x01, 0x07, 0x01, 0x11, 0x24, 0x00, 0x00,
    0x01, 0x00, 0x01, 0x07, 0x01, 0x11, 0x24, 0x00, 0x00, 0x01, 0x00, 0x01, 0x07, 0x01, 0x11, 0x24,
    0x00, 0x00, 0x01, 0x00, 0x01, 0x07, 0x01, 0x11, 0x24, 0x00, 0x00, 0x01, 0x00, 0x01, 0x07, 0x01,
    0x11, 0x24, 0x00, 0x00, 0x01, 0x00, 0x01, 0x07, 0x01, 0x11, 0x24, 0x00, 0x00, 0x01, 0x00, 0x01,
    0x07, 0x01, 0x11, 0x24, 0x00, 0x00, 0x01, 0x00, 0x01, 0x07, 0x01, 0x11, 0x24, 0x00, 0x00, 0x01,
    0x00, 0x01, 0x07, 0x01, 0x11, 0x24, 0x00, 0x00, 0x01, 0x00, 0x01, 0x07, 0x01, 0x11, 0x24, 0x00,
    0x00, 0x01, 0x00, 0x01, 0x07, 0x01, 0x11, 0x24, 0x00, 0x00, 0x01, 0x00, 0x01, 0x07, 0x01, 0x11,
    0x24, 0x00, 0x00, 0x01, 0x00, 0x01, 0x07, 0x01, 0x11, 0x24, 0x00, 0x00, 0x01, 0x00, 0x01, 0x07,
    0x01, 0x11, 0x24, 0x00, 0x00, 0x01, 0x00, 0x01, 0x07, 0x01, 0x11, 0x24, 0x00, 0x00, 0x01, 0x00,
    0x01, 0x07, 0x01, 0x11, 0x24, 0x00, 0x00, 0x01, 0x00, 0x01, 0x07, 0x01, 0x11, 0x24, 0x00, 0x00,
    0x01, 0x00, 0x01, 0x07, 0x01, 0x11, 0x24, 0x00, 0x00, 0x01, 0x00, 0x01, 0x07, 0x01, 0x11, 0x24,
    0x00, 0x00, 0x01, 0x00, 0x01, 0x07, 0x01, 0x11, 0x24, 0x00, 0x00, 0x01, 0x00, 0x01, 0x07, 0x01,
    0x11, 0x24, 0x00, 0x00, 0x01, 0x00, 0x01, 0x07, 0x01, 0x11, 0x24, 0x00, 0x00, 0x01, 0x00, 0x01,
    0x07, 0x01, 0x11, 0x24, 0x00, 0x00, 0x01, 0x00, 0x01, 0x07, 0x01, 0x11, 0x24, 0x00, 0x00, 0x01,
    0x00, 0x01, 0x07, 0x01, 0x11, 0x24, 0x00, 0x00, 0x01, 0x00, 0x01, 0x07, 0x01, 0x11, 0x24, 0x00,
    0x00, 0x01, 0x00, 0x01, 0x07, 0x01, 0x11, 0x24, 0x00, 0x00, 0x01, 0x00, 0x01, 0x07, 0x01, 0x11,
    0x24, 0x00, 0x00, 0x01, 0x00, 0x01, 0x07, 0x01, 0x11, 0x24, 0x00, 0x00, 0x01, 0x00, 0x01, 0x07,
    0x01, 0x11, 0x24, 0x00, 0x00, 0x01, 0x00, 0x01, 0x07, 0x01, 0x11, 0x24, 0x00, 0x00, 0x01, 0x00,
    0x01, 0x07, 0x01, 0x11, 0x24, 0x00, 0x00, 0x01, 0x00, 0x01, 0x07, 0x01, 0x11, 0x24, 0x00, 0x00,
    0x01, 0x00, 0x01, 0x07, 0x01, 0x11, 0x24, 0x00, 0x00, 0x01, 0x00, 0x01, 0x07, 0x01, 0x11, 0x24,
    0x00, 0x00, 0x01, 0x00, 0x01, 0x07, 0x01, 0x11, 0x24, 0x00, 0x00, 0x01, 0x00, 0x01, 0x07, 0x01,
    0x11, 0x0E, 0x00, 0x00, 0x1E, 0x01, 0x11, 0x0E, 0x00, 0x00, 0x1E, 0x01, 0x11, 0x0E, 0x00, 0x00,
    0x1E, 0x01, 0x11, 0x0E, 0x00, 0x00, 0x1E, 0x01, 0x11, 0x0E, 0x00, 0x00, 0x1E, 0x01, 0x11, 0x0E,
    0x00, 0x00, 0x1E, 0x01, 0x11, 0x0E, 0x00, 0x00, 0x1E, 0x01, 0x11, 0x0E, 0x00, 0x00, 0x1E, 0x01,
    0x11, 0x0E, 0x00, 0x00, 0x1E, 0x01, 0x11, 0x0E, 0x00, 0x00, 0x1E, 0x01, 0x11, 0x0E, 0x00, 0x00,
    0x1E, 0x01, 0x11, 0x0E, 0x00, 0x00, 0x1E, 0x01, 0x11, 0x0E, 0x00, 0x00, 0x1E, 0x01, 0x11, 0x0E,
    0x00, 0x00, 0x1E, 0x01, 0x11, 0x0E, 0x00, 0x00, 0x1E, 0x01, 0x11, 0x0E, 0x00, 0x00, 0x1E, 0x01,
    0x11, 0x0E, 0x00, 0x00, 0x1E, 0x01, 0x11, 0x0E, 0x00, 0x00, 0x1E, 0x01, 0x11, 0x0E, 0x00, 0x00,
    0x1E, 0x01, 0x11, 0x0E, 0x00, 0x00, 0x1E, 0x01, 0x11, 0x0E, 0x00, 0x00, 0x1E, 0x01, 0x11, 0x0E,
    0x00, 0x00, 0x1E, 0x01, 0x11, 0x0E, 0x00, 0x00, 0x1E, 0x01, 0x11, 0x0E, 0x00, 0x00, 0x1E, 0x01,
    0x11, 0x0E, 0x00, 0x00, 0x1E, 0x01, 0x11, 0x0E, 0x00, 0x00, 0x1E, 0x01, 0x11, 0x0E, 0x00, 0x00,
    0x1E, 0x01, 0x11, 0x0E, 0x00, 0x00, 0x1E, 0x01, 0x11, 0x0E, 0x00, 0x00, 0x1E, 0x01, 0x11, 0x0E,
    0x00, 0x00, 0x1E, 0x01, 0x11, 0x0E, 0x00, 0x00, 0x1E, 0x01, 0x11, 0x0E, 0x00, 0x00, 0x1E, 0x01,
    0x11, 0x0E, 0x00, 0x00, 0x1E, 0x01, 0x11, 0x0E, 0x00, 0x00, 0x1E, 0x01, 0x11, 0x0E, 0x00, 0x00,
    0x1E, 0x01, 0x11, 0x0E, 0x00, 0x00, 0x1E, 0x01, 0x11, 0x0E, 0x00, 0x00, 0x1E, 0x01, 0x11, 0x0E,
    0x00, 0x00, 0x1E, 0x01, 0x11, 0x0E, 0x00, 0x00, 0x1E, 0x01, 0x11, 0x0E, 0x00, 0x00, 0x1E, 0x01,
    0x11, 0x0E, 0x00, 0x00, 0x1E, 0x01, 0x11, 0x0E, 0x00, 0x00, 0x1E, 0x01, 0x11, 0x0E, 0x00, 0x00,
    0x1E, 0x01, 0x11, 0x0E, 0x00, 0x00, 0x1E, 0x01, 0x11, 0x0E, 0x00, 0x00, 0x1E, 0x01, 0x11, 0x0E,
    0x00, 0x00, 0x1E, 0x01, 0x11, 0x0E, 0x00, 0x00, 0x1E, 0x01, 0x11, 0x0E, 0x00, 0x00, 0x1E, 0x01,
    0x11, 0x0E, 0x00, 0x00, 0x1E, 0x01, 0x11, 0x0E, 0x00, 0x00, 0x1E, 0x01, 0x11, 0x0E, 0x00, 0x00,
    0x1E, 0x01, 0x11, 0x0E, 0x00, 0x00, 0x1E, 0x01, 0x11, 0x0E, 0x00, 0x00, 0x1E, 0x01, 0x11, 0x0E,
    0x00, 0x00, 0x1E, 0x01, 0x11, 0x0E, 0x00, 0x00, 0x1E, 0x01, 0x11, 0x0E, 0x00, 0x00, 0x1E, 0x01,
    0x11, 0x0E, 0x00, 0x00, 0x1E, 0x01, 0x11, 0x0E, 0x00, 0x00, 0x1E, 0x01, 0x11, 0x0E, 0x00, 0x00,
    0x1E, 0x01, 0x11, 0x0E, 0x00, 0x00, 0x1E, 0x01, 0x11, 0x0E, 0x00, 0x00, 0x1E, 0x01, 0x11, 0x0E,
    0x00, 0x00, 0x1E, 0x01, 0x11, 0x0E, 0x00, 0x00, 0x1E, 0x01, 0x11, 0x0E, 0x00, 0x00, 0x1E, 0x01,
    0x11, 0x0E, 0x00, 0x00, 0x1E, 0x01, 0x11, 0x0E, 0x00, 0x00, 0x1E, 0x01, 0x11, 0x0E, 0x00, 0x00,
    0x1E, 0x01, 0x11, 0x0E, 0x00, 0x00, 0x1E, 0x01, 0x11, 0x0E, 0x00, 0x00, 0x1E, 0x01, 0x11, 0x0E,
    0x00, 0x00, 0x1E, 0x01, 0x11, 0x0E, 0x00, 0x00, 0x1E, 0x01, 0x11, 0x0E, 0x00, 0x00, 0x1E, 0x01,
    0x11, 0x0E, 0x00, 0x00, 0x1E, 0x01, 0x11, 0x0E, 0x00, 0x00, 0x1E, 0x01, 0x11, 0x0E, 0x00, 0x00,
    0x1E, 0x01, 0x11, 0x0E, 0x00, 0x00, 0x1E, 0x01, 0x11, 0x0E, 0x00, 0x00, 0x1E, 0x01, 0x11, 0x0E,
    0x00, 0x00, 0x1E, 0x01, 0x11, 0x0E, 0x00, 0x00, 0x1E, 0x01, 0x11, 0x0E, 0x00, 0x00, 0x1E, 0x01,
    0x11, 0x0E, 0x00, 0x00, 0x1E, 0x01, 0x11, 0x0E, 0x00, 0x00, 0x78, 0x00, 0x11, 0xB4, 0x00, 0x00,
    0x78, 0x00, 0x11, 0xB4, 0x00, 0x00, 0x78, 0x00, 0x11, 0xB4, 0x00, 0x00, 0x78, 0x00, 0x11, 0xB4,
    0x00, 0x00, 0x78, 0x00, 0x11, 0xB4, 0x00, 0x00, 0x78, 0x00, 0x11, 0xB4, 0x00, 0x00, 0x78, 0x00,
    0x11, 0xB4, 0x00, 0x00, 0x78, 0x00, 0x11, 0xB4, 0x00, 0x00, 0x78, 0x00, 0x11, 0xB4, 0x00, 0x00,
    0x78, 0x00, 0x11, 0xB4, 0x00, 0x00, 0x78, 0x00, 0x11, 0xB4, 0x00, 0x00, 0x78, 0x00, 0x11, 0xB4,
    0x00, 0x00, 0x78, 0x00, 0x11, 0xB4, 0x00, 0x00, 0x78, 0x00, 0x11, 0xB4, 0x00, 0x00, 0x78, 0x00,
    0x11, 0xB4, 0x00, 0x00, 0x78, 0x00, 0x11, 0xB4, 0x00, 0x00, 0x78, 0x00, 0x11, 0xB4, 0x00, 0x00,
    0x78, 0x00, 0x11, 0xB4, 0x00, 0x00, 0x78, 0x00, 0x11, 0xB4, 0x00, 0x00, 0x78, 0x00, 0x11, 0xB4,
    0x00, 0x00, 0x78, 0x00, 0x11, 0xB4, 0x00, 0x00, 0x78, 0x00, 0x11, 0xB4, 0x00, 0x00, 0x78, 0x00,
    0x11, 0xB4, 0x00, 0x00, 0x78, 0x00, 0x11, 0xB4, 0x00, 0x00, 0x78, 0x00, 0x11, 0xB4, 0x00, 0x00,
    0x78, 0x00, 0x11, 0xB4, 0x00, 0x00, 0x78, 0x00, 0x11, 0xB4, 0x00, 0x00, 0x78, 0x00, 0x11, 0xB4,
    0x00, 0x00, 0xFF, 0xFF, 0x11, 0xFF, 0xFF, 0x11, 0xDE, 0xD5, 0x11
};

bool decompressImage(uint8_t *dest, size_t destLen, bool portrait) {
    if (!dest || destLen < 960000) return false;
    const uint8_t *rleData = portrait ? LOW_BATTERY_PORTRAIT_RLE_DATA : LOW_BATTERY_LANDSCAPE_RLE_DATA;
    const size_t rleSize = portrait ? LOW_BATTERY_PORTRAIT_RLE_SIZE : LOW_BATTERY_LANDSCAPE_RLE_SIZE;
    size_t inIdx = 0;
    size_t outIdx = 0;
    while (inIdx + 3 <= rleSize && outIdx < destLen) {
        uint16_t count = (uint16_t)rleData[inIdx] | ((uint16_t)rleData[inIdx + 1] << 8);
        uint8_t val = rleData[inIdx + 2];
        inIdx += 3;
        size_t toWrite = count;
        if (outIdx + toWrite > destLen) toWrite = destLen - outIdx;
        memset(dest + outIdx, val, toWrite);
        outIdx += toWrite;
    }
    return (outIdx == 960000);
}

}  // namespace low_battery
